CustomerID,total_sales,unique_products,number_of_invoices,purchase_days,cancelled_invoices,cancellation_value,net_sales,average_order_value,total_invoice_activity,cancellation_rate
13313,1555.32,47,5,5,0,0.0,1555.32,311.06399999999996,5,0.0
18097,2479.88,64,5,4,1,4.95,2474.93,495.976,6,0.16666666666666666
16656,8197.039999999999,14,14,14,6,57.559999999999995,8139.48,585.5028571428571,20,0.3
16875,2095.53,93,5,4,4,72.06,2023.47,419.10600000000005,9,0.4444444444444444
13094,1703.64,4,11,11,4,218.46000000000004,1485.18,154.87636363636364,15,0.26666666666666666
17315,6172.31,239,37,34,4,37.9,6134.41,166.8191891891892,41,0.0975609756097561
14606,10842.39,773,85,82,32,421.9,10420.49,127.5575294117647,117,0.27350427350427353
15379,2211.83,98,6,6,1,71.4,2140.4300000000003,368.6383333333333,7,0.14285714285714285
16255,2245.66,141,7,7,2,10.61,2235.05,320.8085714285714,9,0.2222222222222222
13319,9294.47,191,22,15,8,131.10999999999999,9163.36,422.47590909090906,30,0.26666666666666666
16282,168.3,11,1,1,0,0.0,168.3,168.3,1,0.0
13963,513.24,28,3,3,0,0.0,513.24,171.08,3,0.0
12957,4017.54,208,8,7,4,38.5,3979.04,502.1925,12,0.3333333333333333
14462,1980.57,150,11,9,4,38.120000000000005,1942.45,180.05181818181816,15,0.26666666666666666
17841,38051.72,1293,118,106,43,641.2900000000001,37410.43,322.4722033898305,161,0.2670807453416149
17188,1960.59,67,6,5,1,89.15,1871.44,326.765,7,0.14285714285714285
15039,18474.93,385,45,40,5,128.0,18346.93,410.55400000000003,50,0.1
17428,16362.9,243,26,19,5,178.4,16184.5,629.3423076923077,31,0.16129032258064516
14210,1600.89,60,5,5,1,4.95,1595.94,320.178,6,0.16666666666666666
14180,3852.27,98,21,21,6,107.75,3744.52,183.44142857142856,27,0.2222222222222222
16029,67738.31999999999,42,57,35,13,27682.149999999998,40056.17,1188.3915789473683,70,0.18571428571428572
17975,3861.77,179,11,11,1,95.2,3766.57,351.07,12,0.08333333333333333
13397,1544.13,28,5,5,1,4.95,1539.18,308.826,6,0.16666666666666666
13680,3719.12,164,4,4,1,1520.1100000000001,2199.01,929.78,5,0.2
15164,824.58,79,3,3,0,0.0,824.58,274.86,3,0.0
17457,1737.7,14,5,5,0,0.0,1737.7,347.54,5,0.0
14732,2702.4900000000002,105,8,8,2,16.15,2686.34,337.81125000000003,10,0.2
16814,6143.41,116,20,20,1,8.5,6134.91,307.1705,21,0.047619047619047616
16725,437.82,51,4,4,1,5.95,431.87,109.455,5,0.2
14221,3432.8,123,9,7,1,4.95,3427.85,381.4222222222222,10,0.1
14553,859.27,103,5,4,0,0.0,859.27,171.85399999999998,5,0.0
13253,1030.4,35,2,2,0,0.0,1030.4,515.2,2,0.0
15373,1878.81,72,10,9,1,202.79999999999998,1676.01,187.881,11,0.09090909090909091
16241,2312.66,340,12,11,0,0.0,2312.66,192.72166666666666,12,0.0
15808,1469.82,86,2,2,0,0.0,1469.82,734.91,2,0.0
17389,31833.68,45,34,32,9,533.6,31300.079999999998,936.2847058823529,43,0.20930232558139536
15973,0.0,0,0,0,2,208.04999999999998,-208.04999999999998,0.0,2,1.0
13126,1876.2,117,6,6,2,43.349999999999994,1832.85,312.7,8,0.25
15498,12339.68,346,25,16,7,638.9399999999999,11700.74,493.5872,32,0.21875
15235,1552.8700000000001,96,9,7,0,0.0,1552.8700000000001,172.54111111111112,9,0.0
17675,19355.16,239,29,27,9,200.58,19154.58,667.4193103448276,38,0.23684210526315788
16145,3496.71,123,10,10,6,45.91,3450.8,349.671,16,0.375
13694,62142.58,339,48,33,9,2337.08,59805.5,1294.6370833333333,57,0.15789473684210525
13798,32983.19,102,55,51,4,374.02000000000004,32609.170000000002,599.6943636363637,59,0.06779661016949153
15002,1010.11,68,3,3,0,0.0,1010.11,336.7033333333333,3,0.0
14189,4342.84,172,14,13,9,49.769999999999996,4293.07,310.20285714285717,23,0.391304347826087
12921,15899.29,227,35,21,13,197.35000000000005,15701.94,454.2654285714286,48,0.2708333333333333
15841,1224.06,36,4,4,2,14.959999999999999,1209.1,306.015,6,0.3333333333333333
15311,57972.74,540,82,81,23,1281.11,56691.63,706.9846341463415,105,0.21904761904761905
16112,195.73999999999998,15,4,4,0,0.0,195.73999999999998,48.934999999999995,4,0.0
15769,56160.92,25,25,21,3,4429.0,51731.92,2246.4368,28,0.10714285714285714
16719,1339.49,84,6,6,1,16.5,1322.99,223.24833333333333,7,0.14285714285714285
13089,52808.87,623,89,61,19,1319.95,51488.92,593.3580898876405,108,0.17592592592592593
18109,7452.17,115,24,23,5,127.64999999999999,7324.52,310.50708333333336,29,0.1724137931034483
13629,7792.36,28,11,11,0,0.0,7792.36,708.3963636363636,11,0.0
16600,813.52,50,6,6,0,0.0,813.52,135.58666666666667,6,0.0
13715,582.71,57,2,2,1,5.0,577.71,291.355,3,0.3333333333333333
14527,7581.64,308,51,50,27,699.8399999999999,6881.8,148.65960784313725,78,0.34615384615384615
13767,14781.0,48,31,25,14,272.55000000000007,14508.45,476.80645161290323,45,0.3111111111111111
15661,309.8,4,2,2,0,0.0,309.8,154.9,2,0.0
16353,6165.71,51,19,16,0,0.0,6165.71,324.51105263157893,19,0.0
16532,6748.8,2,3,3,0,0.0,6748.8,2249.6,3,0.0
17511,84351.3,419,28,25,14,2860.68,81490.62,3012.546428571429,42,0.3333333333333333
16316,2630.69,107,7,6,4,183.35,2447.34,375.8128571428571,11,0.36363636363636365
16033,8471.08,531,18,16,7,88.79000000000002,8382.29,470.61555555555555,25,0.28
15984,2657.93,215,9,9,1,20.700000000000003,2637.23,295.3255555555555,10,0.1
13199,9105.32,47,36,31,1,13.16,9092.16,252.92555555555555,37,0.02702702702702703
14739,3188.4,40,6,6,1,3.18,3185.22,531.4,7,0.14285714285714285
15093,3973.29,48,5,5,2,7.73,3965.56,794.658,7,0.2857142857142857
15266,119.3,6,1,1,0,0.0,119.3,119.3,1,0.0
14653,1926.65,154,7,6,0,0.0,1926.65,275.2357142857143,7,0.0
15358,7722.65,277,20,14,6,106.9,7615.75,386.1325,26,0.23076923076923078
16771,2242.61,200,5,5,0,0.0,2242.61,448.52200000000005,5,0.0
17585,1116.68,176,4,4,0,0.0,1116.68,279.17,4,0.0
15046,5090.42,147,15,15,1,149.76,4940.66,339.36133333333333,16,0.0625
17213,2165.38,72,5,4,3,14.350000000000001,2151.03,433.076,8,0.375
13082,3613.63,63,9,7,1,18.15,3595.48,401.51444444444445,10,0.1
13081,25970.6,482,9,8,10,372.9,25597.7,2885.6222222222223,19,0.5263157894736842
15464,1044.65,155,1,1,0,0.0,1044.65,1044.65,1,0.0
15034,3453.76,277,7,6,3,30.95,3422.81,493.39428571428573,10,0.3
15298,4402.3,111,11,10,2,1025.8,3376.5,400.20909090909095,13,0.15384615384615385
12748,28868.19,1602,175,100,12,4597.179999999999,24271.01,164.9610857142857,187,0.06417112299465241
13225,5257.12,19,6,6,1,380.8,4876.320000000001,876.1866666666666,7,0.14285714285714285
14045,1333.35,4,3,2,0,0.0,1333.35,444.45,3,0.0
18226,5228.05,141,11,11,3,35.95,5192.1,475.27727272727276,14,0.21428571428571427
13097,5698.32,211,9,8,4,117.10000000000001,5581.22,633.1466666666666,13,0.3076923076923077
18062,720.52,23,3,3,0,0.0,720.52,240.17333333333332,3,0.0
17949,57196.48,29,44,28,7,5759.64,51436.84,1299.92,51,0.13725490196078433
15271,2381.59,170,14,14,1,21.25,2360.34,170.11357142857145,15,0.06666666666666667
13458,8460.71,229,13,13,7,92.15,8368.56,650.823846153846,20,0.35
14135,3743.26,70,11,11,0,0.0,3743.26,340.29636363636365,11,0.0
14680,25878.71,66,14,14,6,1781.5700000000002,24097.14,1848.4792857142857,20,0.3
17368,1878.87,93,8,8,1,563.15,1315.72,234.85875,9,0.1111111111111111
14618,553.44,10,3,3,0,0.0,553.44,184.48000000000002,3,0.0
14258,12669.98,58,9,8,1,19.9,12650.08,1407.7755555555555,10,0.1
15719,5030.07,299,13,13,1,1.65,5028.42,386.92846153846153,14,0.07142857142857142
13368,623.4,29,2,2,0,0.0,623.4,311.7,2,0.0
17634,2358.59,209,9,9,0,0.0,2358.59,262.0655555555556,9,0.0
15823,0.0,0,0,0,1,855.76,-855.76,0.0,1,1.0
16676,1592.1200000000001,75,4,4,1,33.4,1558.72,398.03000000000003,5,0.2
14299,3536.38,91,8,8,7,660.4200000000002,2875.96,442.0475,15,0.4666666666666667
12841,3485.59,208,23,22,1,145.95,3339.64,151.54739130434783,24,0.041666666666666664
16424,133.56,5,1,1,1,51.0,82.56,133.56,2,0.5
18283,2045.53,263,16,14,0,0.0,2045.53,127.845625,16,0.0
13764,1519.42,183,3,3,0,0.0,1519.42,506.47333333333336,3,0.0
13576,6368.1900000000005,70,17,17,2,14.040000000000001,6354.150000000001,374.5994117647059,19,0.10526315789473684
13093,4036.96,83,5,5,5,91.0,3945.96,807.392,10,0.5
13599,4797.08,160,19,14,10,111.93,4685.150000000001,252.4778947368421,29,0.3448275862068966
18041,3482.48,236,18,18,1,22.25,3460.23,193.4711111111111,19,0.05263157894736842
13408,25085.84,222,57,37,17,600.28,24485.56,440.10245614035085,74,0.22972972972972974
13656,379.65,49,2,2,0,0.0,379.65,189.825,2,0.0
12971,10753.72,88,81,66,1,220.15,10533.57,132.76197530864198,82,0.012195121951219513
14505,4820.83,465,7,7,3,86.94,4733.89,688.6899999999999,10,0.3
15061,34583.479999999996,46,36,25,7,305.4,34278.08,960.6522222222221,43,0.16279069767441862
14312,1611.59,74,6,6,0,0.0,1611.59,268.5983333333333,6,0.0
13280,798.46,67,3,3,0,0.0,798.46,266.15333333333336,3,0.0
15845,3711.77,97,8,8,2,60.9,3650.87,463.97125,10,0.2
13488,7586.39,244,12,11,4,57.7,7528.69,632.1991666666667,16,0.25
15101,215.25,4,1,1,1,7.5,207.75,215.25,2,0.5
16094,1078.23,48,4,3,2,36.4,1041.83,269.5575,6,0.3333333333333333
16705,12903.27,126,18,11,8,86.91,12816.36,716.8483333333334,26,0.3076923076923077
16422,32659.08,65,48,45,22,798.6500000000001,31860.43,680.3975,70,0.3142857142857143
14961,5861.9800000000005,172,7,7,3,38.099999999999994,5823.88,837.4257142857143,10,0.3
14426,4481.67,183,10,7,5,551.57,3930.1,448.16700000000003,15,0.3333333333333333
16306,564.17,34,5,5,3,30.0,534.17,112.83399999999999,8,0.375
13115,2294.78,88,4,4,9,84.15,2210.63,573.695,13,0.6923076923076923
16191,4552.92,63,11,9,12,267.20000000000005,4285.72,413.9018181818182,23,0.5217391304347826
13047,2870.91,100,7,7,8,158.44,2712.4700000000003,410.13,15,0.5333333333333333
17696,2110.11,74,6,6,6,84.66000000000001,2025.45,351.685,12,0.5
14702,2941.34,187,16,16,1,41.5,2899.84,183.83375,17,0.058823529411764705
14031,14717.91,109,16,14,3,2650.27,12067.64,919.869375,19,0.15789473684210525
13187,236.02,37,1,1,0,0.0,236.02,236.02,1,0.0
14047,1021.69,15,4,4,1,9.3,1012.3900000000001,255.4225,5,0.2
16150,1659.6,81,4,4,5,146.95,1512.65,414.9,9,0.5555555555555556
16013,34157.6,29,42,25,6,2273.3499999999995,31884.25,813.2761904761904,48,0.125
16567,865.6,34,2,2,0,0.0,865.6,432.8,2,0.0
17230,878.4,26,2,2,2,9.5,868.9,439.2,4,0.5
12947,1299.95,68,5,5,4,166.84999999999997,1133.1,259.99,9,0.4444444444444444
14828,2139.76,17,3,3,0,0.0,2139.76,713.2533333333334,3,0.0
16839,16042.11,114,33,31,5,1236.5700000000002,14805.54,486.12454545454545,38,0.13157894736842105
16019,3567.14,129,8,8,1,336.0,3231.14,445.8925,9,0.1111111111111111
16551,922.12,26,3,3,0,0.0,922.12,307.37333333333333,3,0.0
13842,3075.05,147,8,8,0,0.0,3075.05,384.38125,8,0.0
15194,6057.54,159,12,12,6,48.96,6008.58,504.795,18,0.3333333333333333
16889,1578.67,112,3,3,0,0.0,1578.67,526.2233333333334,3,0.0
16473,316.11,18,3,3,1,1.25,314.86,105.37,4,0.25
12829,207.25,6,1,1,1,39.95,167.3,207.25,2,0.5
13750,1647.26,20,5,5,0,0.0,1647.26,329.452,5,0.0
13426,3304.34,99,9,9,2,90.62,3213.7200000000003,367.1488888888889,11,0.18181818181818182
13534,5586.88,117,23,17,17,225.64999999999998,5361.2300000000005,242.90782608695653,40,0.425
14217,1886.68,73,16,15,6,62.670000000000016,1824.01,117.9175,22,0.2727272727272727
15607,104.76,13,1,1,0,0.0,104.76,104.76,1,0.0
15139,178.96,13,2,2,0,0.0,178.96,89.48,2,0.0
16779,9923.89,141,20,19,5,160.67,9763.22,496.19449999999995,25,0.2
14298,46837.84,847,39,23,1,664.86,46172.98,1200.9702564102563,40,0.025
17707,152.4,3,2,2,0,0.0,152.4,76.2,2,0.0
15649,306.0,1,1,1,0,0.0,306.0,306.0,1,0.0
18198,5425.56,81,17,17,4,342.5,5083.06,319.15058823529415,21,0.19047619047619047
15601,5540.11,224,12,12,3,31.2,5508.91,461.6758333333333,15,0.2
18179,1793.17,86,6,6,0,0.0,1793.17,298.8616666666667,6,0.0
17284,1647.48,229,6,6,1,10.9,1636.58,274.58,7,0.14285714285714285
13233,605.12,43,2,2,0,0.0,605.12,302.56,2,0.0
14889,135.9,10,1,1,0,0.0,135.9,135.9,1,0.0
16955,329.57,12,2,2,0,0.0,329.57,164.785,2,0.0
14672,765.55,58,2,2,0,0.0,765.55,382.775,2,0.0
13593,2011.88,77,5,5,1,46.8,1965.0800000000002,402.37600000000003,6,0.16666666666666666
14867,710.28,31,3,3,0,0.0,710.28,236.76,3,0.0
15485,1624.91,53,2,2,0,0.0,1624.91,812.455,2,0.0
17243,7711.9,172,23,23,4,48.3,7663.6,335.3,27,0.14814814814814814
16923,6518.58,293,18,16,6,570.3299999999999,5948.25,362.1433333333333,24,0.25
15465,6486.7699999999995,40,16,16,6,409.59999999999997,6077.169999999999,405.42312499999997,22,0.2727272727272727
13162,1688.29,74,4,4,1,43.3,1644.99,422.0725,5,0.2
13183,3957.78,51,9,9,0,0.0,3957.78,439.75333333333333,9,0.0
13668,6132.17,281,20,20,8,147.52,5984.65,306.6085,28,0.2857142857142857
17095,1324.16,69,3,3,3,235.95999999999998,1088.2,441.3866666666667,6,0.5
17796,575.35,51,3,3,0,0.0,575.35,191.78333333333333,3,0.0
12939,11581.8,21,8,6,0,0.0,11581.8,1447.725,8,0.0
14810,1907.44,98,10,10,0,0.0,1907.44,190.744,10,0.0
14800,3111.94,209,10,10,4,103.4,3008.54,311.194,14,0.2857142857142857
15611,1591.45,23,13,12,2,23.060000000000002,1568.39,122.41923076923078,15,0.13333333333333333
14472,1606.29,141,7,7,0,0.0,1606.29,229.47,7,0.0
17114,801.12,85,8,8,2,61.4,739.72,100.14,10,0.2
13758,2471.7,85,5,5,0,0.0,2471.7,494.34,5,0.0
15708,2917.96,114,6,6,3,26.2,2891.76,486.32666666666665,9,0.3333333333333333
15059,1337.72,161,9,7,2,11.9,1325.82,148.63555555555556,11,0.18181818181818182
16326,3039.2200000000003,158,14,13,1,25.0,3014.2200000000003,217.08714285714288,15,0.06666666666666667
17128,157.09,14,1,1,0,0.0,157.09,157.09,1,0.0
14761,255.9,11,2,2,0,0.0,255.9,127.95,2,0.0
17555,480.31,101,2,2,0,0.0,480.31,240.155,2,0.0
13102,5750.17,133,22,18,3,87.8,5662.37,261.37136363636364,25,0.12
13069,3787.32,214,20,18,3,718.3000000000002,3069.02,189.366,23,0.13043478260869565
16735,2247.41,88,5,4,2,31.349999999999998,2216.06,449.48199999999997,7,0.2857142857142857
16833,1106.53,46,4,3,0,0.0,1106.53,276.6325,4,0.0
17800,1187.21,51,9,9,0,0.0,1187.21,131.91222222222223,9,0.0
16748,1515.9,42,5,5,0,0.0,1515.9,303.18,5,0.0
14755,5010.28,128,11,11,1,44.900000000000006,4965.38,455.47999999999996,12,0.08333333333333333
16549,4034.9,445,10,8,0,0.0,4034.9,403.49,10,0.0
15005,5824.96,345,26,26,7,134.83,5690.13,224.03692307692307,33,0.21212121212121213
17757,5027.59,263,26,26,1,19.8,5007.79,193.36884615384616,27,0.037037037037037035
13565,240.22,35,2,2,0,0.0,240.22,120.11,2,0.0
18260,2397.65,81,5,5,2,48.2,2349.45,479.53000000000003,7,0.2857142857142857
17218,1350.69,111,7,7,0,0.0,1350.69,192.9557142857143,7,0.0
15799,884.14,94,3,3,0,0.0,884.14,294.7133333333333,3,0.0
15107,142.45,6,4,4,1,8.5,133.95,35.6125,5,0.2
14395,3171.23,173,8,8,3,35.8,3135.43,396.40375,11,0.2727272727272727
18032,73.5,5,1,1,0,0.0,73.5,73.5,1,0.0
13451,2898.2599999999998,315,5,5,1,59.699999999999996,2838.56,579.6519999999999,6,0.16666666666666666
14794,1319.91,68,7,7,2,47.8,1272.11,188.55857142857144,9,0.2222222222222222
16350,1116.47,40,4,4,0,0.0,1116.47,279.1175,4,0.0
18171,1231.31,43,5,5,2,22.8,1208.51,246.262,7,0.2857142857142857
16279,1502.78,102,3,3,1,12.9,1489.88,500.9266666666667,4,0.25
13004,5298.9,266,17,16,4,42.480000000000004,5256.42,311.7,21,0.19047619047619047
15100,175.2,1,1,1,1,32.849999999999994,142.35,175.2,2,0.5
17811,7761.82,359,39,38,12,160.02,7601.8,199.02102564102563,51,0.23529411764705882
16850,332.41,19,1,1,0,0.0,332.41,332.41,1,0.0
14321,1530.75,111,5,5,0,0.0,1530.75,306.15,5,0.0
15326,311.71,29,1,1,0,0.0,311.71,311.71,1,0.0
17849,605.8000000000001,14,4,4,0,0.0,605.8000000000001,151.45000000000002,4,0.0
13672,186.39000000000001,4,2,2,4,257.85,-71.46,93.19500000000001,6,0.6666666666666666
14229,1547.2,29,3,3,2,96.6,1450.6,515.7333333333333,5,0.4
17381,16671.89,38,26,18,1,3.18,16668.71,641.2265384615384,27,0.037037037037037035
13107,1531.6200000000001,54,4,4,1,7.550000000000001,1524.07,382.90500000000003,5,0.2
16497,2965.69,128,6,5,0,0.0,2965.69,494.2816666666667,6,0.0
16303,5360.63,119,3,3,1,54.8,5305.83,1786.8766666666668,4,0.25
14060,5266.38,80,16,16,1,5.04,5261.34,329.14875,17,0.058823529411764705
17406,1482.32,86,2,1,2,271.7,1210.62,741.16,4,0.5
15044,5545.18,193,13,12,3,56.099999999999994,5489.08,426.5523076923077,16,0.1875
17739,2431.29,26,6,6,1,5.300000000000001,2425.9900000000002,405.215,7,0.14285714285714285
15281,2332.15,121,9,9,3,92.2,2239.9500000000003,259.1277777777778,12,0.25
15867,3254.17,247,12,12,1,14.85,3239.32,271.18083333333334,13,0.07692307692307693
17450,192361.95,124,44,26,9,7068.620000000001,185293.33,4371.8625,53,0.16981132075471697
13473,422.64,21,2,2,1,5.1,417.54,211.32,3,0.3333333333333333
14320,477.79,29,2,2,1,134.68,343.11,238.895,3,0.3333333333333333
16670,3692.29,170,10,9,6,73.44000000000001,3618.85,369.229,16,0.375
15640,9704.37,201,12,12,2,79.36999999999999,9625.0,808.6975000000001,14,0.14285714285714285
13491,1019.42,68,8,8,0,0.0,1019.42,127.4275,8,0.0
17742,355.11,13,2,2,0,0.0,355.11,177.555,2,0.0
16122,578.7,25,3,3,0,0.0,578.7,192.9,3,0.0
16351,153.9,8,1,1,0,0.0,153.9,153.9,1,0.0
13468,4793.97,165,33,33,4,48.22,4745.75,145.2718181818182,37,0.10810810810810811
13144,110.95,3,1,1,0,0.0,110.95,110.95,1,0.0
15346,252.42000000000002,17,1,1,0,0.0,252.42000000000002,252.42000000000002,1,0.0
15370,2386.05,65,7,7,1,25.5,2360.55,340.86428571428576,8,0.125
17629,1575.47,101,7,7,1,30.0,1545.47,225.06714285714287,8,0.125
16203,422.2,21,3,3,1,3.75,418.45,140.73333333333332,4,0.25
14295,166.20000000000002,5,1,1,1,11.5,154.70000000000002,166.20000000000002,2,0.5
16034,437.7,18,3,3,0,0.0,437.7,145.9,3,0.0
13078,11746.78,93,24,23,15,187.75999999999996,11559.02,489.4491666666667,39,0.38461538461538464
17365,4767.36,278,8,7,0,0.0,4767.36,595.92,8,0.0
15189,16225.39,80,41,38,12,423.25,15802.14,395.74121951219513,53,0.22641509433962265
14669,1259.24,158,3,2,0,0.0,1259.24,419.74666666666667,3,0.0
18095,580.0500000000001,20,2,2,0,0.0,580.0500000000001,290.02500000000003,2,0.0
15518,1921.55,135,8,7,5,30.559999999999995,1890.99,240.19375,13,0.38461538461538464
15749,44534.3,5,3,2,1,22998.4,21535.9,14844.766666666668,4,0.25
14209,2073.43,55,6,6,1,6.300000000000001,2067.13,345.57166666666666,7,0.14285714285714285
16042,1177.47,68,5,4,0,0.0,1177.47,235.494,5,0.0
15569,1375.71,27,5,4,0,0.0,1375.71,275.142,5,0.0
17569,344.14,29,1,1,0,0.0,344.14,344.14,1,0.0
13784,2462.79,9,11,11,0,0.0,2462.79,223.89,11,0.0
14733,5228.6900000000005,76,9,9,3,134.37,5094.32,580.9655555555556,12,0.25
13862,2209.36,97,8,8,2,22.05,2187.31,276.17,10,0.2
16791,1705.78,218,7,6,1,15.5,1690.28,243.68285714285713,8,0.125
16235,867.31,42,5,5,1,8.9,858.41,173.462,6,0.16666666666666666
15602,1145.32,27,7,7,4,148.49,996.83,163.61714285714285,11,0.36363636363636365
14270,492.65000000000003,29,1,1,0,0.0,492.65000000000003,492.65000000000003,1,0.0
15197,523.11,29,2,2,2,423.17,99.93999999999997,261.555,4,0.5
16655,3789.52,208,6,6,0,0.0,3789.52,631.5866666666667,6,0.0
16359,1750.92,39,9,9,3,290.55,1460.3700000000001,194.54666666666668,12,0.25
17965,2448.64,260,12,11,0,0.0,2448.64,204.0533333333333,12,0.0
15953,1449.54,53,7,7,2,24.849999999999998,1424.69,207.07714285714286,9,0.2222222222222222
17324,859.43,40,3,3,0,0.0,859.43,286.47666666666663,3,0.0
16701,4921.54,94,12,11,5,248.02999999999997,4673.51,410.12833333333333,17,0.29411764705882354
12980,6485.58,5,8,8,2,213.09000000000003,6272.49,810.6975,10,0.2
13267,3899.19,79,17,12,5,38.45,3860.7400000000002,229.36411764705883,22,0.22727272727272727
14748,945.33,56,3,3,1,103.96,841.37,315.11,4,0.25
13113,11872.99,92,23,22,15,1704.11,10168.880000000001,516.2169565217391,38,0.39473684210526316
16554,837.1,51,3,3,4,195.54999999999998,641.55,279.03333333333336,7,0.5714285714285714
15939,6115.01,28,15,14,1,12.75,6102.26,407.6673333333334,16,0.0625
14587,1580.29,170,9,9,1,2.9,1577.39,175.58777777777777,10,0.1
14715,867.38,60,4,4,0,0.0,867.38,216.845,4,0.0
17338,5725.9400000000005,368,7,7,2,31.749999999999996,5694.1900000000005,817.9914285714286,9,0.2222222222222222
14185,197.65,3,1,1,0,0.0,197.65,197.65,1,0.0
14040,3560.32,146,12,11,3,72.72999999999999,3487.59,296.6933333333333,15,0.2
15727,3642.11,176,6,6,0,0.0,3642.11,607.0183333333333,6,0.0
14514,990.2,65,3,3,0,0.0,990.2,330.06666666666666,3,0.0
12868,1403.76,62,5,5,0,0.0,1403.76,280.752,5,0.0
15171,1289.5,5,1,1,1,254.99999999999997,1034.5,1289.5,2,0.5
14167,562.59,27,4,4,0,0.0,562.59,140.6475,4,0.0
15291,4019.4,60,13,13,5,71.79,3947.61,309.18461538461537,18,0.2777777777777778
17048,925.35,41,3,3,3,61.03,864.32,308.45,6,0.5
16525,12225.01,75,24,24,3,1131.88,11093.130000000001,509.3754166666667,27,0.1111111111111111
17364,4462.68,288,11,10,1,25.45,4437.23,405.69818181818187,12,0.08333333333333333
13284,201.19,13,1,1,1,5.04,196.15,201.19,2,0.5
17068,4254.6900000000005,102,19,19,1,20.8,4233.89,223.93105263157898,20,0.05
15290,7723.62,93,17,16,3,139.45,7584.17,454.3305882352941,20,0.15
16500,400.86,8,6,5,0,0.0,400.86,66.81,6,0.0
12951,1064.07,53,6,6,2,22.0,1042.07,177.345,8,0.25
15835,954.09,47,4,4,0,0.0,954.09,238.5225,4,0.0
18190,284.46000000000004,14,2,2,1,9.95,274.51,142.23000000000002,3,0.3333333333333333
16161,4957.37,257,16,16,5,150.94,4806.43,309.835625,21,0.23809523809523808
13993,3466.36,66,9,9,3,56.7,3409.66,385.1511111111111,12,0.25
17848,803.9,37,8,8,0,0.0,803.9,100.4875,8,0.0
17581,10238.460000000001,214,23,9,5,291.22999999999996,9947.23,445.1504347826087,28,0.17857142857142858
14114,386.53,15,2,2,0,0.0,386.53,193.265,2,0.0
15447,155.17,9,1,1,0,0.0,155.17,155.17,1,0.0
17019,899.26,145,3,3,0,0.0,899.26,299.75333333333333,3,0.0
15694,5632.07,39,11,11,1,55.800000000000004,5576.27,512.0063636363636,12,0.08333333333333333
14085,3255.8,230,15,13,0,0.0,3255.8,217.05333333333334,15,0.0
16315,226.37,14,1,1,0,0.0,226.37,226.37,1,0.0
14978,1921.3700000000001,136,5,5,0,0.0,1921.3700000000001,384.274,5,0.0
16395,1482.06,150,5,5,0,0.0,1482.06,296.412,5,0.0
15510,250.0,1,1,1,0,0.0,250.0,250.0,1,0.0
16503,943.84,48,3,3,0,0.0,943.84,314.61333333333334,3,0.0
13614,1585.46,171,4,4,0,0.0,1585.46,396.365,4,0.0
15513,13444.720000000001,175,17,13,3,238.14000000000001,13206.58,790.8658823529413,20,0.15
13246,1961.52,110,6,6,1,65.2,1896.32,326.92,7,0.14285714285714285
14215,1623.72,92,5,5,1,11.8,1611.92,324.744,6,0.16666666666666666
18092,6215.62,27,8,7,1,2.5,6213.12,776.9525,9,0.1111111111111111
17744,1944.8799999999999,101,5,5,1,31.32,1913.56,388.976,6,0.16666666666666666
15916,1270.41,115,6,6,1,18.55,1251.8600000000001,211.735,7,0.14285714285714285
15687,2993.1,119,9,8,2,11.6,2981.5,332.56666666666666,11,0.18181818181818182
18085,386.05,20,1,1,0,0.0,386.05,386.05,1,0.0
16775,1459.6100000000001,78,10,10,0,0.0,1459.6100000000001,145.961,10,0.0
16493,1351.63,40,4,4,2,21.97,1329.66,337.9075,6,0.3333333333333333
13385,534.57,35,1,1,0,0.0,534.57,534.57,1,0.0
15626,675.8,49,2,2,0,0.0,675.8,337.9,2,0.0
15615,9318.55,179,20,16,4,39.7,9278.85,465.92749999999995,24,0.16666666666666666
16233,389.28000000000003,20,2,2,0,0.0,389.28000000000003,194.64000000000001,2,0.0
18229,6623.7,65,18,18,0,0.0,6623.7,367.98333333333335,18,0.0
13777,19015.38,33,23,21,7,186.81,18828.57,826.7556521739131,30,0.23333333333333334
15213,328.35,22,2,2,1,3.3,325.05,164.175,3,0.3333333333333333
13854,7500.08,36,23,23,3,54.8,7445.28,326.09043478260867,26,0.11538461538461539
12877,1385.71,94,11,11,0,0.0,1385.71,125.97363636363637,11,0.0
13090,7902.42,97,11,11,4,221.43000000000004,7680.99,718.4018181818182,15,0.26666666666666666
14175,3222.3,139,3,3,4,114.23999999999998,3108.06,1074.1000000000001,7,0.5714285714285714
18106,421.9,33,1,1,0,0.0,421.9,421.9,1,0.0
17685,2692.81,83,5,5,0,0.0,2692.81,538.562,5,0.0
15159,16780.03,331,28,18,4,67.33,16712.7,599.2867857142857,32,0.125
15033,2557.18,315,10,10,1,15.65,2541.53,255.718,11,0.09090909090909091
15570,3100.88,177,9,9,1,55.55000000000001,3045.33,344.5422222222222,10,0.1
14329,4975.24,218,7,6,7,86.1,4889.14,710.7485714285714,14,0.5
17402,2173.88,13,11,11,0,0.0,2173.88,197.62545454545455,11,0.0
16638,1609.92,90,8,8,1,4.25,1605.67,201.24,9,0.1111111111111111
17954,2185.45,316,10,10,2,7.5,2177.95,218.545,12,0.16666666666666666
14099,2720.65,144,10,10,1,11.2,2709.4500000000003,272.065,11,0.09090909090909091
15854,2739.02,97,11,9,0,0.0,2739.02,249.00181818181818,11,0.0
13455,365.4,16,1,1,2,50.99000000000001,314.40999999999997,365.4,3,0.6666666666666666
17961,726.6899999999999,146,36,33,0,0.0,726.6899999999999,20.18583333333333,36,0.0
16746,6368.47,229,17,16,1,3.3499999999999996,6365.12,374.6158823529412,18,0.05555555555555555
16401,4098.32,66,12,12,8,37.08,4061.24,341.52666666666664,20,0.4
16206,537.0600000000001,52,4,4,0,0.0,537.0600000000001,134.26500000000001,4,0.0
13782,908.86,96,6,6,0,0.0,908.86,151.47666666666666,6,0.0
12924,933.7,22,4,4,1,3.75,929.95,233.425,5,0.2
16593,330.03,24,3,3,0,0.0,330.03,110.00999999999999,3,0.0
15535,502.9,55,4,3,1,51.0,451.9,125.725,5,0.2
12989,6721.610000000001,41,14,12,4,69.6,6652.01,480.11500000000007,18,0.2222222222222222
13700,2248.63,139,10,8,0,0.0,2248.63,224.863,10,0.0
13064,1105.59,51,4,4,0,0.0,1105.59,276.3975,4,0.0
13048,1819.41,77,4,4,1,30.0,1789.41,454.8525,5,0.2
18069,2009.24,334,5,5,2,14.850000000000001,1994.39,401.848,7,0.2857142857142857
13634,1547.3600000000001,156,5,5,0,0.0,1547.3600000000001,309.47200000000004,5,0.0
14404,1320.09,57,5,5,1,39.6,1280.49,264.018,6,0.16666666666666666
16059,1334.91,113,5,5,0,0.0,1334.91,266.982,5,0.0
16843,10196.57,226,16,12,1,12.75,10183.82,637.285625,17,0.058823529411764705
17064,855.45,53,3,3,0,0.0,855.45,285.15000000000003,3,0.0
17609,1105.78,199,5,4,1,8.3,1097.48,221.156,6,0.16666666666666666
15673,2726.23,107,4,4,0,0.0,2726.23,681.5575,4,0.0
12872,221.44,28,1,1,0,0.0,221.44,221.44,1,0.0
14976,790.86,47,7,5,1,25.0,765.86,112.98,8,0.125
13527,2242.36,153,7,6,1,23.75,2218.61,320.33714285714285,8,0.125
13155,592.06,26,3,3,0,0.0,592.06,197.35333333333332,3,0.0
15696,2711.11,140,8,8,4,92.00000000000001,2619.11,338.88875,12,0.3333333333333333
14176,417.35,22,3,2,0,0.0,417.35,139.11666666666667,3,0.0
15316,165.0,1,1,1,0,0.0,165.0,165.0,1,0.0
18223,5982.85,115,13,12,12,149.41,5833.4400000000005,460.2192307692308,25,0.48
15296,3672.86,137,6,6,4,62.550000000000004,3610.31,612.1433333333333,10,0.4
17988,201.12,37,7,5,1,9.95,191.17000000000002,28.731428571428573,8,0.125
17690,4038.9,174,11,11,1,9.5,4029.4,367.1727272727273,12,0.08333333333333333
12820,942.34,55,4,4,0,0.0,942.34,235.585,4,0.0
13001,9785.970000000001,166,13,13,2,20.9,9765.07,752.7669230769231,15,0.13333333333333333
13982,1443.21,67,3,3,1,10.700000000000001,1432.51,481.07,4,0.25
14101,5976.79,15,6,6,0,0.0,5976.79,996.1316666666667,6,0.0
14525,3753.6,211,8,8,4,110.83000000000001,3642.77,469.2,12,0.3333333333333333
17288,1284.07,115,6,6,0,0.0,1284.07,214.01166666666666,6,0.0
14667,7203.0,259,20,19,2,10.0,7193.0,360.15,22,0.09090909090909091
15596,1004.27,42,4,4,4,63.250000000000014,941.02,251.0675,8,0.5
14898,1170.81,85,5,5,0,0.0,1170.81,234.16199999999998,5,0.0
13769,2474.21,72,9,8,5,22.94,2451.27,274.9122222222222,14,0.35714285714285715
13209,5572.76,246,7,5,2,57.45000000000001,5515.31,796.1085714285715,9,0.2222222222222222
14238,146.85,8,1,1,0,0.0,146.85,146.85,1,0.0
17730,5298.4800000000005,127,13,13,2,9.65,5288.83,407.5753846153847,15,0.13333333333333333
13983,2274.07,78,11,9,1,12.969999999999999,2261.1,206.73363636363638,12,0.08333333333333333
13929,842.65,8,2,2,1,39.8,802.85,421.325,3,0.3333333333333333
14657,848.22,103,4,4,1,9.95,838.27,212.055,5,0.2
15738,4482.77,45,15,14,2,20.7,4462.07,298.85133333333334,17,0.11764705882352941
13859,201.16,27,1,1,0,0.0,201.16,201.16,1,0.0
18212,216.07,30,1,1,0,0.0,216.07,216.07,1,0.0
14292,4871.93,64,9,6,5,52.60000000000001,4819.33,541.3255555555556,14,0.35714285714285715
13883,2674.48,108,5,3,4,135.73000000000002,2538.75,534.896,9,0.4444444444444444
18233,440.0,1,1,1,0,0.0,440.0,440.0,1,0.0
17018,920.1,15,2,2,0,0.0,920.1,460.05,2,0.0
14242,280.55,13,2,2,0,0.0,280.55,140.275,2,0.0
14688,5134.12,140,20,19,6,523.49,4610.63,256.706,26,0.23076923076923078
12346,77183.6,1,1,1,1,77183.6,0.0,77183.6,2,0.5
13898,155.93,12,1,1,0,0.0,155.93,155.93,1,0.0
16948,435.02,15,3,3,0,0.0,435.02,145.00666666666666,3,0.0
17491,3231.4700000000003,72,9,9,1,16.95,3214.52,359.05222222222227,10,0.1
16997,702.0,7,3,3,0,0.0,702.0,234.0,3,0.0
14696,1784.33,103,6,6,1,6.73,1777.6,297.3883333333333,7,0.14285714285714285
15395,107.45,7,1,1,0,0.0,107.45,107.45,1,0.0
18118,5020.32,369,24,24,5,58.05,4962.27,209.17999999999998,29,0.1724137931034483
15023,6291.01,324,10,10,1,39.6,6251.41,629.101,11,0.09090909090909091
13984,765.71,10,4,4,1,432.48,333.22999999999996,191.4275,5,0.2
13693,0.0,0,0,0,2,32.0,-32.0,0.0,2,1.0
14415,5002.89,250,12,12,4,75.82000000000001,4927.07,416.9075,16,0.25
13263,7436.93,450,35,33,0,0.0,7436.93,212.48371428571429,35,0.0
14428,1224.06,108,5,5,2,14.69,1209.3700000000001,244.81199999999998,7,0.2857142857142857
17576,3267.83,234,17,16,3,164.9,3102.93,192.22529411764705,20,0.15
17419,3852.3,143,10,10,2,25.6,3826.7,385.23,12,0.16666666666666666
17708,263.33,28,2,2,0,0.0,263.33,131.665,2,0.0
17091,3534.31,115,8,6,1,24.95,3509.36,441.78875,9,0.1111111111111111
14090,76.32000000000001,1,1,1,0,0.0,76.32000000000001,76.32000000000001,1,0.0
14769,10069.97,713,7,7,1,23.0,10046.97,1438.5671428571427,8,0.125
16904,3315.05,377,14,14,0,0.0,3315.05,236.78928571428574,14,0.0
17722,1513.9,68,3,3,1,13.399999999999999,1500.5,504.6333333333334,4,0.25
15606,2920.16,48,9,9,2,497.52,2422.64,324.4622222222222,11,0.18181818181818182
12826,1319.72,57,6,6,1,6.6,1313.1200000000001,219.95333333333335,7,0.14285714285714285
14307,2212.61,118,5,4,0,0.0,2212.61,442.52200000000005,5,0.0
15831,794.64,63,3,3,1,54.0,740.64,264.88,4,0.25
13310,1132.03,65,3,3,3,48.400000000000006,1083.63,377.3433333333333,6,0.5
17611,3716.93,404,14,13,4,36.35,3680.58,265.495,18,0.2222222222222222
14916,1268.98,72,4,4,1,4.14,1264.84,317.245,5,0.2
17602,5054.42,335,6,6,2,52.2,5002.22,842.4033333333333,8,0.25
17231,2892.71,275,9,9,3,30.799999999999997,2861.91,321.4122222222222,12,0.25
14572,2804.54,190,7,7,3,29.15,2775.39,400.6485714285714,10,0.3
13502,292.0,17,3,3,0,0.0,292.0,97.33333333333333,3,0.0
14784,289.99,15,2,2,0,0.0,289.99,144.995,2,0.0
15938,404.58,13,5,5,0,0.0,404.58,80.916,5,0.0
17418,463.46000000000004,29,2,2,0,0.0,463.46000000000004,231.73000000000002,2,0.0
14779,386.15,40,3,3,0,0.0,386.15,128.71666666666667,3,0.0
15529,3641.14,407,9,9,1,27.450000000000003,3613.69,404.5711111111111,10,0.1
15262,178.95000000000002,10,1,1,0,0.0,178.95000000000002,178.95000000000002,1,0.0
17787,1081.26,75,3,3,0,0.0,1081.26,360.42,3,0.0
17862,330.9,11,1,1,0,0.0,330.9,330.9,1,0.0
14735,5813.49,98,31,19,2,258.0,5555.49,187.53193548387097,33,0.06060606060606061
16892,518.19,87,5,4,2,28.7,489.49,103.638,7,0.2857142857142857
12747,3489.74,39,9,9,0,0.0,3489.74,387.74888888888887,9,0.0
17771,245.81,51,2,2,0,0.0,245.81,122.905,2,0.0
15422,97.7,6,2,1,0,0.0,97.7,48.85,2,0.0
14062,9020.73,38,9,9,0,0.0,9020.73,1002.3033333333333,9,0.0
13008,229.46999999999997,14,1,1,0,0.0,229.46999999999997,229.46999999999997,1,0.0
14770,876.42,49,2,2,0,0.0,876.42,438.21,2,0.0
16912,2555.58,88,11,6,3,46.709999999999994,2508.87,232.32545454545453,14,0.21428571428571427
14309,2204.78,70,8,8,1,32.85,2171.93,275.5975,9,0.1111111111111111
14713,2236.35,133,9,9,1,2.1,2234.25,248.48333333333332,10,0.1
15174,135.75,11,1,1,0,0.0,135.75,135.75,1,0.0
14895,11138.710000000001,273,20,11,4,118.45,11020.26,556.9355,24,0.16666666666666666
18061,1714.25,17,9,9,0,0.0,1714.25,190.47222222222223,9,0.0
17504,2997.0299999999997,112,9,6,1,251.75,2745.2799999999997,333.00333333333333,10,0.1
17890,123.88,29,1,1,0,0.0,123.88,123.88,1,0.0
16387,94.36,4,1,1,0,0.0,94.36,94.36,1,0.0
16618,2647.59,79,5,4,1,16.95,2630.64,529.518,6,0.16666666666666666
17277,1065.3500000000001,67,2,2,0,0.0,1065.3500000000001,532.6750000000001,2,0.0
14441,1712.89,43,4,4,5,159.25,1553.64,428.2225,9,0.5555555555555556
13999,3599.71,95,11,11,3,36.55,3563.16,327.24636363636364,14,0.21428571428571427
14088,50491.81,379,13,12,1,76.32000000000001,50415.49,3883.9853846153846,14,0.07142857142857142
16928,2698.45,69,16,16,2,66.1,2632.35,168.653125,18,0.1111111111111111
17094,302.0,14,1,1,1,31.8,270.20000000000005,302.0,2,0.5
13969,8706.58,322,17,16,2,67.25,8639.33,512.1517647058823,19,0.10526315789473684
17238,3349.01,269,15,14,0,0.0,3349.01,223.26733333333334,15,0.0
14692,591.55,53,4,4,1,9.5,582.05,147.8875,5,0.2
14092,3475.18,99,12,10,2,7.91,3467.27,289.5983333333333,14,0.14285714285714285
12970,405.47,116,4,2,0,0.0,405.47,101.3675,4,0.0
16210,14085.66,50,14,13,0,0.0,14085.66,1006.1185714285714,14,0.0
18239,1123.51,54,4,4,0,0.0,1123.51,280.8775,4,0.0
17306,8307.31,13,18,14,2,30.580000000000002,8276.73,461.5172222222222,20,0.1
18037,38.72,13,5,5,0,0.0,38.72,7.744,5,0.0
17799,2815.69,263,9,8,1,29.849999999999998,2785.84,312.8544444444444,10,0.1
15658,717.9,29,4,4,3,65.2,652.7,179.475,7,0.42857142857142855
17677,14728.78,162,26,16,12,135.51,14593.27,566.4915384615385,38,0.3157894736842105
17889,201.37,20,2,2,0,0.0,201.37,100.685,2,0.0
17644,2895.64,102,11,8,6,126.66,2768.98,263.24,17,0.35294117647058826
17714,153.0,10,1,1,0,0.0,153.0,153.0,1,0.0
12916,2944.95,53,4,4,1,23.799999999999997,2921.15,736.2375,5,0.2
17769,3957.43,200,10,10,2,37.35,3920.08,395.743,12,0.16666666666666666
14450,483.25,32,3,3,0,0.0,483.25,161.08333333333334,3,0.0
16085,981.51,123,5,5,0,0.0,981.51,196.302,5,0.0
13659,1563.0,92,2,2,1,22.35,1540.65,781.5,3,0.3333333333333333
16931,4190.21,420,19,18,0,0.0,4190.21,220.53736842105263,19,0.0
15167,158.8,39,1,1,0,0.0,158.8,158.8,1,0.0
13050,4636.99,216,13,13,9,132.45,4504.54,356.69153846153847,22,0.4090909090909091
15443,3213.59,237,7,7,1,24.75,3188.84,459.0842857142857,8,0.125
13230,2662.18,389,13,12,1,43.559999999999995,2618.62,204.78307692307692,14,0.07142857142857142
14224,1009.73,105,4,4,0,0.0,1009.73,252.4325,4,0.0
17858,3598.81,89,10,10,0,0.0,3598.81,359.881,10,0.0
13742,3107.87,200,12,11,2,28.599999999999998,3079.27,258.9891666666667,14,0.14285714285714285
17673,1594.97,118,6,6,1,6.9,1588.07,265.8283333333333,7,0.14285714285714285
16983,1742.3799999999999,106,6,6,1,11.049999999999999,1731.33,290.39666666666665,7,0.14285714285714285
14068,265.85,22,1,1,0,0.0,265.85,265.85,1,0.0
13068,344.0,1,2,2,0,0.0,344.0,172.0,2,0.0
16477,1950.06,88,5,5,0,0.0,1950.06,390.012,5,0.0
14744,874.98,21,6,5,2,11.45,863.53,145.83,8,0.25
14796,6946.67,381,15,15,8,116.68,6829.99,463.11133333333333,23,0.34782608695652173
14368,155.0,8,1,1,0,0.0,155.0,155.0,1,0.0
15497,1262.2,13,2,2,1,2.5,1259.7,631.1,3,0.3333333333333333
16558,7457.9400000000005,254,18,18,3,59.5,7398.4400000000005,414.33000000000004,21,0.14285714285714285
13819,1140.35,26,3,3,0,0.0,1140.35,380.1166666666666,3,0.0
14501,251.21,9,2,2,1,60.89999999999999,190.31,125.605,3,0.3333333333333333
14782,200.10000000000002,6,1,1,0,0.0,200.10000000000002,200.10000000000002,1,0.0
16782,1701.91,58,11,11,4,18.950000000000003,1682.96,154.7190909090909,15,0.26666666666666666
17861,2097.88,172,8,7,1,41.6,2056.28,262.235,9,0.1111111111111111
14334,2232.06,86,7,7,1,12.75,2219.31,318.86571428571426,8,0.125
17591,1819.3700000000001,34,6,6,1,10.95,1808.42,303.22833333333335,7,0.14285714285714285
18161,1618.69,49,5,5,1,5.9,1612.79,323.738,6,0.16666666666666666
15820,206.98,17,1,1,0,0.0,206.98,206.98,1,0.0
18136,784.33,34,3,3,1,22.5,761.83,261.4433333333333,4,0.25
16660,1267.6499999999999,16,4,3,1,457.2,810.4499999999999,316.91249999999997,5,0.2
13396,1360.99,42,2,2,2,35.7,1325.29,680.495,4,0.5
15179,2206.95,91,5,5,1,4.25,2202.7,441.39,6,0.16666666666666666
12935,2160.7,80,7,6,1,4.25,2156.45,308.6714285714285,8,0.125
16730,743.11,75,3,3,1,40.32,702.79,247.70333333333335,4,0.25
14541,1453.35,71,8,7,0,0.0,1453.35,181.66875,8,0.0
16168,3511.8,56,26,24,1,17.0,3494.8,135.06923076923078,27,0.037037037037037035
15078,8924.460000000001,94,28,18,5,109.00999999999999,8815.45,318.7307142857143,33,0.15151515151515152
13551,91.80000000000001,4,1,1,0,0.0,91.80000000000001,91.80000000000001,1,0.0
15797,2207.4,8,4,4,0,0.0,2207.4,551.85,4,0.0
13117,596.76,46,6,6,0,0.0,596.76,99.46,6,0.0
15052,207.73000000000002,27,1,1,0,0.0,207.73000000000002,207.73000000000002,1,0.0
17001,3591.61,71,10,10,0,0.0,3591.61,359.161,10,0.0
14130,480.91,66,1,1,0,0.0,480.91,480.91,1,0.0
15222,585.0,5,1,1,0,0.0,585.0,585.0,1,0.0
13615,417.69,23,1,1,1,17.700000000000003,399.99,417.69,2,0.5
13901,2867.2,144,5,5,0,0.0,2867.2,573.4399999999999,5,0.0
14113,1406.92,25,3,3,3,437.25,969.6700000000001,468.97333333333336,6,0.5
13158,1201.06,59,4,4,0,0.0,1201.06,300.265,4,0.0
18075,2412.8,93,9,9,3,62.480000000000004,2350.32,268.0888888888889,12,0.25
18077,2188.08,88,9,9,0,0.0,2188.08,243.12,9,0.0
14257,3099.7200000000003,88,5,5,1,12.450000000000001,3087.27,619.9440000000001,6,0.16666666666666666
14409,1730.65,39,4,4,0,0.0,1730.65,432.6625,4,0.0
15218,5756.89,77,11,9,0,0.0,5756.89,523.3536363636364,11,0.0
14543,3345.33,40,15,14,5,683.56,2661.77,223.022,20,0.25
15110,996.1,17,4,4,3,22.9,973.2,249.025,7,0.42857142857142855
14534,4397.3,331,18,18,7,371.7,4025.6,244.29444444444445,25,0.28
15967,397.68,73,2,2,0,0.0,397.68,198.84,2,0.0
16757,106.83000000000001,7,1,1,0,0.0,106.83000000000001,106.83000000000001,1,0.0
12854,1316.25,95,3,3,2,35.35,1280.9,438.75,5,0.4
18144,2386.1,22,10,9,0,0.0,2386.1,238.60999999999999,10,0.0
18008,2116.19,24,9,8,0,0.0,2116.19,235.13222222222223,9,0.0
18277,110.38,8,1,1,1,12.75,97.63,110.38,2,0.5
14849,7363.650000000001,156,20,11,3,26.259999999999998,7337.39,368.1825,23,0.13043478260869565
14389,1043.46,33,2,2,3,43.739999999999995,999.72,521.73,5,0.6
17236,789.85,84,5,5,0,0.0,789.85,157.97,5,0.0
16531,1151.77,64,6,6,0,0.0,1151.77,191.96166666666667,6,0.0
13703,99.5,1,1,1,0,0.0,99.5,99.5,1,0.0
15339,574.07,77,2,2,1,16.5,557.57,287.035,3,0.3333333333333333
13198,3016.69,181,5,5,1,6.2,3010.4900000000002,603.338,6,0.16666666666666666
16222,773.5500000000001,120,1,1,0,0.0,773.5500000000001,773.5500000000001,1,0.0
17460,552.13,18,4,4,2,169.8,382.33000000000004,138.0325,6,0.3333333333333333
14341,2166.98,109,8,5,1,15.9,2151.08,270.8725,9,0.1111111111111111
13168,1299.59,102,4,4,1,9.05,1290.54,324.8975,5,0.2
16943,816.73,23,3,3,0,0.0,816.73,272.24333333333334,3,0.0
17515,639.02,49,4,4,0,0.0,639.02,159.755,4,0.0
17082,2003.85,75,2,2,0,0.0,2003.85,1001.925,2,0.0
14248,302.58,8,1,1,0,0.0,302.58,302.58,1,0.0
13002,120.94999999999999,7,1,1,0,0.0,120.94999999999999,120.94999999999999,1,0.0
16133,14589.04,220,33,29,13,283.38,14305.66,442.09212121212124,46,0.2826086956521739
13049,656.6800000000001,14,2,2,0,0.0,656.6800000000001,328.34000000000003,2,0.0
14548,652.8,2,2,2,0,0.0,652.8,326.4,2,0.0
13405,572.451,25,3,3,0,0.0,572.451,190.817,3,0.0
14049,5578.72,348,4,4,2,42.57,5536.15,1394.68,6,0.3333333333333333
15777,681.56,16,3,2,0,0.0,681.56,227.18666666666664,3,0.0
16043,773.99,30,4,4,0,0.0,773.99,193.4975,4,0.0
15812,1801.14,36,5,5,0,0.0,1801.14,360.228,5,0.0
13837,266.59000000000003,17,2,2,0,0.0,266.59000000000003,133.29500000000002,2,0.0
17118,157.02,10,1,1,0,0.0,157.02,157.02,1,0.0
17735,12655.42,313,18,17,0,0.0,12655.42,703.0788888888889,18,0.0
14616,406.08000000000004,2,3,3,0,0.0,406.08000000000004,135.36,3,0.0
14233,1462.72,30,4,4,1,15.209999999999999,1447.51,365.68,5,0.2
17888,686.57,57,7,7,2,200.27,486.3,98.08142857142857,9,0.2222222222222222
17075,834.12,62,4,4,1,20.35,813.77,208.53,5,0.2
14243,2116.77,92,8,8,4,52.89,2063.88,264.59625,12,0.3333333333333333
16714,1129.06,77,3,2,1,250.0,879.0600000000001,376.3533333333333,4,0.25
13098,28882.44,156,28,26,13,223.56,28658.88,1031.5157142857142,41,0.3170731707317073
17027,877.5600000000001,110,6,5,1,41.7,835.86,146.26000000000002,7,0.14285714285714285
17786,266.85,57,2,2,0,0.0,266.85,133.425,2,0.0
16124,249.0,11,1,1,1,61.849999999999994,187.15,249.0,2,0.5
16409,2022.98,145,5,5,0,0.0,2022.98,404.596,5,0.0
13754,282.59999999999997,11,2,2,0,0.0,282.59999999999997,141.29999999999998,2,0.0
15227,1219.4,43,5,4,0,0.0,1219.4,243.88000000000002,5,0.0
12997,1226.89,45,4,4,3,28.950000000000003,1197.94,306.7225,7,0.42857142857142855
17372,970.65,151,6,6,0,0.0,970.65,161.775,6,0.0
13890,1693.46,69,9,8,4,22.95,1670.51,188.16222222222223,13,0.3076923076923077
15215,734.94,33,3,2,3,118.95,615.99,244.98000000000002,6,0.5
16918,1068.82,97,6,5,1,25.479999999999997,1043.34,178.13666666666666,7,0.14285714285714285
16882,705.12,39,3,3,0,0.0,705.12,235.04,3,0.0
16496,1599.52,92,3,3,1,37.3,1562.22,533.1733333333333,4,0.25
14440,1700.98,29,4,4,0,0.0,1700.98,425.245,4,0.0
17311,1384.85,55,2,2,0,0.0,1384.85,692.425,2,0.0
15910,1228.88,215,8,8,0,0.0,1228.88,153.61,8,0.0
16949,1286.27,57,6,6,1,125.0,1161.27,214.37833333333333,7,0.14285714285714285
14560,1829.6,33,21,19,1,53.64,1775.96,87.12380952380951,22,0.045454545454545456
16700,4739.61,152,12,12,4,36.55,4703.06,394.9675,16,0.25
14709,4606.9400000000005,67,12,11,1,9.9,4597.04,383.9116666666667,13,0.07692307692307693
14970,1592.06,24,4,4,0,0.0,1592.06,398.015,4,0.0
14701,2526.09,268,9,7,3,63.150000000000006,2462.94,280.6766666666667,12,0.25
16767,5575.56,148,11,8,0,0.0,5575.56,506.86909090909097,11,0.0
13506,157.4,9,1,1,1,5.7,151.7,157.4,2,0.5
14738,1314.45,39,7,7,2,24.509999999999998,1289.94,187.77857142857144,9,0.2222222222222222
15827,1645.16,68,12,10,6,194.60999999999999,1450.55,137.09666666666666,18,0.3333333333333333
14290,1537.0900000000001,70,4,4,1,7.2,1529.89,384.27250000000004,5,0.2
17540,578.9,20,2,2,1,8.5,570.4,289.45,3,0.3333333333333333
14239,2380.85,83,11,11,2,57.35,2323.5,216.4409090909091,13,0.15384615384615385
18125,1131.75,164,4,4,1,1.65,1130.1,282.9375,5,0.2
13328,1308.48,17,1,1,0,0.0,1308.48,1308.48,1,0.0
13174,1373.76,130,2,2,0,0.0,1373.76,686.88,2,0.0
15549,1681.46,104,3,3,1,37.5,1643.96,560.4866666666667,4,0.25
15864,1936.3200000000002,16,6,6,2,166.54000000000002,1769.7800000000002,322.72,8,0.25
14662,741.37,143,4,4,0,0.0,741.37,185.3425,4,0.0
17180,783.97,91,4,3,2,15.649999999999999,768.32,195.9925,6,0.3333333333333333
15057,1489.5,25,2,2,0,0.0,1489.5,744.75,2,0.0
14146,2949.57,161,4,3,1,1241.4299999999998,1708.14,737.3925,5,0.2
13330,1140.93,37,3,3,0,0.0,1140.93,380.31,3,0.0
13552,3740.07,82,12,8,4,200.54000000000002,3539.53,311.6725,16,0.25
12853,1957.1000000000001,66,6,3,3,75.4,1881.7,326.18333333333334,9,0.3333333333333333
13538,1280.85,10,7,7,0,0.0,1280.85,182.97857142857143,7,0.0
16755,1475.43,133,3,3,2,12.2,1463.23,491.81,5,0.4
14133,605.64,25,3,2,2,15.3,590.3399999999999,201.88,5,0.4
16327,3284.67,126,5,5,0,0.0,3284.67,656.934,5,0.0
16523,9418.470000000001,151,21,18,7,122.79999999999998,9295.67,448.4985714285715,28,0.25
15527,2207.13,115,7,7,2,80.96000000000001,2126.17,315.30428571428575,9,0.2222222222222222
15547,4143.23,416,13,11,0,0.0,4143.23,318.71,13,0.0
14659,2529.93,147,9,9,3,73.4,2456.53,281.1033333333333,12,0.25
13141,2388.75,113,5,4,1,2.95,2385.8,477.75,6,0.16666666666666666
15365,2314.32,65,7,4,2,983.87,1330.45,330.6171428571429,9,0.2222222222222222
13707,806.41,48,2,2,0,0.0,806.41,403.205,2,0.0
15079,753.66,43,3,2,1,1.95,751.71,251.22,4,0.25
13709,6307.650000000001,244,13,8,4,78.94,6228.71,485.2038461538462,17,0.23529411764705882
14051,13782.23,43,20,19,3,133.05,13649.18,689.1115,23,0.13043478260869565
18016,1321.01,78,4,4,0,0.0,1321.01,330.2525,4,0.0
17329,523.11,29,2,2,0,0.0,523.11,261.555,2,0.0
14401,3804.1,99,12,12,1,11.5,3792.6,317.0083333333333,13,0.07692307692307693
17920,3444.54,362,15,15,0,0.0,3444.54,229.636,15,0.0
14532,710.25,42,3,3,0,0.0,710.25,236.75,3,0.0
14805,546.4,30,4,4,0,0.0,546.4,136.6,4,0.0
17062,102.64,18,1,1,0,0.0,102.64,102.64,1,0.0
16897,289.78,37,2,2,1,76.75,213.03,144.89,3,0.3333333333333333
15579,327.6,45,2,2,0,0.0,327.6,163.8,2,0.0
16985,4530.8,53,9,6,1,2.5,4528.3,503.4222222222222,10,0.1
13148,3373.86,221,11,6,4,316.59,3057.27,306.7145454545455,15,0.26666666666666666
14595,1740.6,94,6,6,0,0.0,1740.6,290.09999999999997,6,0.0
16770,494.90000000000003,109,3,3,0,0.0,494.90000000000003,164.96666666666667,3,0.0
13161,112.75,8,1,1,0,0.0,112.75,112.75,1,0.0
15415,559.61,46,1,1,0,0.0,559.61,559.61,1,0.0
17431,403.3,41,1,1,0,0.0,403.3,403.3,1,0.0
16816,341.28000000000003,23,3,3,0,0.0,341.28000000000003,113.76,3,0.0
17463,1875.86,162,5,5,1,15.05,1860.81,375.17199999999997,6,0.16666666666666666
14502,2429.83,368,11,9,3,119.65,2310.18,220.89363636363635,14,0.21428571428571427
13869,2760.03,227,3,3,0,0.0,2760.03,920.0100000000001,3,0.0
17239,382.5,15,1,1,0,0.0,382.5,382.5,1,0.0
13324,6471.849999999999,24,9,5,2,49.14999999999999,6422.7,719.0944444444444,11,0.18181818181818182
15448,494.64,28,1,1,0,0.0,494.64,494.64,1,0.0
16570,3738.4,68,10,9,4,78.8,3659.6,373.84000000000003,14,0.2857142857142857
17314,2527.92,120,8,8,3,13.159999999999998,2514.76,315.99,11,0.2727272727272727
17220,2870.05,284,13,9,0,0.0,2870.05,220.77307692307693,13,0.0
18245,2201.33,131,6,4,1,59.5,2141.83,366.8883333333333,7,0.14285714285714285
17373,646.92,47,4,4,0,0.0,646.92,161.73,4,0.0
18145,2861.55,174,4,4,0,0.0,2861.55,715.3875,4,0.0
14467,596.26,67,4,4,0,0.0,596.26,149.065,4,0.0
12908,750.0,1,2,2,2,504.0,246.0,375.0,4,0.5
17621,1140.5,22,2,2,1,43.8,1096.7,570.25,3,0.3333333333333333
15144,6580.44,132,17,14,1,50.400000000000006,6530.04,387.0847058823529,18,0.05555555555555555
14776,2538.3,44,11,9,2,342.72,2195.58,230.75454545454548,13,0.15384615384615385
17894,603.96,82,4,4,0,0.0,603.96,150.99,4,0.0
16403,177.5,10,1,1,1,16.45,161.04999999999998,177.5,2,0.5
16407,2079.68,99,10,9,0,0.0,2079.68,207.968,10,0.0
17580,168.87,41,2,2,0,0.0,168.87,84.435,2,0.0
17619,214.37,71,1,1,0,0.0,214.37,214.37,1,0.0
17256,240.0,12,2,2,0,0.0,240.0,120.0,2,0.0
17604,309.36,57,2,2,0,0.0,309.36,154.68,2,0.0
14006,962.19,22,3,3,0,0.0,962.19,320.73,3,0.0
13600,219.52,19,1,1,0,0.0,219.52,219.52,1,0.0
15058,2102.54,199,11,8,0,0.0,2102.54,191.14,11,0.0
17375,290.39,46,2,2,1,27.6,262.79,145.195,3,0.3333333333333333
15881,346.14,24,3,1,2,22.349999999999998,323.79,115.38,5,0.4
15240,1706.57,58,5,5,1,15.55,1691.02,341.31399999999996,6,0.16666666666666666
14496,234.47,14,1,1,0,0.0,234.47,234.47,1,0.0
17147,1714.59,68,4,4,2,34.95,1679.64,428.6475,6,0.3333333333333333
13881,17159.52,72,20,16,2,170.0,16989.52,857.976,22,0.09090909090909091
16612,1187.66,48,4,4,0,0.0,1187.66,296.915,4,0.0
14627,0.0,0,0,0,1,21.849999999999998,-21.85,0.0,1,1.0
18055,5010.22,181,7,7,1,32.050000000000004,4978.17,715.7457142857144,8,0.125
17356,178.22,19,1,1,0,0.0,178.22,178.22,1,0.0
17884,372.55,50,2,2,0,0.0,372.55,186.275,2,0.0
12836,2610.36,148,4,4,0,0.0,2610.36,652.59,4,0.0
14850,325.75,21,1,1,0,0.0,325.75,325.75,1,0.0
13939,568.55,43,3,3,1,11.8,556.75,189.51666666666665,4,0.25
16745,7180.7,148,17,17,1,23.6,7157.1,422.3941176470588,18,0.05555555555555555
17228,1550.14,130,6,6,0,0.0,1550.14,258.3566666666667,6,0.0
13606,276.75,40,3,3,0,0.0,276.75,92.25,3,0.0
13494,316.26000000000005,18,1,1,0,0.0,316.26000000000005,316.26000000000005,1,0.0
13802,4599.42,55,3,3,2,575.7,4023.7200000000003,1533.14,5,0.4
12929,117.85,8,1,1,1,12.75,105.1,117.85,2,0.5
16419,958.71,36,6,5,1,12.75,945.96,159.785,7,0.14285714285714285
17035,433.53000000000003,27,2,2,1,45.2,388.33,216.76500000000001,3,0.3333333333333333
15203,1827.8,82,6,6,0,0.0,1827.8,304.6333333333333,6,0.0
16515,1624.14,89,5,5,0,0.0,1624.14,324.82800000000003,5,0.0
18202,1396.99,55,3,2,0,0.0,1396.99,465.66333333333336,3,0.0
14549,289.24,56,1,1,0,0.0,289.24,289.24,1,0.0
15981,3408.48,53,8,8,0,0.0,3408.48,426.06,8,0.0
16110,1320.95,283,3,3,0,0.0,1320.95,440.31666666666666,3,0.0
17376,203.2,23,2,2,0,0.0,203.2,101.6,2,0.0
16011,2954.36,74,14,14,0,0.0,2954.36,211.0257142857143,14,0.0
13110,1488.67,109,7,6,1,35.8,1452.8700000000001,212.66714285714286,8,0.125
16716,901.2,1,2,2,1,581.4,319.8000000000001,450.6,3,0.3333333333333333
15940,35.8,1,1,1,1,4.0,31.799999999999997,35.8,2,0.5
15971,4199.85,10,12,11,0,0.0,4199.85,349.9875,12,0.0
15838,32685.58,54,18,14,1,11.52,32674.06,1815.8655555555556,19,0.05263157894736842
14665,1835.7,63,5,4,2,577.32,1258.38,367.14,7,0.2857142857142857
14457,113.64,4,1,1,0,0.0,113.64,113.64,1,0.0
17863,2775.28,101,5,5,0,0.0,2775.28,555.056,5,0.0
15589,478.53000000000003,28,3,2,1,21.95,456.58,159.51000000000002,4,0.25
14411,1063.0,14,1,1,0,0.0,1063.0,1063.0,1,0.0
17560,854.95,22,5,5,0,0.0,854.95,170.99,5,0.0
15226,154.41,8,1,1,0,0.0,154.41,154.41,1,0.0
14460,434.34,14,3,3,1,51.0,383.34,144.78,4,0.25
16156,3092.04,108,9,9,4,97.41999999999999,2994.62,343.56,13,0.3076923076923077
13728,1016.14,38,6,6,0,0.0,1016.14,169.35666666666665,6,0.0
14127,709.71,39,3,3,0,0.0,709.71,236.57000000000002,3,0.0
16378,362.95,22,3,3,0,0.0,362.95,120.98333333333333,3,0.0
13894,564.62,25,3,2,2,28.65,535.97,188.20666666666668,5,0.4
13824,1698.94,34,5,5,0,0.0,1698.94,339.788,5,0.0
18250,349.27,21,1,1,1,6.35,342.92,349.27,2,0.5
15270,2379.49,22,7,5,2,81.28999999999999,2298.2,339.9271428571428,9,0.2222222222222222
14188,2054.36,34,6,6,4,35.45,2018.91,342.3933333333334,10,0.4
18017,523.0,1,3,3,0,0.0,523.0,174.33333333333334,3,0.0
17912,21.6,2,1,1,0,0.0,21.6,21.6,1,0.0
15421,950.36,40,4,3,0,0.0,950.36,237.59,4,0.0
17446,120.9,6,2,2,0,0.0,120.9,60.45,2,0.0
16717,3535.83,167,5,5,3,580.02,2955.81,707.1659999999999,8,0.375
14443,1116.7,70,3,3,1,3.75,1112.95,372.23333333333335,4,0.25
14798,173.74,11,3,3,0,0.0,173.74,57.913333333333334,3,0.0
12990,409.5,8,3,3,0,0.0,409.5,136.5,3,0.0
17223,124.05,18,1,1,0,0.0,124.05,124.05,1,0.0
16992,1614.31,84,5,5,1,12.45,1601.8600000000001,322.86199999999997,6,0.16666666666666666
17337,1981.06,421,4,4,3,83.55000000000001,1897.51,495.265,7,0.42857142857142855
16405,167.25,3,2,2,0,0.0,167.25,83.625,2,0.0
17071,2429.03,102,9,8,5,43.55,2385.48,269.89222222222224,14,0.35714285714285715
13873,389.6,21,3,3,1,7.9,381.7,129.86666666666667,4,0.25
17362,312.23,30,2,2,0,0.0,312.23,156.115,2,0.0
13394,2520.02,124,8,8,2,207.22,2312.8,315.0025,10,0.2
16333,26626.8,9,22,13,0,0.0,26626.8,1210.3090909090909,22,0.0
16030,331.24,28,1,1,0,0.0,331.24,331.24,1,0.0
14044,646.42,165,4,4,0,0.0,646.42,161.605,4,0.0
16684,63540.16,116,24,13,3,761.48,62778.68,2647.5066666666667,27,0.1111111111111111
13800,558.32,33,1,1,0,0.0,558.32,558.32,1,0.0
17672,3178.17,105,2,2,2,71.55,3106.62,1589.085,4,0.5
18178,1290.16,70,3,3,2,17.4,1272.76,430.05333333333334,5,0.4
17214,888.07,71,5,5,1,85.0,803.07,177.614,6,0.16666666666666666
13581,118.0,10,1,1,0,0.0,118.0,118.0,1,0.0
14540,952.66,64,3,3,0,0.0,952.66,317.55333333333334,3,0.0
13539,631.34,35,3,3,1,25.5,605.84,210.4466666666667,4,0.25
15885,379.35,18,3,3,0,0.0,379.35,126.45,3,0.0
14497,475.37,29,1,1,1,17.9,457.47,475.37,2,0.5
17507,605.58,79,2,2,0,0.0,605.58,302.79,2,0.0
13208,1217.65,124,6,6,1,18.0,1199.65,202.9416666666667,7,0.14285714285714285
17334,307.02,11,2,2,1,0.42,306.6,153.51,3,0.3333333333333333
13871,6403.25,155,13,12,1,13.450000000000001,6389.8,492.5576923076923,14,0.07142857142857142
16938,2711.6800000000003,212,4,4,1,833.2500000000001,1878.43,677.9200000000001,5,0.2
14466,1892.65,32,6,6,0,0.0,1892.65,315.44166666666666,6,0.0
17929,843.0,4,4,4,1,8.5,834.5,210.75,5,0.2
14778,730.86,34,2,2,0,0.0,730.86,365.43,2,0.0
17517,153.94,11,1,1,0,0.0,153.94,153.94,1,0.0
17226,393.49,21,1,1,0,0.0,393.49,393.49,1,0.0
13137,3603.29,345,8,8,1,45.33,3557.96,450.41125,9,0.1111111111111111
13725,1980.56,95,8,8,3,170.75,1809.81,247.57,11,0.2727272727272727
13309,1456.79,82,5,5,0,0.0,1456.79,291.358,5,0.0
12842,1118.99,34,2,2,0,0.0,1118.99,559.495,2,0.0
16109,611.88,18,2,2,0,0.0,611.88,305.94,2,0.0
17291,550.8000000000001,1,1,1,0,0.0,550.8000000000001,550.8000000000001,1,0.0
15090,381.32,23,1,1,0,0.0,381.32,381.32,1,0.0
15199,1268.7,5,4,4,0,0.0,1268.7,317.175,4,0.0
13911,2580.91,120,9,9,0,0.0,2580.91,286.7677777777778,9,0.0
14194,11349.52,269,21,15,11,132.77,11216.75,540.4533333333334,32,0.34375
14842,2824.69,128,4,4,4,367.88999999999993,2456.8,706.1725,8,0.5
17293,1507.92,87,8,7,0,0.0,1507.92,188.49,8,0.0
16456,1370.78,75,4,4,0,0.0,1370.78,342.695,4,0.0
17392,145.5,13,1,1,0,0.0,145.5,145.5,1,0.0
13584,142.4,24,1,1,0,0.0,142.4,142.4,1,0.0
17105,665.78,80,2,2,0,0.0,665.78,332.89,2,0.0
14438,131.9,9,1,1,0,0.0,131.9,131.9,1,0.0
12956,108.07,19,1,1,0,0.0,108.07,108.07,1,0.0
15781,345.46,20,3,3,1,11.9,333.56,115.15333333333332,4,0.25
14410,1100.27,153,9,7,6,526.8199999999999,573.45,122.25222222222222,15,0.4
14600,393.33000000000004,25,1,1,0,0.0,393.33000000000004,393.33000000000004,1,0.0
14952,7413.33,112,10,7,3,83.7,7329.63,741.333,13,0.23076923076923078
17302,1135.63,68,5,5,1,15.7,1119.93,227.12600000000003,6,0.16666666666666666
16686,2608.75,370,6,6,1,14.4,2594.35,434.7916666666667,7,0.14285714285714285
17613,4544.55,211,14,11,3,49.78,4494.77,324.6107142857143,17,0.17647058823529413
13334,3502.32,207,3,3,0,0.0,3502.32,1167.44,3,0.0
17692,397.68,13,3,3,1,7.5,390.18,132.56,4,0.25
13955,322.96,33,2,2,0,0.0,322.96,161.48,2,0.0
17162,1715.46,81,10,6,1,8.25,1707.21,171.546,11,0.09090909090909091
17774,1213.73,123,4,4,1,9.95,1203.78,303.4325,5,0.2
15407,1046.74,142,4,4,0,0.0,1046.74,261.685,4,0.0
15577,258.88,39,3,2,0,0.0,258.88,86.29333333333334,3,0.0
16332,1582.8,125,7,7,1,10.0,1572.8,226.1142857142857,8,0.125
18225,5474.96,149,11,11,4,116.30000000000001,5358.66,497.7236363636364,15,0.26666666666666666
14048,409.93,83,1,1,1,34.8,375.13,409.93,2,0.5
16945,4065.65,134,18,12,0,0.0,4065.65,225.86944444444444,18,0.0
18102,231822.69,145,56,24,2,3218.81,228603.88,4139.690892857143,58,0.034482758620689655
14293,681.64,41,3,3,0,0.0,681.64,227.21333333333334,3,0.0
14030,1682.34,183,6,6,0,0.0,1682.34,280.39,6,0.0
14475,925.85,35,3,3,3,126.03,799.82,308.6166666666667,6,0.5
17859,141.92000000000002,23,1,1,0,0.0,141.92000000000002,141.92000000000002,1,0.0
16458,3288.84,48,17,17,0,0.0,3288.84,193.46117647058824,17,0.0
16265,4606.19,145,7,7,2,23.85,4582.34,658.0271428571428,9,0.2222222222222222
16553,4110.38,50,10,5,1,51.0,4059.38,411.038,11,0.09090909090909091
16037,554.5600000000001,24,2,2,0,0.0,554.5600000000001,277.28000000000003,2,0.0
15753,79.2,1,1,1,0,0.0,79.2,79.2,1,0.0
17655,1962.8400000000001,58,6,6,0,0.0,1962.8400000000001,327.14000000000004,6,0.0
16713,6152.24,304,13,13,4,62.05,6090.19,473.24923076923073,17,0.23529411764705882
14562,5006.77,187,18,17,4,330.15,4676.62,278.1538888888889,22,0.18181818181818182
16951,1277.75,73,3,3,1,15.0,1262.75,425.9166666666667,4,0.25
16998,295.0,1,4,3,2,7.98,287.02000000000004,73.75,6,0.3333333333333333
13133,109.8,7,2,2,0,0.0,109.8,54.9,2,0.0
17881,133.35000000000002,8,1,1,0,0.0,133.35000000000002,133.35000000000002,1,0.0
15843,118.95000000000002,8,1,1,0,0.0,118.95000000000002,118.95000000000002,1,0.0
17083,1405.78,24,3,3,0,0.0,1405.78,468.5933333333333,3,0.0
15970,314.1,11,1,1,0,0.0,314.1,314.1,1,0.0
13590,1981.92,70,6,6,1,5.800000000000001,1976.12,330.32,7,0.14285714285714285
17537,887.67,74,2,2,0,0.0,887.67,443.835,2,0.0
16143,1613.5900000000001,61,4,4,0,0.0,1613.5900000000001,403.39750000000004,4,0.0
17412,810.3,33,5,5,0,0.0,810.3,162.06,5,0.0
16607,2692.89,134,12,12,1,14.040000000000001,2678.85,224.4075,13,0.07692307692307693
17843,205.48,36,1,1,0,0.0,205.48,205.48,1,0.0
17358,119.15,17,1,1,0,0.0,119.15,119.15,1,0.0
13706,330.79,20,1,1,0,0.0,330.79,330.79,1,0.0
17940,4020.04,6,10,9,4,2122.8599999999997,1897.18,402.004,14,0.2857142857142857
17686,5739.46,205,7,5,0,0.0,5739.46,819.9228571428572,7,0.0
14431,470.36,17,1,1,1,47.1,423.26,470.36,2,0.5
15809,515.77,31,5,5,1,116.56,399.21,103.154,6,0.16666666666666666
17377,3273.2400000000002,181,17,17,0,0.0,3273.2400000000002,192.54352941176472,17,0.0
14465,1038.44,107,3,2,0,0.0,1038.44,346.1466666666667,3,0.0
18093,2106.52,31,4,4,1,23.1,2083.42,526.63,5,0.2
16027,934.62,11,6,6,1,82.5,852.12,155.77,7,0.14285714285714285
12857,1106.4,37,2,2,0,0.0,1106.4,553.2,2,0.0
18230,2810.2000000000003,32,7,7,1,12.600000000000001,2797.6000000000004,401.4571428571429,8,0.125
18168,710.1,77,4,4,1,11.4,698.7,177.525,5,0.2
16425,302.7,21,1,1,0,0.0,302.7,302.7,1,0.0
17850,0.0,0,0,0,1,87.73000000000002,-87.73,0.0,1,1.0
16711,1436.83,17,4,4,0,0.0,1436.83,359.2075,4,0.0
16842,1264.19,45,3,3,1,3.75,1260.44,421.3966666666667,4,0.25
14081,498.1,78,1,1,2,29.849999999999998,468.25,498.1,3,0.6666666666666666
12931,41878.96,28,13,11,5,8593.150000000001,33285.81,3221.4584615384615,18,0.2777777777777778
15796,2708.61,70,8,8,2,44.95,2663.6600000000003,338.57625,10,0.2
12967,0.0,0,0,0,2,466.15000000000003,-466.15,0.0,2,1.0
14555,312.54,18,2,2,0,0.0,312.54,156.27,2,0.0
17790,1564.75,119,9,9,0,0.0,1564.75,173.86111111111111,9,0.0
15114,2760.56,136,10,10,0,0.0,2760.56,276.056,10,0.0
17809,4160.41,37,9,8,3,784.29,3376.12,462.2677777777778,12,0.25
15544,3192.17,117,8,8,2,4.199999999999999,3187.97,399.02125,10,0.2
15133,982.42,27,3,3,0,0.0,982.42,327.4733333333333,3,0.0
17705,1823.52,63,9,9,1,42.400000000000006,1781.12,202.61333333333334,10,0.1
18087,4055.7199999999993,2,2,2,2,285.6,3770.1199999999994,2027.8599999999997,4,0.5
17924,2683.5,25,6,4,4,36.42,2647.08,447.25,10,0.4
12897,216.5,3,2,2,0,0.0,216.5,108.25,2,0.0
17512,2924.9900000000002,61,10,10,1,4.95,2920.04,292.499,11,0.09090909090909091
15550,575.63,43,4,4,0,0.0,575.63,143.9075,4,0.0
13021,2459.03,100,8,7,2,11.7,2447.33,307.37875,10,0.2
14676,2548.2400000000002,29,6,6,2,5.0,2543.2400000000002,424.7066666666667,8,0.25
12913,2066.01,36,4,4,0,0.0,2066.01,516.5025,4,0.0
18159,530.15,23,1,1,0,0.0,530.15,530.15,1,0.0
14304,383.45,17,1,1,1,186.35000000000002,197.1,383.45,2,0.5
15299,2672.0,4,4,3,4,719.92,1952.08,668.0,8,0.5
15638,0.0,0,0,0,1,94.0,-94.0,0.0,1,1.0
12943,0.0,0,0,0,1,3.75,-3.75,0.0,1,1.0
13875,1786.79,79,5,5,0,0.0,1786.79,357.358,5,0.0
15856,12862.33,279,24,18,3,184.2,12678.130000000001,535.9304166666667,27,0.1111111111111111
15406,510.71000000000004,51,2,2,2,84.1,426.61,255.35500000000002,4,0.5
18084,90.47999999999999,1,1,1,1,2.95,87.52999999999999,90.47999999999999,2,0.5
17282,1685.46,79,3,3,0,0.0,1685.46,561.82,3,0.0
17126,787.5,149,4,2,1,2.95,784.55,196.875,5,0.2
16434,1511.8,88,7,7,0,0.0,1511.8,215.97142857142856,7,0.0
17050,3185.64,169,6,6,0,0.0,3185.64,530.9399999999999,6,0.0
17085,826.21,74,3,3,0,0.0,826.21,275.40333333333336,3,0.0
17454,351.68,49,3,3,0,0.0,351.68,117.22666666666667,3,0.0
13171,468.41,37,3,3,2,41.6,426.81,156.13666666666668,5,0.4
17472,697.54,142,3,3,0,0.0,697.54,232.51333333333332,3,0.0
17255,291.48,69,2,2,0,0.0,291.48,145.74,2,0.0
16084,436.18,38,1,1,0,0.0,436.18,436.18,1,0.0
17667,2055.51,85,5,4,0,0.0,2055.51,411.10200000000003,5,0.0
17937,2147.34,14,5,5,0,0.0,2147.34,429.468,5,0.0
14631,1006.98,38,3,3,0,0.0,1006.98,335.66,3,0.0
16098,1575.03,28,6,6,0,0.0,1575.03,262.505,6,0.0
13381,3639.31,77,6,6,1,12.5,3626.81,606.5516666666666,7,0.14285714285714285
12963,1490.83,64,7,6,1,15.6,1475.23,212.97571428571428,8,0.125
15236,321.05,15,1,1,0,0.0,321.05,321.05,1,0.0
17659,2639.51,119,10,10,2,44.709999999999994,2594.8,263.951,12,0.16666666666666666
17346,2387.54,278,13,12,1,64.98,2322.56,183.65692307692308,14,0.07142857142857142
13475,1431.78,64,4,4,0,0.0,1431.78,357.945,4,0.0
13717,1445.01,92,6,6,1,12.75,1432.26,240.835,7,0.14285714285714285
13157,1741.22,69,4,4,1,19.65,1721.57,435.305,5,0.2
14644,830.76,26,2,2,2,50.3,780.46,415.38,4,0.5
12993,414.76,26,4,4,0,0.0,414.76,103.69,4,0.0
17571,1425.67,247,4,4,0,0.0,1425.67,356.4175,4,0.0
12867,3646.55,219,6,6,2,42.35000000000001,3604.2,607.7583333333333,8,0.25
16979,1852.0,64,6,6,2,42.95,1809.05,308.6666666666667,8,0.25
16738,3.75,1,1,1,0,0.0,3.75,3.75,1,0.0
15122,1633.78,65,3,3,3,21.650000000000002,1612.13,544.5933333333334,6,0.5
13848,935.0,3,2,2,0,0.0,935.0,467.5,2,0.0
17612,2048.45,116,6,6,4,55.69,1992.76,341.4083333333333,10,0.4
15811,1779.82,103,4,4,3,47.3,1732.52,444.955,7,0.42857142857142855
17348,1156.6,180,5,5,0,0.0,1156.6,231.32,5,0.0
13893,821.1,21,1,1,0,0.0,821.1,821.1,1,0.0
13941,4017.84,20,4,4,1,124.95,3892.8900000000003,1004.46,5,0.2
14035,1428.02,41,5,5,0,0.0,1428.02,285.604,5,0.0
13623,727.74,75,5,5,2,75.33999999999999,652.4,145.548,7,0.2857142857142857
14346,1021.58,55,2,2,0,0.0,1021.58,510.79,2,0.0
16431,623.28,51,3,2,0,0.0,623.28,207.76,3,0.0
16317,1341.65,64,3,3,0,0.0,1341.65,447.2166666666667,3,0.0
14825,1824.5800000000002,71,10,10,0,0.0,1824.5800000000002,182.45800000000003,10,0.0
16073,122.39999999999999,1,1,1,1,28.049999999999997,94.35,122.39999999999999,2,0.5
14477,1309.6,7,4,4,1,1.79,1307.81,327.4,5,0.2
17819,2724.75,26,5,5,1,43.8,2680.95,544.95,6,0.16666666666666666
14760,89.2,5,1,1,1,35.400000000000006,53.8,89.2,2,0.5
17530,2066.48,268,9,8,0,0.0,2066.48,229.60888888888888,9,0.0
13880,3121.97,122,12,9,0,0.0,3121.97,260.16416666666663,12,0.0
14897,1366.38,43,4,4,0,0.0,1366.38,341.595,4,0.0
15810,1391.98,66,4,4,3,246.54999999999998,1145.43,347.995,7,0.42857142857142855
16509,363.7,13,1,1,0,0.0,363.7,363.7,1,0.0
14386,142.4,7,1,1,0,0.0,142.4,142.4,1,0.0
17567,3813.5299999999997,98,7,7,2,318.91999999999996,3494.61,544.79,9,0.2222222222222222
14530,2862.11,140,6,6,0,0.0,2862.11,477.0183333333334,6,0.0
15670,173.05,12,1,1,0,0.0,173.05,173.05,1,0.0
16126,6287.77,57,4,4,0,0.0,6287.77,1571.9425,4,0.0
15759,155.8,2,2,2,0,0.0,155.8,77.9,2,0.0
15024,1145.21,78,8,6,0,0.0,1145.21,143.15125,8,0.0
14609,601.56,2,4,4,0,0.0,601.56,150.39,4,0.0
15356,2379.11,172,8,8,0,0.0,2379.11,297.38875,8,0.0
13414,1390.5,23,3,3,0,0.0,1390.5,463.5,3,0.0
12823,1759.5,1,5,5,0,0.0,1759.5,351.9,5,0.0
14944,5900.25,101,12,7,1,17.700000000000003,5882.55,491.6875,13,0.07692307692307693
16494,826.53,47,1,1,0,0.0,826.53,826.53,1,0.0
14959,695.42,37,4,4,1,10.45,684.97,173.855,5,0.2
16148,76.32000000000001,1,1,1,0,0.0,76.32000000000001,76.32000000000001,1,0.0
18219,1679.71,48,8,7,1,50.0,1629.71,209.96375,9,0.1111111111111111
17422,1979.37,93,6,6,4,126.24000000000001,1853.1299999999999,329.895,10,0.4
17175,1443.69,42,4,4,1,12.75,1430.94,360.9225,5,0.2
18257,2337.63,97,8,7,4,72.25000000000001,2265.38,292.20375,12,0.3333333333333333
17857,25538.34,18,21,18,2,115.69999999999999,25422.64,1216.1114285714286,23,0.08695652173913043
14107,2339.9900000000002,56,6,6,0,0.0,2339.9900000000002,389.9983333333334,6,0.0
13305,1864.66,47,9,9,0,0.0,1864.66,207.18444444444447,9,0.0
13327,2882.77,63,6,6,1,10.2,2872.57,480.46166666666664,7,0.14285714285714285
13018,7277.7,313,28,20,1,4.95,7272.75,259.91785714285714,29,0.034482758620689655
13718,306.55,9,2,2,0,0.0,306.55,153.275,2,0.0
15382,5955.71,193,6,5,2,27.849999999999998,5927.86,992.6183333333333,8,0.25
14754,638.05,38,2,2,0,0.0,638.05,319.025,2,0.0
17865,9446.49,176,18,14,7,367.78,9078.710000000001,524.805,25,0.28
13151,1257.8700000000001,73,1,1,1,7.5,1250.3700000000001,1257.8700000000001,2,0.5
13178,5015.47,88,10,10,0,0.0,5015.47,501.547,10,0.0
18116,741.74,162,5,5,0,0.0,741.74,148.348,5,0.0
13085,416.08000000000004,17,2,2,1,143.7,272.38,208.04000000000002,3,0.3333333333333333
15903,5126.76,46,7,7,1,0.42,5126.34,732.3942857142857,8,0.125
15785,2328.9700000000003,58,5,4,3,25.22,2303.75,465.79400000000004,8,0.375
16556,3002.94,135,6,6,0,0.0,3002.94,500.49,6,0.0
18138,152.65,8,1,1,0,0.0,152.65,152.65,1,0.0
14379,348.1,39,2,2,0,0.0,348.1,174.05,2,0.0
14211,2241.1,87,9,9,4,32.8,2208.3,249.0111111111111,13,0.3076923076923077
14371,100.5,4,1,1,0,0.0,100.5,100.5,1,0.0
13425,1624.21,66,3,3,0,0.0,1624.21,541.4033333333333,3,0.0
12852,311.55,17,1,1,1,11.8,299.75,311.55,2,0.5
15228,3386.71,110,4,4,1,9.75,3376.96,846.6775,5,0.2
13012,1646.8400000000001,67,8,8,3,350.22,1296.6200000000001,205.85500000000002,11,0.2727272727272727
16182,6617.65,17,4,4,0,0.0,6617.65,1654.4125,4,0.0
13489,449.52,11,4,4,0,0.0,449.52,112.38,4,0.0
13904,332.64,24,2,2,0,0.0,332.64,166.32,2,0.0
14057,5285.74,146,15,13,1,70.56,5215.18,352.38266666666664,16,0.0625
15755,2364.25,127,6,6,2,45.370000000000005,2318.88,394.0416666666667,8,0.25
16393,2749.41,115,11,11,6,88.50999999999999,2660.9,249.94636363636363,17,0.35294117647058826
13932,307.4,16,1,1,0,0.0,307.4,307.4,1,0.0
16726,1229.17,113,4,3,0,0.0,1229.17,307.2925,4,0.0
13799,688.86,32,2,2,0,0.0,688.86,344.43,2,0.0
13951,674.45,38,3,3,0,0.0,674.45,224.8166666666667,3,0.0
16765,34.0,1,1,1,0,0.0,34.0,34.0,1,0.0
18172,7561.68,100,20,14,5,71.50999999999999,7490.17,378.084,25,0.2
16566,614.66,14,5,5,1,0.65,614.01,122.93199999999999,6,0.16666666666666666
12891,331.0,2,3,3,0,0.0,331.0,110.33333333333333,3,0.0
16466,1595.96,103,7,7,0,0.0,1595.96,227.99428571428572,7,0.0
14878,1154.08,59,8,8,0,0.0,1154.08,144.26,8,0.0
16115,1660.8799999999999,169,8,8,0,0.0,1660.8799999999999,207.60999999999999,8,0.0
14162,289.36,25,2,2,0,0.0,289.36,144.68,2,0.0
13301,618.09,75,4,4,0,0.0,618.09,154.5225,4,0.0
14803,845.55,35,3,3,0,0.0,845.55,281.84999999999997,3,0.0
17838,1817.94,67,3,3,1,453.4000000000001,1364.54,605.98,4,0.25
13744,1080.52,54,2,2,0,0.0,1080.52,540.26,2,0.0
12988,505.82,75,1,1,0,0.0,505.82,505.82,1,0.0
17323,906.52,125,7,7,2,12.08,894.44,129.50285714285715,9,0.2222222222222222
18094,3017.3,39,7,5,0,0.0,3017.3,431.04285714285714,7,0.0
15129,3447.4,54,11,10,0,0.0,3447.4,313.40000000000003,11,0.0
17361,488.2,26,3,3,0,0.0,488.2,162.73333333333332,3,0.0
18155,371.62,19,3,3,1,23.799999999999997,347.82,123.87333333333333,4,0.25
15321,2748.31,83,3,2,1,84.83000000000001,2663.48,916.1033333333334,4,0.25
13477,1454.58,57,6,6,2,13.05,1441.53,242.42999999999998,8,0.25
15065,3158.13,148,4,4,2,22.15,3135.98,789.5325,6,0.3333333333333333
16980,1028.46,71,2,2,0,0.0,1028.46,514.23,2,0.0
15146,1327.16,90,2,2,1,13.5,1313.66,663.58,3,0.3333333333333333
14639,2307.95,118,5,3,1,21.2,2286.75,461.59,6,0.16666666666666666
13410,1003.06,15,5,5,2,14.15,988.91,200.612,7,0.2857142857142857
13044,560.47,33,1,1,0,0.0,560.47,560.47,1,0.0
16441,381.2,22,2,2,0,0.0,381.2,190.6,2,0.0
16014,646.83,123,3,3,1,9.25,637.58,215.61,4,0.25
17526,957.3,12,2,2,3,474.19999999999993,483.1,478.65,5,0.6
14520,270.6,3,2,2,0,0.0,270.6,135.3,2,0.0
17994,674.89,63,4,4,2,48.8,626.09,168.7225,6,0.3333333333333333
16546,487.75,19,1,1,0,0.0,487.75,487.75,1,0.0
13038,908.46,24,3,3,0,0.0,908.46,302.82,3,0.0
17002,1493.73,41,3,3,1,5.95,1487.78,497.91,4,0.25
15722,2211.21,45,5,4,1,41.35,2169.86,442.242,6,0.16666666666666666
16349,53.5,9,1,1,0,0.0,53.5,53.5,1,0.0
16913,113.44,8,1,1,0,0.0,113.44,113.44,1,0.0
17442,2248.56,96,6,6,3,21.3,2227.2599999999998,374.76,9,0.3333333333333333
18114,220.1,28,1,1,0,0.0,220.1,220.1,1,0.0
15303,574.02,31,1,1,0,0.0,574.02,574.02,1,0.0
12845,354.09,26,4,4,0,0.0,354.09,88.5225,4,0.0
18188,2001.04,63,3,3,1,2.55,1998.49,667.0133333333333,4,0.25
16045,1340.7,71,4,4,0,0.0,1340.7,335.175,4,0.0
16907,748.84,77,4,4,0,0.0,748.84,187.21,4,0.0
16573,663.61,40,2,2,2,15.2,648.41,331.805,4,0.5
13421,1833.71,88,2,2,1,2.1,1831.61,916.855,3,0.3333333333333333
18196,686.63,131,2,2,0,0.0,686.63,343.315,2,0.0
13077,414.3,87,3,2,0,0.0,414.3,138.1,3,0.0
13285,2709.12,157,4,4,0,0.0,2709.12,677.28,4,0.0
13184,1668.95,138,10,9,2,52.5,1616.45,166.895,12,0.16666666666666666
18151,653.35,38,2,2,0,0.0,653.35,326.675,2,0.0
13804,2588.39,124,7,6,0,0.0,2588.39,369.77,7,0.0
17499,622.88,40,1,1,0,0.0,622.88,622.88,1,0.0
15397,94.0,6,1,1,0,0.0,94.0,94.0,1,0.0
17706,10026.66,253,14,11,5,407.12,9619.54,716.1899999999999,19,0.2631578947368421
14276,1119.74,52,3,3,2,100.35,1019.39,373.24666666666667,5,0.4
13453,356.97999999999996,16,2,2,0,0.0,356.97999999999996,178.48999999999998,2,0.0
17135,924.15,32,6,4,0,0.0,924.15,154.025,6,0.0
15605,1003.38,53,4,4,0,0.0,1003.38,250.845,4,0.0
16394,1555.34,61,5,5,4,143.28000000000003,1412.06,311.068,9,0.4444444444444444
17711,385.1,22,2,2,0,0.0,385.1,192.55,2,0.0
13865,501.56,26,4,4,0,0.0,501.56,125.39,4,0.0
16940,3049.88,226,3,3,0,0.0,3049.88,1016.6266666666667,3,0.0
14289,911.26,33,6,6,0,0.0,911.26,151.87666666666667,6,0.0
15858,1043.64,119,4,4,0,0.0,1043.64,260.91,4,0.0
16208,664.26,61,2,2,0,0.0,664.26,332.13,2,0.0
17063,1461.14,66,7,4,4,39.550000000000004,1421.59,208.73428571428573,11,0.36363636363636365
13149,1676.06,76,4,4,0,0.0,1676.06,419.015,4,0.0
18068,101.69999999999999,1,1,1,0,0.0,101.69999999999999,101.69999999999999,1,0.0
15932,2495.87,93,8,8,3,34.019999999999996,2461.85,311.98375,11,0.2727272727272727
16692,1276.0,2,2,2,0,0.0,1276.0,638.0,2,0.0
15590,0.0,0,0,0,1,30.19,-30.19,0.0,1,1.0
17171,224.91,16,1,1,0,0.0,224.91,224.91,1,0.0
18231,2071.77,106,5,5,1,17.1,2054.67,414.354,6,0.16666666666666666
14004,4582.64,102,7,7,0,0.0,4582.64,654.6628571428572,7,0.0
17139,10650.77,309,12,9,3,82.89999999999999,10567.87,887.5641666666667,15,0.2
14513,455.59000000000003,11,3,3,1,17.099999999999998,438.49,151.86333333333334,4,0.25
13118,1197.81,68,5,4,2,72.81,1125.0,239.56199999999998,7,0.2857142857142857
15974,3442.15,141,7,7,1,12.600000000000001,3429.55,491.7357142857143,8,0.125
17830,398.7,18,3,3,0,0.0,398.7,132.9,3,0.0
14841,2900.6,87,5,5,0,0.0,2900.6,580.12,5,0.0
16086,944.13,22,4,4,1,2.08,942.0500000000001,236.0325,5,0.2
14231,925.71,47,3,3,2,103.65,822.0600000000001,308.57,5,0.4
15805,5117.38,216,16,12,3,76.31,5041.07,319.83625,19,0.15789473684210525
17867,1157.8700000000001,62,6,4,2,574.35,583.52,192.97833333333335,8,0.25
14880,690.59,45,3,3,0,0.0,690.59,230.1966666666667,3,0.0
15121,457.72,28,2,2,0,0.0,457.72,228.86,2,0.0
18065,2047.81,93,12,5,0,0.0,2047.81,170.65083333333334,12,0.0
17117,116.19999999999999,9,1,1,0,0.0,116.19999999999999,116.19999999999999,1,0.0
17017,6336.62,64,15,12,6,97.35,6239.2699999999995,422.4413333333333,21,0.2857142857142857
12945,462.95,23,1,1,0,0.0,462.95,462.95,1,0.0
18056,363.65,19,1,1,0,0.0,363.65,363.65,1,0.0
16072,584.3199999999999,23,1,1,0,0.0,584.3199999999999,584.3199999999999,1,0.0
16838,588.85,24,2,2,1,5.95,582.9,294.425,3,0.3333333333333333
15543,127.86,26,1,1,0,0.0,127.86,127.86,1,0.0
16722,3931.29,72,11,11,2,18.15,3913.14,357.39,13,0.15384615384615385
13751,296.25,9,1,1,0,0.0,296.25,296.25,1,0.0
17090,1913.45,45,6,6,1,2.1,1911.3500000000001,318.90833333333336,7,0.14285714285714285
15847,389.27,22,2,2,0,0.0,389.27,194.635,2,0.0
13851,2651.46,77,3,3,0,0.0,2651.46,883.82,3,0.0
13345,389.5,20,1,1,1,11.899999999999999,377.6,389.5,2,0.5
13870,2770.94,91,8,6,2,19.69,2751.25,346.3675,10,0.2
12839,4853.97,87,12,12,2,7.8,4846.17,404.4975,14,0.14285714285714285
17034,745.52,28,3,3,1,10.950000000000001,734.5699999999999,248.50666666666666,4,0.25
16592,4113.68,142,16,9,3,40.4,4073.28,257.105,19,0.15789473684210525
15712,1072.3600000000001,41,5,5,0,0.0,1072.3600000000001,214.47200000000004,5,0.0
13362,3090.7400000000002,128,4,4,1,5.25,3085.4900000000002,772.6850000000001,5,0.2
14470,461.19,43,2,2,0,0.0,461.19,230.595,2,0.0
17388,1259.56,13,4,4,0,0.0,1259.56,314.89,4,0.0
16841,1869.82,101,6,6,1,95.2,1774.62,311.63666666666666,7,0.14285714285714285
13753,741.26,35,1,1,0,0.0,741.26,741.26,1,0.0
13666,84.65,12,3,2,0,0.0,84.65,28.21666666666667,3,0.0
14481,636.51,25,2,2,0,0.0,636.51,318.255,2,0.0
13792,195.55,13,2,2,0,0.0,195.55,97.775,2,0.0
17663,1802.91,63,7,7,2,14.64,1788.27,257.55857142857144,9,0.2222222222222222
13973,264.7,11,1,1,0,0.0,264.7,264.7,1,0.0
15990,792.11,52,2,2,0,0.0,792.11,396.055,2,0.0
14573,1237.82,85,8,7,4,49.7,1188.12,154.7275,12,0.3333333333333333
13684,65.13,29,1,1,1,3.0,62.13,65.13,2,0.5
13261,944.1,8,2,2,0,0.0,944.1,472.05,2,0.0
16598,145.04999999999998,10,1,1,1,4.35,140.7,145.04999999999998,2,0.5
14147,483.4,4,2,2,1,15.0,468.4,241.7,3,0.3333333333333333
15951,708.22,36,2,2,1,38.650000000000006,669.57,354.11,3,0.3333333333333333
13971,2758.26,118,8,8,3,56.040000000000006,2702.2200000000003,344.7825,11,0.2727272727272727
17516,764.88,113,5,4,0,0.0,764.88,152.976,5,0.0
13630,2031.78,51,7,7,4,36.1,1995.68,290.2542857142857,11,0.36363636363636365
14157,424.89000000000004,45,2,2,1,32.45,392.44,212.44500000000002,3,0.3333333333333333
13636,949.12,57,5,5,1,7.5,941.62,189.824,6,0.16666666666666666
13610,1082.33,165,7,7,2,16.45,1065.88,154.6185714285714,9,0.2222222222222222
14745,1220.26,46,5,4,1,53.1,1167.16,244.052,6,0.16666666666666666
15996,769.33,76,5,5,1,15.9,753.4300000000001,153.866,6,0.16666666666666666
14036,626.65,38,1,1,0,0.0,626.65,626.65,1,0.0
16057,2263.12,109,7,4,3,122.89999999999999,2140.2200000000003,323.30285714285714,10,0.3
15724,218.25,11,2,2,1,5.95,212.3,109.125,3,0.3333333333333333
13675,486.82000000000005,25,2,2,0,0.0,486.82000000000005,243.41000000000003,2,0.0
15062,778.78,42,3,3,0,0.0,778.78,259.5933333333333,3,0.0
14227,3350.96,117,10,6,5,35.25,3315.71,335.096,15,0.3333333333333333
16668,306.71999999999997,9,6,6,0,0.0,306.71999999999997,51.12,6,0.0
16667,567.1800000000001,52,2,2,0,0.0,567.1800000000001,283.59000000000003,2,0.0
13509,979.72,27,7,7,0,0.0,979.72,139.96,7,0.0
15874,4405.88,110,7,6,2,75.21000000000001,4330.67,629.4114285714286,9,0.2222222222222222
16187,6911.4400000000005,160,15,11,2,70.2,6841.24,460.7626666666667,17,0.11764705882352941
16339,94.05,17,1,1,0,0.0,94.05,94.05,1,0.0
14078,913.13,39,5,5,0,0.0,913.13,182.626,5,0.0
14046,154.99,14,1,1,0,0.0,154.99,154.99,1,0.0
13292,578.9399999999999,29,2,2,0,0.0,578.9399999999999,289.46999999999997,2,0.0
16427,241.06,8,2,2,0,0.0,241.06,120.53,2,0.0
14056,8152.71,320,23,23,6,90.25000000000001,8062.46,354.46565217391304,29,0.20689655172413793
15656,748.5,46,4,4,0,0.0,748.5,187.125,4,0.0
16518,484.32,36,2,2,1,3.4,480.92,242.16,3,0.3333333333333333
17165,158.68,10,1,1,0,0.0,158.68,158.68,1,0.0
17462,675.69,25,2,2,1,12.75,662.94,337.845,3,0.3333333333333333
14620,412.78000000000003,26,2,2,1,19.5,393.28000000000003,206.39000000000001,3,0.3333333333333333
14740,1448.21,85,3,3,1,25.0,1423.21,482.7366666666667,4,0.25
16462,136.0,1,3,3,1,34.0,102.0,45.333333333333336,4,0.25
16078,79.2,1,1,1,0,0.0,79.2,79.2,1,0.0
16915,621.6800000000001,46,6,6,0,0.0,621.6800000000001,103.61333333333334,6,0.0
15676,3435.76,191,3,3,2,111.67,3324.09,1145.2533333333333,5,0.4
18044,2014.3500000000001,84,9,9,1,2.95,2011.4,223.8166666666667,10,0.1
15709,133.25,6,1,1,0,0.0,133.25,133.25,1,0.0
15241,1756.44,82,8,8,1,17.85,1738.59,219.555,9,0.1111111111111111
12933,607.53,102,3,3,1,1.25,606.28,202.51,4,0.25
15092,457.81,23,2,2,0,0.0,457.81,228.905,2,0.0
14506,1703.65,190,4,4,0,0.0,1703.65,425.9125,4,0.0
15319,204.5,16,1,1,0,0.0,204.5,204.5,1,0.0
16212,690.34,40,2,2,1,9.15,681.19,345.17,3,0.3333333333333333
15257,317.15,7,1,1,1,85.0,232.14999999999998,317.15,2,0.5
14656,291.05,73,2,2,0,0.0,291.05,145.525,2,0.0
13884,787.6,45,5,4,1,6.300000000000001,781.3000000000001,157.52,6,0.16666666666666666
15456,203.37,32,2,1,0,0.0,203.37,101.685,2,0.0
15660,1391.56,52,8,5,3,48.85,1342.71,173.945,11,0.2727272727272727
13166,417.2,39,1,1,1,2.5,414.7,417.2,2,0.5
16389,1382.07,33,4,4,1,19.799999999999997,1362.27,345.5175,5,0.2
15750,2122.53,202,6,6,0,0.0,2122.53,353.75500000000005,6,0.0
17449,1834.95,145,6,5,1,16.0,1818.95,305.825,7,0.14285714285714285
15416,3984.32,165,4,4,1,9.95,3974.37,996.08,5,0.2
13497,194.55,10,1,1,0,0.0,194.55,194.55,1,0.0
15733,162.3,10,1,1,0,0.0,162.3,162.3,1,0.0
16678,3109.99,92,12,12,5,96.16,3013.83,259.1658333333333,17,0.29411764705882354
12834,312.38,18,1,1,0,0.0,312.38,312.38,1,0.0
13722,2375.41,75,3,2,1,6.25,2369.16,791.8033333333333,4,0.25
15067,1744.76,82,3,2,0,0.0,1744.76,581.5866666666667,3,0.0
16128,1880.22,76,5,5,0,0.0,1880.22,376.044,5,0.0
15641,1578.83,87,3,3,0,0.0,1578.83,526.2766666666666,3,0.0
17770,1143.27,33,5,4,0,0.0,1143.27,228.654,5,0.0
15622,3709.56,169,9,5,7,485.03,3224.53,412.17333333333335,16,0.4375
14473,234.34000000000003,7,2,2,0,0.0,234.34000000000003,117.17000000000002,2,0.0
15104,993.54,66,2,2,1,24.9,968.64,496.77,3,0.3333333333333333
15643,664.0,31,3,2,3,16.6,647.4,221.33333333333334,6,0.5
16792,110.38000000000001,11,2,1,0,0.0,110.38000000000001,55.190000000000005,2,0.0
15031,653.19,74,4,4,0,0.0,653.19,163.2975,4,0.0
15636,724.76,20,2,2,0,0.0,724.76,362.38,2,0.0
12873,374.0,4,1,1,0,0.0,374.0,374.0,1,0.0
17923,207.50000000000003,1,1,1,0,0.0,207.50000000000003,207.50000000000003,1,0.0
16217,304.25,13,2,2,2,44.86,259.39000000000004,152.125,4,0.5
17738,1879.05,89,4,3,1,15.7,1863.35,469.7625,5,0.2
17426,5037.26,179,6,4,1,15.0,5022.26,839.5433333333334,7,0.14285714285714285
14388,2900.04,108,7,7,1,27.349999999999998,2872.69,414.2914285714286,8,0.125
16957,416.64,15,2,2,0,0.0,416.64,208.32,2,0.0
15304,571.25,8,7,7,2,14.1,557.15,81.60714285714286,9,0.2222222222222222
16571,1421.69,73,3,3,2,136.46999999999997,1285.22,473.8966666666667,5,0.4
17646,757.39,39,2,2,1,12.73,744.6600000000001,378.695,3,0.3333333333333333
14483,137.1,9,1,1,1,7.9,129.2,137.1,2,0.5
15087,306.94,15,1,1,0,0.0,306.94,306.94,1,0.0
16709,3029.87,64,5,4,0,0.0,3029.87,605.9739999999999,5,0.0
17856,1418.03,12,4,4,2,24.240000000000002,1393.79,354.5075,6,0.3333333333333333
15053,693.95,49,3,3,0,0.0,693.95,231.3166666666667,3,0.0
18218,641.92,17,2,2,2,35.7,606.22,320.96,4,0.5
16159,348.2,14,1,1,0,0.0,348.2,348.2,1,0.0
17995,76.1,2,1,1,0,0.0,76.1,76.1,1,0.0
14524,1568.38,143,8,5,0,0.0,1568.38,196.0475,8,0.0
17374,495.77,24,2,2,0,0.0,495.77,247.885,2,0.0
17789,225.9,14,1,1,0,0.0,225.9,225.9,1,0.0
17416,6893.42,186,7,7,2,55.08,6838.34,984.7742857142857,9,0.2222222222222222
17652,4867.72,118,12,12,6,130.59,4737.13,405.6433333333334,18,0.3333333333333333
13476,1238.47,56,2,2,2,145.7,1092.77,619.235,4,0.5
17873,1644.0100000000002,17,4,4,1,94.80000000000001,1549.21,411.00250000000005,5,0.2
17700,2534.64,116,4,4,1,15.9,2518.74,633.66,5,0.2
15393,231.86,10,2,2,0,0.0,231.86,115.93,2,0.0
13959,379.3,68,2,2,0,0.0,379.3,189.65,2,0.0
13014,3466.2799999999997,67,10,10,6,100.85000000000001,3365.43,346.628,16,0.375
13931,1237.53,56,2,2,1,6.6,1230.93,618.765,3,0.3333333333333333
13382,222.99,15,1,1,0,0.0,222.99,222.99,1,0.0
15220,1778.96,110,6,6,1,20.04,1758.92,296.49333333333334,7,0.14285714285714285
14570,218.06,29,2,1,0,0.0,218.06,109.03,2,0.0
14447,1163.23,54,5,4,0,0.0,1163.23,232.64600000000002,5,0.0
13557,584.06,31,2,2,0,0.0,584.06,292.03,2,0.0
16449,707.69,40,2,2,1,33.0,674.69,353.845,3,0.3333333333333333
15514,2199.01,79,7,6,0,0.0,2199.01,314.14428571428573,7,0.0
17325,96.8,6,1,1,0,0.0,96.8,96.8,1,0.0
14995,231.98000000000002,53,2,2,0,0.0,231.98000000000002,115.99000000000001,2,0.0
16414,126.25,5,2,2,0,0.0,126.25,63.125,2,0.0
15681,1426.16,32,5,4,1,479.8,946.36,285.232,6,0.16666666666666666
14670,392.86,107,2,1,0,0.0,392.86,196.43,2,0.0
15675,323.69,20,3,3,0,0.0,323.69,107.89666666666666,3,0.0
17191,1583.57,119,4,4,0,0.0,1583.57,395.8925,4,0.0
17535,164.4,13,1,1,0,0.0,164.4,164.4,1,0.0
15400,716.2,10,5,5,1,49.5,666.7,143.24,6,0.16666666666666666
14903,2795.33,227,5,5,5,66.14999999999999,2729.18,559.066,10,0.5
14499,808.44,146,3,3,0,0.0,808.44,269.48,3,0.0
18211,600.07,37,5,5,0,0.0,600.07,120.01400000000001,5,0.0
14161,814.47,69,2,2,0,0.0,814.47,407.235,2,0.0
14504,673.26,85,4,4,0,0.0,673.26,168.315,4,0.0
15572,2533.42,166,7,5,0,0.0,2533.42,361.9171428571429,7,0.0
17107,10797.48,269,6,5,1,435.0,10362.48,1799.58,7,0.14285714285714285
14247,136.76999999999998,19,1,1,0,0.0,136.76999999999998,136.76999999999998,1,0.0
15554,217.2,14,1,1,0,0.0,217.2,217.2,1,0.0
14915,307.48,12,2,2,1,48.65,258.83,153.74,3,0.3333333333333333
16136,709.38,35,3,3,0,0.0,709.38,236.46,3,0.0
18280,180.60000000000002,10,1,1,0,0.0,180.60000000000002,180.60000000000002,1,0.0
13344,2511.69,115,3,2,0,0.0,2511.69,837.23,3,0.0
16621,813.48,22,4,4,0,0.0,813.48,203.37,4,0.0
16225,1096.32,109,5,4,0,0.0,1096.32,219.26399999999998,5,0.0
14214,1004.38,64,5,5,2,4.15,1000.23,200.876,7,0.2857142857142857
14012,328.8,11,1,1,0,0.0,328.8,328.8,1,0.0
16356,211.77,20,3,3,1,1.45,210.32000000000002,70.59,4,0.25
17654,117.55,22,1,1,0,0.0,117.55,117.55,1,0.0
15026,469.0,57,3,3,0,0.0,469.0,156.33333333333334,3,0.0
16517,162.7,17,1,1,0,0.0,162.7,162.7,1,0.0
14817,1110.34,52,2,2,0,0.0,1110.34,555.17,2,0.0
17092,1774.03,99,4,4,0,0.0,1774.03,443.5075,4,0.0
15752,2366.95,227,6,6,1,8.45,2358.5,394.4916666666666,7,0.14285714285714285
13092,292.38,16,4,4,1,18.0,274.38,73.095,5,0.2
16242,3579.86,184,7,7,1,4.95,3574.91,511.40857142857146,8,0.125
15869,149.64,13,2,1,0,0.0,149.64,74.82,2,0.0
17817,387.68,32,3,2,0,0.0,387.68,129.22666666666666,3,0.0
15834,2225.15,242,4,3,1,125.0,2100.15,556.2875,5,0.2
15234,197.0,14,1,1,0,0.0,197.0,197.0,1,0.0
15764,3279.97,150,6,4,4,34.5,3245.47,546.6616666666666,10,0.4
15806,784.58,24,3,3,0,0.0,784.58,261.5266666666667,3,0.0
15819,1905.45,96,4,4,0,0.0,1905.45,476.3625,4,0.0
14586,237.36,19,1,1,2,103.2,134.16,237.36,3,0.6666666666666666
15944,325.1,6,1,1,0,0.0,325.1,325.1,1,0.0
13340,10736.48,128,7,5,0,0.0,10736.48,1533.782857142857,7,0.0
16917,391.52,9,1,1,0,0.0,391.52,391.52,1,0.0
14407,2157.73,67,6,6,3,46.65,2111.08,359.62166666666667,9,0.3333333333333333
13908,2369.55,104,4,4,1,22.500000000000004,2347.05,592.3875,5,0.2
16710,1948.07,222,8,7,0,0.0,1948.07,243.50875,8,0.0
13975,2461.2400000000002,240,6,5,1,23.05,2438.19,410.2066666666667,7,0.14285714285714285
14730,1897.57,317,8,7,0,0.0,1897.57,237.19625,8,0.0
16927,324.95,4,2,2,0,0.0,324.95,162.475,2,0.0
14367,9227.82,270,16,13,3,93.7,9134.12,576.73875,19,0.15789473684210525
13373,3312.25,135,3,3,0,0.0,3312.25,1104.0833333333333,3,0.0
16712,3611.31,259,11,9,0,0.0,3611.31,328.3009090909091,11,0.0
17639,108.5,7,1,1,0,0.0,108.5,108.5,1,0.0
16426,1863.76,211,10,7,0,0.0,1863.76,186.376,10,0.0
16495,648.26,78,3,2,0,0.0,648.26,216.08666666666667,3,0.0
14336,1614.91,77,4,4,0,0.0,1614.91,403.7275,4,0.0
14507,1367.88,79,6,5,1,15.0,1352.88,227.98000000000002,7,0.14285714285714285
17049,5655.03,201,9,8,2,65.2,5589.83,628.3366666666666,11,0.18181818181818182
15206,420.29999999999995,3,4,4,0,0.0,420.29999999999995,105.07499999999999,4,0.0
14013,473.02,30,3,3,0,0.0,473.02,157.67333333333332,3,0.0
14032,2356.17,45,9,9,5,36.6,2319.5699999999997,261.7966666666667,14,0.35714285714285715
14645,597.09,28,2,2,0,0.0,597.09,298.545,2,0.0
15071,982.07,25,2,2,0,0.0,982.07,491.035,2,0.0
16221,694.12,81,2,2,0,0.0,694.12,347.06,2,0.0
14112,2915.15,117,7,5,5,140.98000000000002,2774.17,416.45,12,0.4166666666666667
13026,975.36,32,5,5,3,39.21,936.15,195.072,8,0.375
12881,298.0,7,1,1,0,0.0,298.0,298.0,1,0.0
17864,554.85,70,3,3,0,0.0,554.85,184.95000000000002,3,0.0
17138,380.5,24,1,1,0,0.0,380.5,380.5,1,0.0
15502,9455.53,149,9,6,8,4458.070000000001,4997.46,1050.6144444444444,17,0.47058823529411764
16572,1009.6,40,3,3,1,9.9,999.7,336.53333333333336,4,0.25
14165,120.44,23,1,1,0,0.0,120.44,120.44,1,0.0
14344,534.28,46,5,5,0,0.0,534.28,106.856,5,0.0
15367,1877.59,91,4,3,1,9.9,1867.69,469.3975,5,0.2
15581,3351.91,94,9,9,1,250.0,3101.91,372.4344444444444,10,0.1
14291,3883.25,145,11,7,1,9.95,3873.3,353.02272727272725,12,0.08333333333333333
13953,3015.68,8,6,6,0,0.0,3015.68,502.6133333333333,6,0.0
15632,3285.31,107,8,8,2,138.0,3147.31,410.66375,10,0.2
14297,1305.33,48,4,4,2,21.270000000000003,1284.06,326.3325,6,0.3333333333333333
13899,388.52,19,2,2,0,0.0,388.52,194.26,2,0.0
16471,223.95000000000002,13,1,1,0,0.0,223.95000000000002,223.95000000000002,1,0.0
18183,632.07,36,2,2,4,31.549999999999997,600.52,316.035,6,0.6666666666666666
14603,660.0,2,1,1,0,0.0,660.0,660.0,1,0.0
18173,2106.84,23,4,4,0,0.0,2106.84,526.71,4,0.0
14854,2740.03,110,7,7,1,9.939999999999998,2730.09,391.4328571428572,8,0.125
16625,333.08,23,1,1,0,0.0,333.08,333.08,1,0.0
14064,1334.34,59,5,5,2,165.42,1168.92,266.868,7,0.2857142857142857
16743,1782.85,83,6,5,1,46.25,1736.6,297.14166666666665,7,0.14285714285714285
15308,310.47,19,1,1,1,8.2,302.27,310.47,2,0.5
18086,101.34,7,1,1,0,0.0,101.34,101.34,1,0.0
14350,282.93,18,1,1,1,24.229999999999997,258.7,282.93,2,0.5
16080,217.16,10,2,2,1,40.56,176.6,108.58,3,0.3333333333333333
14727,268.58,10,1,1,0,0.0,268.58,268.58,1,0.0
16778,245.94,16,2,2,0,0.0,245.94,122.97,2,0.0
14077,499.41999999999996,33,5,5,0,0.0,499.41999999999996,99.88399999999999,5,0.0
16808,288.42,21,2,2,0,0.0,288.42,144.21,2,0.0
17076,689.5799999999999,14,2,2,0,0.0,689.5799999999999,344.78999999999996,2,0.0
14913,926.56,61,3,3,0,0.0,926.56,308.8533333333333,3,0.0
16475,544.3,23,4,4,0,0.0,544.3,136.075,4,0.0
13265,2092.66,66,5,5,0,0.0,2092.66,418.532,5,0.0
16817,1237.45,60,7,7,3,115.30000000000001,1122.15,176.77857142857144,10,0.3
17194,10.0,1,1,1,0,0.0,10.0,10.0,1,0.0
15049,121.17000000000002,3,1,1,0,0.0,121.17000000000002,121.17000000000002,1,0.0
18149,612.0799999999999,11,3,3,0,0.0,612.0799999999999,204.02666666666664,3,0.0
13654,2707.33,157,6,5,0,0.0,2707.33,451.22166666666664,6,0.0
16652,6773.97,74,7,5,4,119.71000000000001,6654.26,967.71,11,0.36363636363636365
16766,1145.6,17,2,1,0,0.0,1145.6,572.8,2,0.0
16801,1594.23,72,4,4,1,751.9000000000001,842.33,398.5575,5,0.2
14083,558.54,85,6,6,0,0.0,558.54,93.08999999999999,6,0.0
17164,2467.35,92,7,5,1,0.95,2466.4,352.4785714285714,8,0.125
13226,108.21000000000001,16,1,1,0,0.0,108.21000000000001,108.21000000000001,1,0.0
13043,516.42,13,1,1,1,44.849999999999994,471.57,516.42,2,0.5
14352,1078.96,44,4,3,0,0.0,1078.96,269.74,4,0.0
17351,587.15,22,3,3,0,0.0,587.15,195.71666666666667,3,0.0
16768,478.09000000000003,47,3,3,2,20.05,458.04,159.36333333333334,5,0.4
16693,477.86,58,2,2,0,0.0,477.86,238.93,2,0.0
13956,1019.27,123,5,5,0,0.0,1019.27,203.85399999999998,5,0.0
13708,285.33,49,1,1,0,0.0,285.33,285.33,1,0.0
15918,334.23,33,2,2,0,0.0,334.23,167.115,2,0.0
16954,1738.28,31,8,7,0,0.0,1738.28,217.285,8,0.0
15671,2657.13,52,7,7,3,21.64,2635.4900000000002,379.59000000000003,10,0.3
14962,126.7,5,1,1,0,0.0,126.7,126.7,1,0.0
16807,1121.59,57,3,3,0,0.0,1121.59,373.8633333333333,3,0.0
15125,11528.48,102,15,10,8,411.42999999999995,11117.05,768.5653333333333,23,0.34782608695652173
16871,2812.34,131,6,5,1,50.849999999999994,2761.4900000000002,468.72333333333336,7,0.14285714285714285
12901,17654.54,30,28,23,8,1361.44,16293.1,630.5192857142857,36,0.2222222222222222
13452,590.0,1,2,2,0,0.0,590.0,295.0,2,0.0
15493,1953.41,177,5,4,2,34.55,1918.86,390.682,7,0.2857142857142857
16005,578.71,173,4,3,0,0.0,578.71,144.6775,4,0.0
16804,536.99,59,3,2,0,0.0,536.99,178.99666666666667,3,0.0
13499,1159.11,31,5,5,2,12.149999999999999,1146.96,231.82199999999997,7,0.2857142857142857
16293,1870.24,90,9,5,2,12.25,1857.99,207.80444444444444,11,0.18181818181818182
15047,343.62,22,1,1,0,0.0,343.62,343.62,1,0.0
14193,853.39,35,2,2,0,0.0,853.39,426.695,2,0.0
17542,170.75,24,1,1,0,0.0,170.75,170.75,1,0.0
15181,689.4799999999999,11,3,3,0,0.0,689.4799999999999,229.82666666666663,3,0.0
17080,287.62,8,2,2,1,2.12,285.5,143.81,3,0.3333333333333333
16392,217.89,41,1,1,0,0.0,217.89,217.89,1,0.0
15106,1422.52,90,5,5,2,14.79,1407.73,284.504,7,0.2857142857142857
16214,1062.75,36,3,3,0,0.0,1062.75,354.25,3,0.0
13716,138.28,21,1,1,0,0.0,138.28,138.28,1,0.0
17816,20.35,6,3,3,0,0.0,20.35,6.783333333333334,3,0.0
15150,5291.33,282,10,10,1,10.5,5280.83,529.133,11,0.09090909090909091
16996,1329.42,13,4,4,1,20.650000000000002,1308.77,332.355,5,0.2
16061,0.0,0,0,0,1,29.95,-29.95,0.0,1,1.0
14226,2214.79,64,5,5,2,30.549999999999997,2184.2400000000002,442.95799999999997,7,0.2857142857142857
13121,283.73,50,1,1,1,29.0,254.73,283.73,2,0.5
16297,301.9,20,1,1,3,26.499999999999996,275.4,301.9,4,0.75
12994,974.4200000000001,52,3,3,2,72.2,902.22,324.8066666666667,5,0.4
16152,1829.04,29,1,1,0,0.0,1829.04,1829.04,1,0.0
14636,609.85,27,2,2,0,0.0,609.85,304.925,2,0.0
16040,1313.55,57,3,3,0,0.0,1313.55,437.84999999999997,3,0.0
15793,965.61,6,3,3,1,16.65,948.96,321.87,4,0.25
13358,439.03,29,1,1,0,0.0,439.03,439.03,1,0.0
12849,1010.29,47,2,2,0,0.0,1010.29,505.145,2,0.0
15182,622.85,24,2,2,0,0.0,622.85,311.425,2,0.0
13299,142.5,5,1,1,0,0.0,142.5,142.5,1,0.0
16383,643.76,80,2,2,0,0.0,643.76,321.88,2,0.0
13027,5472.0,6,5,5,0,0.0,5472.0,1094.4,5,0.0
15381,596.85,8,2,2,0,0.0,596.85,298.425,2,0.0
15030,518.28,7,2,2,0,0.0,518.28,259.14,2,0.0
12955,4757.16,81,11,11,3,22.9,4734.26,432.4690909090909,14,0.21428571428571427
18189,1090.24,65,2,2,1,5.9,1084.34,545.12,3,0.3333333333333333
13946,561.5699999999999,11,3,3,0,0.0,561.5699999999999,187.18999999999997,3,0.0
17716,5655.99,171,11,9,1,150.2,5505.79,514.180909090909,12,0.08333333333333333
15301,4376.58,134,11,9,2,42.23,4334.35,397.8709090909091,13,0.15384615384615385
13185,71.4,1,1,1,0,0.0,71.4,71.4,1,0.0
14840,62.85,4,1,1,0,0.0,62.85,62.85,1,0.0
13216,333.74,5,1,1,0,0.0,333.74,333.74,1,0.0
13650,1836.34,79,6,5,1,27.0,1809.34,306.0566666666667,7,0.14285714285714285
13533,269.09,61,3,2,0,0.0,269.09,89.69666666666666,3,0.0
13268,3174.75,257,11,10,4,47.050000000000004,3127.7,288.6136363636364,15,0.26666666666666666
13104,996.72,13,5,5,0,0.0,996.72,199.344,5,0.0
15433,533.3,40,2,2,1,115.42999999999999,417.87,266.65,3,0.3333333333333333
12937,1504.27,81,4,4,0,0.0,1504.27,376.0675,4,0.0
17603,394.72,11,1,1,4,1560.02,-1165.3,394.72,5,0.8
16216,914.9300000000001,37,1,1,0,0.0,914.9300000000001,914.9300000000001,1,0.0
16377,676.2,5,1,1,0,0.0,676.2,676.2,1,0.0
16976,251.51999999999998,2,1,1,0,0.0,251.51999999999998,251.51999999999998,1,0.0
18210,2621.38,109,6,6,0,0.0,2621.38,436.8966666666667,6,0.0
13631,3070.42,6,11,7,1,48.65,3021.77,279.1290909090909,12,0.08333333333333333
14422,4263.64,189,6,6,0,0.0,4263.64,710.6066666666667,6,0.0
15648,639.5,23,2,2,2,57.45,582.0500000000001,319.75,4,0.5
17725,3439.08,115,11,11,3,67.95,3371.13,312.64363636363635,14,0.21428571428571427
15861,3146.92,339,8,6,1,165.0,2981.92,393.365,9,0.1111111111111111
13072,177.15,7,1,1,0,0.0,177.15,177.15,1,0.0
15695,409.98,22,2,1,0,0.0,409.98,204.99,2,0.0
14110,5683.15,94,12,12,1,13.5,5669.65,473.5958333333333,13,0.07692307692307693
14059,183.6,8,1,1,0,0.0,183.6,183.6,1,0.0
16672,8134.9400000000005,22,20,18,3,41.349999999999994,8093.59,406.747,23,0.13043478260869565
16511,918.33,135,3,3,0,0.0,918.33,306.11,3,0.0
16256,752.4300000000001,13,1,1,1,19.8,732.63,752.4300000000001,2,0.5
13591,1117.13,56,3,3,0,0.0,1117.13,372.3766666666667,3,0.0
14066,152.55,7,1,1,0,0.0,152.55,152.55,1,0.0
15483,225.26,74,4,2,0,0.0,225.26,56.315,4,0.0
16626,4413.1,86,17,17,3,33.449999999999996,4379.65,259.59411764705885,20,0.15
15019,252.81,64,1,1,0,0.0,252.81,252.81,1,0.0
18270,283.15,11,2,2,1,44.2,238.95000000000002,141.575,3,0.3333333333333333
14315,2481.13,64,6,6,1,24.15,2456.98,413.5216666666667,7,0.14285714285714285
17921,820.23,114,4,4,0,0.0,820.23,205.0575,4,0.0
14041,141.41,21,1,1,0,0.0,141.41,141.41,1,0.0
17060,234.24,5,1,1,0,0.0,234.24,234.24,1,0.0
16023,719.81,90,3,3,0,0.0,719.81,239.93666666666664,3,0.0
17133,4892.240000000001,13,7,6,0,0.0,4892.240000000001,698.8914285714287,7,0.0
14282,3130.44,68,14,14,0,0.0,3130.44,223.60285714285715,14,0.0
12878,854.99,38,2,2,1,13.35,841.64,427.495,3,0.3333333333333333
14155,118.75,6,1,1,0,0.0,118.75,118.75,1,0.0
17043,1735.18,100,4,4,0,0.0,1735.18,433.795,4,0.0
13046,629.31,33,2,2,0,0.0,629.31,314.655,2,0.0
14633,344.90000000000003,20,1,1,0,0.0,344.90000000000003,344.90000000000003,1,0.0
12948,2064.95,82,7,7,1,11.25,2053.7,294.99285714285713,8,0.125
15898,867.19,15,3,3,1,4.2,862.99,289.06333333333333,4,0.25
15703,211.5,5,1,1,0,0.0,211.5,211.5,1,0.0
14071,1437.57,271,8,7,1,131.41,1306.16,179.69625,9,0.1111111111111111
17134,413.2,21,2,2,0,0.0,413.2,206.6,2,0.0
17795,342.83,43,2,2,0,0.0,342.83,171.415,2,0.0
12902,138.68,10,1,1,0,0.0,138.68,138.68,1,0.0
16444,654.67,68,4,4,1,15.899999999999999,638.77,163.6675,5,0.2
16402,87.8,3,1,1,0,0.0,87.8,87.8,1,0.0
14232,2048.07,81,5,5,3,4.14,2043.93,409.61400000000003,8,0.375
14693,172.9,8,1,1,0,0.0,172.9,172.9,1,0.0
16728,1048.28,218,4,4,0,0.0,1048.28,262.07,4,0.0
16096,320.62,12,1,1,0,0.0,320.62,320.62,1,0.0
13985,7060.13,108,15,15,1,35.6,7024.53,470.67533333333336,16,0.0625
13592,247.95999999999998,15,4,4,0,0.0,247.95999999999998,61.989999999999995,4,0.0
17211,1537.51,110,5,5,1,17.55,1519.96,307.502,6,0.16666666666666666
15288,2140.87,56,4,4,0,0.0,2140.87,535.2175,4,0.0
15140,2354.25,74,7,6,1,4.25,2350.0,336.32142857142856,8,0.125
12843,1702.26,69,8,8,1,21.500000000000004,1680.76,212.7825,9,0.1111111111111111
14408,2599.03,60,7,7,0,0.0,2599.03,371.29,7,0.0
15408,267.18,34,1,1,0,0.0,267.18,267.18,1,0.0
15445,113.5,5,1,1,0,0.0,113.5,113.5,1,0.0
14205,466.7,23,2,2,1,9.72,456.98,233.35,3,0.3333333333333333
15452,528.48,47,3,3,0,0.0,528.48,176.16,3,0.0
14223,991.13,50,3,3,1,15.9,975.23,330.37666666666667,4,0.25
16619,226.21,14,1,1,1,21.8,204.41,226.21,2,0.5
14762,300.52,21,1,1,0,0.0,300.52,300.52,1,0.0
13934,922.1,31,1,1,0,0.0,922.1,922.1,1,0.0
15669,684.34,31,4,4,1,6.65,677.69,171.085,5,0.2
16384,584.5,33,2,2,0,0.0,584.5,292.25,2,0.0
18224,158.95000000000002,10,1,1,0,0.0,158.95000000000002,158.95000000000002,1,0.0
14245,1693.45,107,2,2,3,15.969999999999999,1677.48,846.725,5,0.6
17678,298.11,16,1,1,0,0.0,298.11,298.11,1,0.0
15855,712.24,59,5,5,0,0.0,712.24,142.448,5,0.0
17204,1564.56,44,4,3,4,143.95000000000002,1420.6100000000001,391.14,8,0.5
16036,758.92,55,2,2,0,0.0,758.92,379.46,2,0.0
17146,451.53,19,2,2,0,0.0,451.53,225.765,2,0.0
17763,15.0,1,1,1,0,0.0,15.0,15.0,1,0.0
13262,200.29,11,1,1,0,0.0,200.29,200.29,1,0.0
17152,1689.5,9,3,2,1,186.0,1503.5,563.1666666666666,4,0.25
14632,114.56,8,1,1,0,0.0,114.56,114.56,1,0.0
13900,740.95,42,3,3,0,0.0,740.95,246.98333333333335,3,0.0
14875,1465.3200000000002,46,2,2,3,16.6,1448.72,732.6600000000001,5,0.6
15132,977.9300000000001,49,5,5,0,0.0,977.9300000000001,195.586,5,0.0
17272,2148.63,70,4,4,1,4.1,2144.53,537.1575,5,0.2
15998,2216.83,296,4,4,1,5.799999999999999,2211.03,554.2075,5,0.2
16135,517.55,21,1,1,0,0.0,517.55,517.55,1,0.0
12831,215.05,9,1,1,0,0.0,215.05,215.05,1,0.0
15437,200.16,44,1,1,0,0.0,200.16,200.16,1,0.0
16809,914.69,79,5,5,1,1.95,912.74,182.93800000000002,6,0.16666666666666666
14711,2839.62,221,11,11,1,30.599999999999998,2809.02,258.1472727272727,12,0.08333333333333333
14377,617.05,11,2,2,0,0.0,617.05,308.525,2,0.0
16374,466.73,101,2,2,0,0.0,466.73,233.365,2,0.0
13196,1797.78,97,4,3,0,0.0,1797.78,449.445,4,0.0
15457,237.07,56,1,1,0,0.0,237.07,237.07,1,0.0
16721,292.47,37,1,1,0,0.0,292.47,292.47,1,0.0
17733,692.19,33,2,2,0,0.0,692.19,346.095,2,0.0
17102,25.5,1,1,1,0,0.0,25.5,25.5,1,0.0
15410,3450.84,48,8,8,0,0.0,3450.84,431.355,8,0.0
13239,329.56,22,1,1,0,0.0,329.56,329.56,1,0.0
15449,974.52,47,3,3,2,3.3,971.22,324.84,5,0.4
14870,327.25,13,1,1,0,0.0,327.25,327.25,1,0.0
13821,385.64,51,2,2,0,0.0,385.64,192.82,2,0.0
17096,1022.13,46,4,4,3,29.449999999999996,992.6800000000001,255.5325,7,0.42857142857142855
18191,207.79999999999998,7,1,1,0,0.0,207.79999999999998,207.79999999999998,1,0.0
15021,1673.68,265,8,7,2,26.54,1647.14,209.21,10,0.2
14461,2103.06,173,3,3,0,0.0,2103.06,701.02,3,0.0
13132,77.3,3,1,1,0,0.0,77.3,77.3,1,0.0
16859,747.81,50,2,2,3,274.67,473.14,373.905,5,0.6
15245,2515.84,55,3,3,0,0.0,2515.84,838.6133333333333,3,0.0
17411,778.94,39,3,3,0,0.0,778.94,259.6466666666667,3,0.0
17262,984.5,9,4,3,0,0.0,984.5,246.125,4,0.0
17519,1508.72,48,5,5,0,0.0,1508.72,301.744,5,0.0
17486,396.87,24,1,1,0,0.0,396.87,396.87,1,0.0
16308,2560.0,1,4,4,0,0.0,2560.0,640.0,4,0.0
16250,163.3,10,1,1,0,0.0,163.3,163.3,1,0.0
14607,16209.5,38,14,7,3,5228.400000000001,10981.1,1157.8214285714287,17,0.17647058823529413
13249,711.41,21,3,3,0,0.0,711.41,237.13666666666666,3,0.0
15644,803.54,166,4,3,0,0.0,803.54,200.885,4,0.0
14075,942.26,33,3,3,0,0.0,942.26,314.08666666666664,3,0.0
17250,381.97,55,2,2,0,0.0,381.97,190.985,2,0.0
17966,1098.43,53,5,4,0,0.0,1098.43,219.686,5,0.0
14129,1123.8600000000001,31,5,4,0,0.0,1123.8600000000001,224.77200000000002,5,0.0
15651,646.3,27,3,2,0,0.0,646.3,215.4333333333333,3,0.0
13035,921.88,23,2,2,1,35.25,886.63,460.94,3,0.3333333333333333
13341,775.85,42,1,1,0,0.0,775.85,775.85,1,0.0
13512,251.21,15,1,1,0,0.0,251.21,251.21,1,0.0
16620,178.96,9,2,2,0,0.0,178.96,89.48,2,0.0
17698,154.95,8,1,1,0,0.0,154.95,154.95,1,0.0
14267,1516.24,25,3,2,4,237.15000000000003,1279.09,505.41333333333336,7,0.5714285714285714
17059,2358.03,242,4,4,0,0.0,2358.03,589.5075,4,0.0
13736,729.8,166,2,2,1,7.9,721.9,364.9,3,0.3333333333333333
16022,602.63,68,1,1,0,0.0,602.63,602.63,1,0.0
14256,445.2,21,1,1,1,34.0,411.2,445.2,2,0.5
14235,3144.86,65,5,4,1,51.0,3093.86,628.972,6,0.16666666666666666
16769,361.54,33,1,1,0,0.0,361.54,361.54,1,0.0
17754,1664.65,82,5,5,1,32.34,1632.31,332.93,6,0.16666666666666666
16063,335.32,23,1,1,0,0.0,335.32,335.32,1,0.0
15178,40.5,3,1,1,0,0.0,40.5,40.5,1,0.0
14348,409.57,18,1,1,0,0.0,409.57,409.57,1,0.0
16905,2783.2,115,6,5,1,16.95,2766.25,463.8666666666666,7,0.14285714285714285
15815,2100.6,33,5,5,0,0.0,2100.6,420.12,5,0.0
13000,333.1,20,2,2,0,0.0,333.1,166.55,2,0.0
13695,2504.13,46,15,14,0,0.0,2504.13,166.942,15,0.0
17979,732.41,116,4,3,1,19.9,712.51,183.1025,5,0.2
13139,5064.94,132,7,6,1,9.15,5055.79,723.5628571428571,8,0.125
14758,1484.06,54,4,4,0,0.0,1484.06,371.015,4,0.0
14536,170.95,18,1,1,0,0.0,170.95,170.95,1,0.0
13662,881.26,50,3,3,4,18.68,862.58,293.75333333333333,7,0.5714285714285714
17946,149.57999999999998,18,2,2,0,0.0,149.57999999999998,74.78999999999999,2,0.0
13743,1341.6,8,7,7,1,1.45,1340.1499999999999,191.65714285714284,8,0.125
18078,336.13,27,2,2,0,0.0,336.13,168.065,2,0.0
16081,2641.82,166,4,4,0,0.0,2641.82,660.455,4,0.0
16780,422.24,51,2,2,0,0.0,422.24,211.12,2,0.0
18273,204.0,1,3,3,0,0.0,204.0,68.0,3,0.0
15045,735.66,11,2,2,1,102.0,633.66,367.83,3,0.3333333333333333
18071,194.05,11,1,1,0,0.0,194.05,194.05,1,0.0
17625,2020.4,223,4,4,0,0.0,2020.4,505.1,4,0.0
15716,571.71,69,3,3,0,0.0,571.71,190.57000000000002,3,0.0
13357,609.4,85,1,1,0,0.0,609.4,609.4,1,0.0
16777,222.62,45,2,2,0,0.0,222.62,111.31,2,0.0
13240,439.58,44,3,3,0,0.0,439.58,146.52666666666667,3,0.0
14476,193.0,17,1,1,0,0.0,193.0,193.0,1,0.0
15426,1021.5,158,4,3,1,12.54,1008.96,255.375,5,0.2
13481,1804.56,98,5,4,2,23.5,1781.06,360.912,7,0.2857142857142857
13652,786.28,44,2,2,0,0.0,786.28,393.14,2,0.0
16245,1413.66,80,3,3,2,61.300000000000004,1352.3600000000001,471.22,5,0.4
17227,797.07,23,5,5,0,0.0,797.07,159.41400000000002,5,0.0
13266,3834.2599999999998,82,12,12,6,71.59,3762.67,319.52166666666665,18,0.3333333333333333
13649,148.8,8,1,1,0,0.0,148.8,148.8,1,0.0
17765,367.63,51,3,3,0,0.0,367.63,122.54333333333334,3,0.0
15083,88.2,5,1,1,0,0.0,88.2,88.2,1,0.0
14159,4440.43,488,10,10,3,14.71,4425.72,444.043,13,0.23076923076923078
18010,174.8,14,1,1,0,0.0,174.8,174.8,1,0.0
15249,6688.46,211,13,12,2,31.1,6657.36,514.496923076923,15,0.13333333333333333
13760,286.79,50,2,2,0,0.0,286.79,143.395,2,0.0
14766,2292.97,109,5,5,0,0.0,2292.97,458.59399999999994,5,0.0
15624,588.13,26,4,4,0,0.0,588.13,147.0325,4,0.0
17749,674.52,33,2,2,0,0.0,674.52,337.26,2,0.0
15068,553.36,96,2,2,0,0.0,553.36,276.68,2,0.0
14538,388.25,19,2,2,0,0.0,388.25,194.125,2,0.0
14851,511.35,28,2,2,0,0.0,511.35,255.675,2,0.0
15032,2188.5,22,1,1,2,495.0,1693.5,2188.5,3,0.6666666666666666
14021,631.9,22,3,3,0,0.0,631.9,210.63333333333333,3,0.0
13037,881.07,44,3,3,0,0.0,881.07,293.69,3,0.0
17917,227.87,56,2,2,0,0.0,227.87,113.935,2,0.0
16455,1309.2,53,4,4,0,0.0,1309.2,327.3,4,0.0
18177,1340.8700000000001,53,6,6,1,27.25,1313.6200000000001,223.47833333333335,7,0.14285714285714285
14128,637.5,40,2,2,0,0.0,637.5,318.75,2,0.0
17874,683.46,37,6,3,1,25.200000000000003,658.26,113.91000000000001,7,0.14285714285714285
17719,5396.04,111,15,15,3,28.240000000000002,5367.8,359.736,18,0.16666666666666666
17931,408.36,63,2,2,0,0.0,408.36,204.18,2,0.0
13803,277.07,17,1,1,0,0.0,277.07,277.07,1,0.0
17398,653.38,30,3,3,0,0.0,653.38,217.79333333333332,3,0.0
15906,1567.69,113,7,5,1,45.900000000000006,1521.79,223.9557142857143,8,0.125
14871,380.33,60,3,3,0,0.0,380.33,126.77666666666666,3,0.0
16253,3683.86,114,2,2,1,18.240000000000002,3665.62,1841.93,3,0.3333333333333333
13439,283.71,54,1,1,0,0.0,283.71,283.71,1,0.0
12888,354.12,4,2,2,2,40.349999999999994,313.77,177.06,4,0.5
15628,2551.06,80,8,8,1,4.6,2546.46,318.8825,9,0.1111111111111111
13588,2478.95,131,9,9,4,33.830000000000005,2445.12,275.43888888888887,13,0.3076923076923077
15521,3000.2,116,8,6,5,425.54999999999995,2574.65,375.025,13,0.38461538461538464
13720,799.9,42,4,4,0,0.0,799.9,199.975,4,0.0
15674,2446.6,88,5,5,3,702.5799999999999,1744.02,489.32,8,0.375
17616,244.79999999999998,1,2,2,0,0.0,244.79999999999998,122.39999999999999,2,0.0
17594,993.18,42,2,2,0,0.0,993.18,496.59,2,0.0
16218,2613.38,34,6,5,1,29.81,2583.57,435.56333333333333,7,0.14285714285714285
17775,56.4,3,1,1,0,0.0,56.4,56.4,1,0.0
13988,4147.96,188,6,6,3,49.160000000000004,4098.8,691.3266666666667,9,0.3333333333333333
16657,874.43,158,4,4,0,0.0,874.43,218.6075,4,0.0
15353,458.47,48,1,1,0,0.0,458.47,458.47,1,0.0
15424,383.34,17,2,1,0,0.0,383.34,191.67,2,0.0
13316,5732.93,66,4,4,1,162.24,5570.6900000000005,1433.2325,5,0.2
16788,594.39,138,2,2,0,0.0,594.39,297.195,2,0.0
16584,936.08,25,2,2,1,28.049999999999997,908.03,468.04,3,0.3333333333333333
15364,913.19,29,2,2,0,0.0,913.19,456.595,2,0.0
18108,271.0,17,1,1,1,6.35,264.65,271.0,2,0.5
14272,437.96,33,2,2,0,0.0,437.96,218.98,2,0.0
15980,2398.86,40,3,2,0,0.0,2398.86,799.62,3,0.0
15832,836.79,54,1,1,0,0.0,836.79,836.79,1,0.0
16092,817.86,37,3,3,2,38.5,779.36,272.62,5,0.4
15528,229.33,26,1,1,0,0.0,229.33,229.33,1,0.0
17400,1673.67,147,4,4,0,0.0,1673.67,418.4175,4,0.0
14479,141.85,8,1,1,0,0.0,141.85,141.85,1,0.0
16398,1705.8,75,2,2,2,74.65,1631.15,852.9,4,0.5
17088,1991.01,96,4,4,0,0.0,1991.01,497.7525,4,0.0
17438,388.45000000000005,17,1,1,1,10.15,378.3,388.45000000000005,2,0.5
13060,307.53,15,1,1,0,0.0,307.53,307.53,1,0.0
14790,745.06,30,4,4,0,0.0,745.06,186.265,4,0.0
14890,125.65,7,1,1,0,0.0,125.65,125.65,1,0.0
16386,302.57,76,2,2,0,0.0,302.57,151.285,2,0.0
14818,657.8,41,3,3,0,0.0,657.8,219.26666666666665,3,0.0
13571,2088.94,157,12,12,0,0.0,2088.94,174.07833333333335,12,0.0
12909,2178.67,78,5,4,3,49.84,2128.83,435.73400000000004,8,0.375
16698,1998.0,4,2,2,0,0.0,1998.0,999.0,2,0.0
16681,1770.34,18,6,6,0,0.0,1770.34,295.0566666666667,6,0.0
15894,106.81,3,1,1,0,0.0,106.81,106.81,1,0.0
13573,290.25,24,2,2,0,0.0,290.25,145.125,2,0.0
14957,58.49,12,1,1,0,0.0,58.49,58.49,1,0.0
13918,1212.8400000000001,30,2,2,0,0.0,1212.8400000000001,606.4200000000001,2,0.0
17212,226.85,4,1,1,0,0.0,226.85,226.85,1,0.0
17781,188.02,12,2,2,0,0.0,188.02,94.01,2,0.0
16365,1171.96,40,7,6,0,0.0,1171.96,167.42285714285714,7,0.0
14886,364.8,18,1,1,0,0.0,364.8,364.8,1,0.0
15018,384.96,26,2,2,1,39.95,345.01,192.48,3,0.3333333333333333
13626,257.23,19,1,1,0,0.0,257.23,257.23,1,0.0
16609,5493.46,155,7,7,2,42.5,5450.96,784.78,9,0.2222222222222222
16180,10254.18,90,8,7,2,36.7,10217.48,1281.7725,10,0.2
13462,151.5,9,1,1,1,8.25,143.25,151.5,2,0.5
15860,862.5,98,7,7,0,0.0,862.5,123.21428571428571,7,0.0
14419,927.69,106,5,5,0,0.0,927.69,185.538,5,0.0
18263,1213.1599999999999,59,3,3,1,2.08,1211.08,404.3866666666666,4,0.25
16960,507.05,92,3,3,0,0.0,507.05,169.01666666666668,3,0.0
13841,85.0,1,1,1,0,0.0,85.0,85.0,1,0.0
17701,417.95,24,1,1,0,0.0,417.95,417.95,1,0.0
17287,826.36,77,5,5,0,0.0,826.36,165.272,5,0.0
12949,4167.22,166,8,5,2,24.2,4143.02,520.9025,10,0.2
14852,2836.69,96,6,5,0,0.0,2836.69,472.7816666666667,6,0.0
13418,4547.81,194,13,10,5,281.98999999999995,4265.82,349.8315384615385,18,0.2777777777777778
13169,712.88,11,2,2,0,0.0,712.88,356.44,2,0.0
13124,2500.01,146,2,2,0,0.0,2500.01,1250.005,2,0.0
16162,37.4,2,1,1,0,0.0,37.4,37.4,1,0.0
15691,136.8,2,1,1,0,0.0,136.8,136.8,1,0.0
14195,1012.0,7,2,2,1,49.3,962.7,506.0,3,0.3333333333333333
15482,10331.32,42,10,8,4,4486.24,5845.08,1033.132,14,0.2857142857142857
16010,282.3,44,2,2,0,0.0,282.3,141.15,2,0.0
13781,127.84,17,1,1,0,0.0,127.84,127.84,1,0.0
13269,4681.11,166,13,11,2,30.31,4650.8,360.0853846153846,15,0.13333333333333333
17758,3408.2000000000003,310,8,6,0,0.0,3408.2000000000003,426.02500000000003,8,0.0
14023,584.07,30,2,2,0,0.0,584.07,292.035,2,0.0
17669,3406.7200000000003,45,7,7,0,0.0,3406.7200000000003,486.67428571428576,7,0.0
16142,535.34,37,1,1,0,0.0,535.34,535.34,1,0.0
17648,1797.5,81,4,3,1,7.95,1789.55,449.375,5,0.2
13059,183.4,8,1,1,0,0.0,183.4,183.4,1,0.0
16224,1295.3,90,4,4,0,0.0,1295.3,323.825,4,0.0
15223,755.75,14,2,2,1,300.84999999999997,454.90000000000003,377.875,3,0.3333333333333333
17886,869.28,93,3,3,0,0.0,869.28,289.76,3,0.0
13294,873.74,48,2,2,0,0.0,873.74,436.87,2,0.0
15289,939.78,43,3,3,1,4.68,935.1,313.26,4,0.25
18185,304.25,17,1,1,0,0.0,304.25,304.25,1,0.0
17956,12.75,1,1,1,0,0.0,12.75,12.75,1,0.0
15756,528.01,160,4,4,0,0.0,528.01,132.0025,4,0.0
14747,328.2,18,1,1,1,33.9,294.3,328.2,2,0.5
14719,1581.84,177,5,5,1,9.95,1571.89,316.368,6,0.16666666666666666
13015,3339.64,156,5,4,0,0.0,3339.64,667.928,5,0.0
16586,463.95,8,1,1,0,0.0,463.95,463.95,1,0.0
16105,336.96,13,1,1,0,0.0,336.96,336.96,1,0.0
13013,3282.6,109,11,11,2,23.95,3258.65,298.41818181818184,13,0.15384615384615385
14546,2573.93,250,5,5,4,91.07,2482.86,514.786,9,0.4444444444444444
16919,2052.2400000000002,118,9,9,0,0.0,2052.2400000000002,228.0266666666667,9,0.0
17596,2415.72,130,6,6,0,0.0,2415.72,402.61999999999995,6,0.0
15442,594.0,2,1,1,0,0.0,594.0,594.0,1,0.0
16906,559.59,74,4,4,0,0.0,559.59,139.8975,4,0.0
14535,2854.84,280,3,3,1,23.1,2831.7400000000002,951.6133333333333,4,0.25
17618,651.3,22,2,2,0,0.0,651.3,325.65,2,0.0
16170,1885.05,106,6,6,1,4.63,1880.4199999999998,314.175,7,0.14285714285714285
17470,946.67,59,4,4,0,0.0,946.67,236.6675,4,0.0
15244,631.57,31,2,2,0,0.0,631.57,315.785,2,0.0
16696,657.9000000000001,7,4,4,0,0.0,657.9000000000001,164.47500000000002,4,0.0
15145,1194.73,54,4,4,0,0.0,1194.73,298.6825,4,0.0
17492,374.57,12,1,1,0,0.0,374.57,374.57,1,0.0
13525,628.78,5,2,2,0,0.0,628.78,314.39,2,0.0
17409,771.85,13,2,2,0,0.0,771.85,385.925,2,0.0
17783,283.47,67,2,2,0,0.0,283.47,141.735,2,0.0
17682,2082.83,44,5,5,1,15.0,2067.83,416.566,6,0.16666666666666666
13863,305.78,20,1,1,1,6.22,299.56,305.78,2,0.5
13515,891.12,50,4,4,0,0.0,891.12,222.78,4,0.0
15917,123.1,12,1,1,0,0.0,123.1,123.1,1,0.0
17440,186.42000000000002,3,3,2,2,9.32,177.1,62.14000000000001,5,0.4
17045,339.44,20,3,3,0,0.0,339.44,113.14666666666666,3,0.0
14220,319.42,10,1,1,0,0.0,319.42,319.42,1,0.0
17140,454.12,16,1,1,0,0.0,454.12,454.12,1,0.0
15201,1236.54,35,5,4,6,308.69999999999993,927.84,247.308,11,0.5454545454545454
14964,206.21,13,1,1,0,0.0,206.21,206.21,1,0.0
16031,547.9,91,2,2,0,0.0,547.9,273.95,2,0.0
14403,1475.81,17,4,4,1,49.5,1426.31,368.9525,5,0.2
17042,1036.58,74,5,5,0,0.0,1036.58,207.31599999999997,5,0.0
13771,2634.45,114,4,3,1,2.75,2631.7,658.6125,5,0.2
17906,72.9,12,1,1,0,0.0,72.9,72.9,1,0.0
15646,257.84000000000003,18,2,2,1,22.5,235.34,128.92000000000002,3,0.3333333333333333
18272,3078.58,99,6,6,1,13.8,3064.78,513.0966666666667,7,0.14285714285714285
16144,175.2,1,1,1,0,0.0,175.2,175.2,1,0.0
13731,610.59,36,2,2,0,0.0,610.59,305.295,2,0.0
13748,744.25,24,4,3,0,0.0,744.25,186.0625,4,0.0
15530,1497.31,90,4,4,0,0.0,1497.31,374.3275,4,0.0
13950,745.06,33,4,4,1,16.5,728.56,186.265,5,0.2
13752,1175.38,64,6,6,0,0.0,1175.38,195.89666666666668,6,0.0
13892,632.97,26,4,4,0,0.0,632.97,158.2425,4,0.0
14446,1010.35,233,4,4,0,0.0,1010.35,252.5875,4,0.0
14449,675.56,163,3,3,0,0.0,675.56,225.18666666666664,3,0.0
16209,2262.62,37,5,5,0,0.0,2262.62,452.524,5,0.0
15754,458.57,24,3,3,1,2.9,455.67,152.85666666666665,4,0.25
13712,228.84,10,1,1,0,0.0,228.84,228.84,1,0.0
15800,696.89,116,2,2,0,0.0,696.89,348.445,2,0.0
16469,625.42,148,4,3,0,0.0,625.42,156.355,4,0.0
13005,513.7,21,2,2,1,44.75,468.95,256.85,3,0.3333333333333333
14981,102.12,8,1,1,0,0.0,102.12,102.12,1,0.0
17928,212.54,23,2,2,0,0.0,212.54,106.27,2,0.0
16261,728.54,98,4,4,0,0.0,728.54,182.135,4,0.0
17869,213.86,22,4,3,0,0.0,213.86,53.465,4,0.0
17883,664.34,133,4,4,0,0.0,664.34,166.085,4,0.0
14619,394.44,20,1,1,1,14.93,379.51,394.44,2,0.5
13995,1393.69,55,5,5,1,10.2,1383.49,278.738,6,0.16666666666666666
16643,487.51,27,1,1,0,0.0,487.51,487.51,1,0.0
14246,1474.06,57,3,3,0,0.0,1474.06,491.3533333333333,3,0.0
18040,357.20000000000005,18,2,2,0,0.0,357.20000000000005,178.60000000000002,2,0.0
16837,3170.98,123,11,9,1,3.25,3167.73,288.2709090909091,12,0.08333333333333333
15119,266.4,14,1,1,0,0.0,266.4,266.4,1,0.0
16325,594.24,14,3,3,2,83.7,510.54,198.08,5,0.4
14924,310.05,10,1,1,0,0.0,310.05,310.05,1,0.0
15109,484.95,28,1,1,1,21.2,463.75,484.95,2,0.5
16623,129.45,5,1,1,0,0.0,129.45,129.45,1,0.0
12999,455.88,25,3,3,0,0.0,455.88,151.96,3,0.0
13962,169.55,11,2,2,0,0.0,169.55,84.775,2,0.0
18036,403.12,77,3,3,0,0.0,403.12,134.37333333333333,3,0.0
14958,483.72999999999996,33,3,3,0,0.0,483.72999999999996,161.2433333333333,3,0.0
13846,453.66,27,2,2,1,17.45,436.21000000000004,226.83,3,0.3333333333333333
14264,333.97,15,2,2,0,0.0,333.97,166.985,2,0.0
13562,1799.33,50,3,3,0,0.0,1799.33,599.7766666666666,3,0.0
15775,104.9,7,1,1,0,0.0,104.9,104.9,1,0.0
17054,1356.33,64,5,5,1,2.5,1353.83,271.26599999999996,6,0.16666666666666666
17268,763.64,3,4,4,0,0.0,763.64,190.91,4,0.0
16873,4965.98,142,5,5,3,27.560000000000002,4938.42,993.1959999999999,8,0.375
13548,678.16,114,2,2,0,0.0,678.16,339.08,2,0.0
15038,566.86,78,5,5,1,39.9,526.96,113.372,6,0.16666666666666666
15955,3843.88,126,13,9,2,26.45,3817.4300000000003,295.68307692307695,15,0.13333333333333333
13508,110.97,12,1,1,0,0.0,110.97,110.97,1,0.0
13570,239.49,27,1,1,0,0.0,239.49,239.49,1,0.0
13232,1328.35,147,7,7,0,0.0,1328.35,189.7642857142857,7,0.0
18129,112.55000000000001,13,1,1,0,0.0,112.55000000000001,112.55000000000001,1,0.0
13632,2118.93,121,5,5,1,4.25,2114.68,423.78599999999994,6,0.16666666666666666
15665,2222.21,92,2,2,0,0.0,2222.21,1111.105,2,0.0
17550,267.16,42,3,2,0,0.0,267.16,89.05333333333334,3,0.0
15655,560.67,34,1,1,1,49.35,511.32,560.67,2,0.5
17069,2126.5,95,7,6,3,40.980000000000004,2085.52,303.7857142857143,10,0.3
14286,4628.75,220,3,3,2,32.94,4595.81,1542.9166666666667,5,0.4
17340,7992.900000000001,159,9,6,4,194.99,7797.91,888.1,13,0.3076923076923077
15780,298.13,16,2,2,0,0.0,298.13,149.065,2,0.0
16188,981.86,65,4,4,0,0.0,981.86,245.465,4,0.0
15214,1661.44,109,8,8,0,0.0,1661.44,207.68,8,0.0
17574,185.65,8,1,1,0,0.0,185.65,185.65,1,0.0
15737,1188.1200000000001,60,8,7,4,66.91,1121.21,148.51500000000001,12,0.3333333333333333
16552,284.44000000000005,12,1,1,0,0.0,284.44000000000005,284.44000000000005,1,0.0
18080,1231.5,2,2,2,0,0.0,1231.5,615.75,2,0.0
14311,310.26,20,1,1,1,80.55,229.71,310.26,2,0.5
14339,309.52,14,1,1,3,19.61,289.90999999999997,309.52,4,0.75
12982,390.54,28,1,1,1,13.34,377.2,390.54,2,0.5
14273,559.97,22,4,4,0,0.0,559.97,139.9925,4,0.0
13549,918.2,37,7,7,1,2.08,916.12,131.17142857142858,8,0.125
15414,774.9000000000001,37,3,3,0,0.0,774.9000000000001,258.3,3,0.0
13203,869.46,56,4,4,0,0.0,869.46,217.365,4,0.0
14628,671.96,22,2,2,0,0.0,671.96,335.98,2,0.0
14326,183.85,8,1,1,1,17.0,166.85,183.85,2,0.5
17827,716.37,97,2,2,0,0.0,716.37,358.185,2,0.0
15935,416.86,12,2,2,0,0.0,416.86,208.43,2,0.0
13655,932.97,52,2,2,0,0.0,932.97,466.485,2,0.0
12910,3075.04,48,8,6,0,0.0,3075.04,384.38,8,0.0
16186,3699.26,79,11,9,1,15.0,3684.26,336.29636363636365,12,0.08333333333333333
13577,1687.6000000000001,61,4,4,1,29.3,1658.3,421.90000000000003,5,0.2
15251,10484.99,97,11,10,4,157.88,10327.11,953.180909090909,15,0.26666666666666666
12928,1670.3600000000001,47,4,4,0,0.0,1670.3600000000001,417.59000000000003,4,0.0
14111,692.85,10,4,4,1,4.25,688.6,173.2125,5,0.2
17160,3518.03,111,6,6,0,0.0,3518.03,586.3383333333334,6,0.0
16172,1140.21,52,5,4,0,0.0,1140.21,228.042,5,0.0
17972,135.19,30,1,1,0,0.0,135.19,135.19,1,0.0
14844,3189.81,87,4,4,0,0.0,3189.81,797.4525,4,0.0
17278,246.04,15,1,1,0,0.0,246.04,246.04,1,0.0
15212,101.8,5,1,1,1,12.85,88.94999999999999,101.8,2,0.5
16729,7205.33,234,21,19,5,163.64,7041.69,343.11095238095237,26,0.19230769230769232
16062,906.06,47,3,3,0,0.0,906.06,302.02,3,0.0
15363,0.0,0,0,0,1,7.95,-7.95,0.0,1,1.0
14998,414.87,70,2,2,0,0.0,414.87,207.435,2,0.0
13484,313.8,8,1,1,0,0.0,313.8,313.8,1,0.0
16697,112.75,20,1,1,0,0.0,112.75,112.75,1,0.0
18236,882.24,42,6,6,0,0.0,882.24,147.04,6,0.0
13138,769.16,24,5,5,0,0.0,769.16,153.832,5,0.0
13740,350.75,23,1,1,0,0.0,350.75,350.75,1,0.0
16454,6.9,2,2,2,1,15.05,-8.15,3.45,3,0.3333333333333333
15230,429.6,23,2,2,0,0.0,429.6,214.8,2,0.0
15134,1387.99,44,8,8,0,0.0,1387.99,173.49875,8,0.0
16309,706.57,39,2,2,1,19.9,686.67,353.285,3,0.3333333333333333
13544,276.06,76,2,2,0,0.0,276.06,138.03,2,0.0
14262,2618.23,87,8,8,0,0.0,2618.23,327.27875,8,0.0
13134,1793.58,94,4,4,3,52.95,1740.63,448.395,7,0.42857142857142855
17589,2404.17,172,4,4,0,0.0,2404.17,601.0425,4,0.0
16097,185.04999999999998,10,1,1,0,0.0,185.04999999999998,185.04999999999998,1,0.0
13122,922.39,54,2,2,0,0.0,922.39,461.195,2,0.0
16966,2154.97,8,7,7,3,6.5,2148.47,307.8528571428571,10,0.3
17746,110.25,6,1,1,1,11.45,98.8,110.25,2,0.5
16175,1037.59,45,4,4,0,0.0,1037.59,259.3975,4,0.0
14834,1720.3,43,6,6,2,21.95,1698.35,286.71666666666664,8,0.25
16348,1415.65,157,7,6,0,0.0,1415.65,202.2357142857143,7,0.0
15147,623.5,28,1,1,1,14.850000000000001,608.65,623.5,2,0.5
13221,349.25,31,1,1,0,0.0,349.25,349.25,1,0.0
16131,3506.54,55,6,4,0,0.0,3506.54,584.4233333333333,6,0.0
15813,1303.9099999999999,40,2,2,0,0.0,1303.9099999999999,651.9549999999999,2,0.0
17058,1179.89,51,3,3,0,0.0,1179.89,393.2966666666667,3,0.0
17704,885.19,27,2,2,0,0.0,885.19,442.595,2,0.0
16933,563.23,42,2,2,3,33.15,530.08,281.615,5,0.6
13772,1122.63,141,3,3,0,0.0,1122.63,374.21000000000004,3,0.0
13317,2035.63,88,4,3,3,133.61,1902.02,508.9075,7,0.42857142857142855
14390,4418.87,128,8,7,3,54.400000000000006,4364.47,552.35875,11,0.2727272727272727
16249,1800.07,67,5,5,0,0.0,1800.07,360.014,5,0.0
16520,720.8100000000001,86,2,2,1,9.95,710.86,360.40500000000003,3,0.3333333333333333
14198,701.4,35,4,4,3,37.900000000000006,663.5,175.35,7,0.42857142857142855
13989,1266.08,33,2,2,0,0.0,1266.08,633.04,2,0.0
17930,1740.48,26,5,5,0,0.0,1740.48,348.096,5,0.0
14154,1345.62,52,2,1,0,0.0,1345.62,672.81,2,0.0
14206,328.15999999999997,20,1,1,0,0.0,328.15999999999997,328.15999999999997,1,0.0
14482,2022.81,110,6,6,0,0.0,2022.81,337.135,6,0.0
14163,2445.91,36,4,4,0,0.0,2445.91,611.4775,4,0.0
14105,1266.23,74,1,1,1,5.9,1260.33,1266.23,2,0.5
17601,116.00999999999999,9,1,1,0,0.0,116.00999999999999,116.00999999999999,1,0.0
17142,579.0,15,1,1,0,0.0,579.0,579.0,1,0.0
15135,139.05,9,1,1,1,11.9,127.15,139.05,2,0.5
16806,762.16,68,4,4,0,0.0,762.16,190.54,4,0.0
13952,3251.071,120,2,2,1,4.9799999999999995,3246.091,1625.5355,3,0.3333333333333333
13120,30.599999999999998,1,1,1,0,0.0,30.599999999999998,30.599999999999998,1,0.0
13516,1389.41,43,3,3,0,0.0,1389.41,463.1366666666667,3,0.0
14323,605.0600000000001,32,2,2,2,30.800000000000004,574.26,302.53000000000003,4,0.5
17572,155.95000000000002,6,3,3,0,0.0,155.95000000000002,51.98333333333334,3,0.0
18079,3613.15,99,4,3,0,0.0,3613.15,903.2875,4,0.0
14700,2195.1,80,3,3,0,0.0,2195.1,731.6999999999999,3,0.0
15027,1066.1499999999999,30,4,4,2,14.2,1051.95,266.53749999999997,6,0.3333333333333333
17367,167.55,33,1,1,0,0.0,167.55,167.55,1,0.0
15246,328.15000000000003,21,1,1,0,0.0,328.15000000000003,328.15000000000003,1,0.0
18213,232.48000000000002,15,1,1,0,0.0,232.48000000000002,232.48000000000002,1,0.0
17029,716.0,1,2,2,0,0.0,716.0,358.0,2,0.0
13220,819.2900000000001,18,4,4,0,0.0,819.2900000000001,204.82250000000002,4,0.0
15985,1142.42,29,2,2,1,105.0,1037.42,571.21,3,0.3333333333333333
17990,314.84000000000003,17,1,1,0,0.0,314.84000000000003,314.84000000000003,1,0.0
16193,314.45,19,1,1,0,0.0,314.45,314.45,1,0.0
15172,1624.05,106,5,5,0,0.0,1624.05,324.81,5,0.0
13692,1488.32,48,3,3,2,21.45,1466.8700000000001,496.1066666666666,5,0.4
15745,1094.59,57,4,4,2,23.35,1071.24,273.6475,6,0.3333333333333333
17582,175.27,28,1,1,0,0.0,175.27,175.27,1,0.0
15555,3805.04,350,13,13,3,41.870000000000005,3763.17,292.6953846153846,16,0.1875
13474,226.84,59,1,1,0,0.0,226.84,226.84,1,0.0
17320,749.7,48,2,2,0,0.0,749.7,374.85,2,0.0
17697,338.95,19,1,1,0,0.0,338.95,338.95,1,0.0
16639,1257.51,48,3,3,1,88.13000000000001,1169.38,419.17,4,0.25
16947,406.48,21,1,1,0,0.0,406.48,406.48,1,0.0
15491,3100.09,108,6,5,1,9.24,3090.85,516.6816666666667,7,0.14285714285714285
16617,151.85,5,1,1,0,0.0,151.85,151.85,1,0.0
15265,1506.1200000000001,76,2,2,0,0.0,1506.1200000000001,753.0600000000001,2,0.0
16550,1744.31,139,4,4,3,23.67,1720.64,436.0775,7,0.42857142857142855
16226,255.12,6,3,3,0,0.0,255.12,85.04,3,0.0
18009,247.39,31,1,1,1,5.1,242.29,247.39,2,0.5
16399,408.02,68,2,2,0,0.0,408.02,204.01,2,0.0
14623,886.7,108,5,5,1,19.9,866.8000000000001,177.34,6,0.16666666666666666
15625,1534.26,44,4,4,4,29.700000000000003,1504.56,383.565,8,0.5
18064,814.0,7,2,2,0,0.0,814.0,407.0,2,0.0
15508,1000.27,78,6,4,0,0.0,1000.27,166.71166666666667,6,0.0
16654,373.87,20,3,3,1,6.3,367.57,124.62333333333333,4,0.25
16628,2188.05,79,5,5,1,5.01,2183.04,437.61,6,0.16666666666666666
13647,1648.1200000000001,65,4,4,1,7.9,1640.22,412.03000000000003,5,0.2
15594,1771.78,85,5,5,1,4.25,1767.53,354.356,6,0.16666666666666666
13479,300.95,14,2,2,1,9.95,291.0,150.475,3,0.3333333333333333
13735,2883.54,158,4,4,4,119.06,2764.48,720.885,8,0.5
13376,1019.76,45,3,3,0,0.0,1019.76,339.92,3,0.0
15717,150.3,7,1,1,0,0.0,150.3,150.3,1,0.0
13719,1041.68,56,5,5,0,0.0,1041.68,208.336,5,0.0
14201,680.2,28,6,6,2,59.400000000000006,620.8,113.36666666666667,8,0.25
16633,2883.1,115,6,6,1,4.95,2878.15,480.51666666666665,7,0.14285714285714285
13101,101.19,8,1,1,0,0.0,101.19,101.19,1,0.0
15225,409.40000000000003,23,1,1,0,0.0,409.40000000000003,409.40000000000003,1,0.0
14152,621.29,47,2,2,1,10.2,611.09,310.645,3,0.3333333333333333
15436,1067.75,243,3,3,0,0.0,1067.75,355.9166666666667,3,0.0
17217,113.5,9,1,1,0,0.0,113.5,113.5,1,0.0
17734,700.63,40,3,3,0,0.0,700.63,233.54333333333332,3,0.0
15260,1390.27,47,5,5,1,30.0,1360.27,278.054,6,0.16666666666666666
14905,616.15,14,2,2,1,16.25,599.9,308.075,3,0.3333333333333333
17548,103.3,5,1,1,1,103.3,0.0,103.3,2,0.5
14148,157.2,3,1,1,0,0.0,157.2,157.2,1,0.0
16103,1429.64,30,6,6,0,0.0,1429.64,238.27333333333334,6,0.0
14626,2791.27,108,4,4,3,34.2,2757.07,697.8175,7,0.42857142857142855
14868,2953.59,96,8,7,1,13.95,2939.64,369.19875,9,0.1111111111111111
18246,596.1,3,2,2,0,0.0,596.1,298.05,2,0.0
13485,454.24,23,1,1,0,0.0,454.24,454.24,1,0.0
15517,267.03,27,1,1,0,0.0,267.03,267.03,1,0.0
17115,837.5,33,3,3,2,30.599999999999998,806.9000000000001,279.1666666666667,5,0.4
17120,307.46,18,1,1,0,0.0,307.46,307.46,1,0.0
16611,129.49,9,1,1,1,8.5,120.99000000000001,129.49,2,0.5
15912,264.62,19,2,2,0,0.0,264.62,132.31,2,0.0
14001,1741.8400000000001,28,2,2,1,12.75,1729.0900000000001,870.9200000000001,3,0.3333333333333333
17158,853.18,40,2,2,0,0.0,853.18,426.59,2,0.0
17588,1240.2,19,3,3,0,0.0,1240.2,413.40000000000003,3,0.0
14759,1625.97,92,3,3,0,0.0,1625.97,541.99,3,0.0
14577,512.8100000000001,68,3,3,0,0.0,512.8100000000001,170.9366666666667,3,0.0
16185,529.41,31,2,2,0,0.0,529.41,264.705,2,0.0
13389,797.96,50,3,3,0,0.0,797.96,265.9866666666667,3,0.0
17631,528.33,39,3,3,0,0.0,528.33,176.11,3,0.0
17061,5232.2300000000005,57,11,9,1,116.10000000000001,5116.13,475.65727272727275,12,0.08333333333333333
17718,139.35,6,1,1,0,0.0,139.35,139.35,1,0.0
17630,503.59999999999997,24,2,2,0,0.0,503.59999999999997,251.79999999999998,2,0.0
16163,415.00000000000006,1,1,1,1,415.00000000000006,0.0,415.00000000000006,2,0.5
13495,1179.44,22,3,3,0,0.0,1179.44,393.1466666666667,3,0.0
13223,163.20000000000002,5,2,2,0,0.0,163.20000000000002,81.60000000000001,2,0.0
16146,734.13,26,3,3,0,0.0,734.13,244.71,3,0.0
17109,881.29,107,6,4,2,15.36,865.9300000000001,146.88166666666666,8,0.25
16587,225.15,13,1,1,0,0.0,225.15,225.15,1,0.0
17179,468.79,47,2,2,0,0.0,468.79,234.395,2,0.0
16750,623.93,74,5,5,0,0.0,623.93,124.78599999999999,5,0.0
13482,184.64,11,1,1,0,0.0,184.64,184.64,1,0.0
14512,275.28,19,2,2,0,0.0,275.28,137.64,2,0.0
17670,205.7,11,1,1,0,0.0,205.7,205.7,1,0.0
16834,413.46,24,1,1,0,0.0,413.46,413.46,1,0.0
16442,462.24,123,2,2,0,0.0,462.24,231.12,2,0.0
16942,1904.99,159,9,8,1,26.479999999999997,1878.51,211.66555555555556,10,0.1
14640,2107.38,87,6,6,2,82.92999999999999,2024.45,351.23,8,0.25
16823,358.38,34,1,1,0,0.0,358.38,358.38,1,0.0
15237,1412.32,94,4,4,0,0.0,1412.32,353.08,4,0.0
17854,311.26,15,2,2,0,0.0,311.26,155.63,2,0.0
18220,305.28000000000003,2,1,1,1,7.5,297.78000000000003,305.28000000000003,2,0.5
17436,216.29999999999998,7,2,2,0,0.0,216.29999999999998,108.14999999999999,2,0.0
16965,201.19,26,1,1,0,0.0,201.19,201.19,1,0.0
12840,2726.77,67,4,4,2,12.5,2714.27,681.6925,6,0.3333333333333333
15891,511.68,60,1,1,0,0.0,511.68,511.68,1,0.0
17187,203.95,10,1,1,0,0.0,203.95,203.95,1,0.0
16016,1102.49,120,7,6,1,16.95,1085.54,157.49857142857144,8,0.125
13637,804.3,79,3,3,0,0.0,804.3,268.09999999999997,3,0.0
17991,93.35,4,2,2,0,0.0,93.35,46.675,2,0.0
16418,631.12,76,3,3,0,0.0,631.12,210.37333333333333,3,0.0
16099,731.9,29,3,3,0,0.0,731.9,243.96666666666667,3,0.0
15768,621.8299999999999,23,3,3,1,40.0,581.8299999999999,207.27666666666664,4,0.25
16637,1154.47,66,4,4,1,29.879999999999995,1124.59,288.6175,5,0.2
14240,890.34,37,2,2,0,0.0,890.34,445.17,2,0.0
15143,259.45,14,1,1,0,0.0,259.45,259.45,1,0.0
13229,160.95,10,1,1,0,0.0,160.95,160.95,1,0.0
14973,1314.45,29,3,3,0,0.0,1314.45,438.15000000000003,3,0.0
14271,112.32,10,1,1,0,0.0,112.32,112.32,1,0.0
17720,1093.94,39,3,3,0,0.0,1093.94,364.6466666666667,3,0.0
15952,781.91,65,4,4,0,0.0,781.91,195.4775,4,0.0
16227,314.22,6,1,1,1,5.9,308.32000000000005,314.22,2,0.5
17893,107.21,15,1,1,0,0.0,107.21,107.21,1,0.0
14022,440.0,28,1,1,0,0.0,440.0,440.0,1,0.0
15210,331.18,20,1,1,0,0.0,331.18,331.18,1,0.0
16370,1301.91,143,4,4,0,0.0,1301.91,325.4775,4,0.0
16634,53.1,1,1,1,0,0.0,53.1,53.1,1,0.0
15376,1221.56,100,3,3,0,0.0,1221.56,407.18666666666667,3,0.0
14655,1932.23,35,4,4,1,2.08,1930.15,483.0575,5,0.2
17615,329.6,13,3,3,0,0.0,329.6,109.86666666666667,3,0.0
16055,134.8,8,1,1,0,0.0,134.8,134.8,1,0.0
14149,446.62,28,1,1,2,187.19,259.43,446.62,3,0.6666666666666666
17501,288.6,18,2,1,0,0.0,288.6,144.3,2,0.0
14191,4684.76,145,13,13,1,24.75,4660.01,360.36615384615385,14,0.07142857142857142
15620,1128.69,64,2,2,3,28.78,1099.91,564.345,5,0.6
15048,282.3,67,3,3,1,3.4799999999999995,278.82,94.10000000000001,4,0.25
13282,1132.14,29,3,3,3,84.3,1047.8400000000001,377.38000000000005,6,0.5
15582,682.9100000000001,39,3,3,0,0.0,682.9100000000001,227.63666666666668,3,0.0
16230,542.03,32,2,2,0,0.0,542.03,271.015,2,0.0
18146,160.35000000000002,10,2,2,0,0.0,160.35000000000002,80.17500000000001,2,0.0
15976,427.64,83,2,2,0,0.0,427.64,213.82,2,0.0
16539,641.56,12,2,2,0,0.0,641.56,320.78,2,0.0
12886,1378.4,75,2,2,1,27.310000000000002,1351.09,689.2,3,0.3333333333333333
17974,703.99,143,3,3,0,0.0,703.99,234.66333333333333,3,0.0
13524,680.1800000000001,17,5,5,0,0.0,680.1800000000001,136.036,5,0.0
17955,557.3,14,4,3,0,0.0,557.3,139.325,4,0.0
15128,1471.0,74,4,4,4,51.459999999999994,1419.54,367.75,8,0.5
15987,1319.29,103,6,5,0,0.0,1319.29,219.88166666666666,6,0.0
16610,75.66,6,1,1,0,0.0,75.66,75.66,1,0.0
17394,203.86999999999998,4,1,1,0,0.0,203.86999999999998,203.86999999999998,1,0.0
14173,450.84,28,4,3,0,0.0,450.84,112.71,4,0.0
16258,5203.51,111,5,5,0,0.0,5203.51,1040.702,5,0.0
14948,1101.97,56,6,6,1,35.400000000000006,1066.57,183.66166666666666,7,0.14285714285714285
17384,336.4,12,2,2,0,0.0,336.4,168.2,2,0.0
16990,179.0,1,1,1,0,0.0,179.0,179.0,1,0.0
13831,1790.4499999999998,58,5,5,0,0.0,1790.4499999999998,358.09,5,0.0
13762,306.72,7,1,1,1,306.71999999999997,3.552713678800501e-15,306.72,2,0.5
14340,134.7,6,1,1,0,0.0,134.7,134.7,1,0.0
17429,524.9200000000001,36,3,3,1,12.8,512.12,174.97333333333336,4,0.25
13711,252.06,11,2,1,0,0.0,252.06,126.03,2,0.0
13448,2705.15,129,3,3,2,32.7,2672.4500000000003,901.7166666666667,5,0.4
14515,2076.89,68,6,5,0,0.0,2076.89,346.1483333333333,6,0.0
16457,208.36,9,1,1,0,0.0,208.36,208.36,1,0.0
17527,939.37,45,4,4,2,50.510000000000005,888.86,234.8425,6,0.3333333333333333
14199,185.39999999999998,2,1,1,0,0.0,185.39999999999998,185.39999999999998,1,0.0
13888,595.67,38,2,2,0,0.0,595.67,297.835,2,0.0
14423,265.2,3,1,1,0,0.0,265.2,265.2,1,0.0
14697,188.60999999999999,22,2,1,0,0.0,188.60999999999999,94.30499999999999,2,0.0
17522,1070.71,59,5,5,0,0.0,1070.71,214.142,5,0.0
13867,1005.09,51,3,3,0,0.0,1005.09,335.03000000000003,3,0.0
17624,843.48,49,2,2,0,0.0,843.48,421.74,2,0.0
14393,67.95,5,1,1,0,0.0,67.95,67.95,1,0.0
17578,143.45999999999998,5,1,1,1,18.72,124.74,143.45999999999998,2,0.5
13450,2043.7199999999998,32,6,6,0,0.0,2043.7199999999998,340.61999999999995,6,0.0
17423,698.41,26,2,2,2,34.78,663.63,349.205,4,0.5
18241,2073.09,60,17,17,1,15.0,2058.09,121.9464705882353,18,0.05555555555555555
16153,1609.22,72,4,4,0,0.0,1609.22,402.305,4,0.0
15668,76.32000000000001,1,1,1,0,0.0,76.32000000000001,76.32000000000001,1,0.0
16319,404.40000000000003,3,1,1,0,0.0,404.40000000000003,404.40000000000003,1,0.0
15757,714.42,43,2,2,0,0.0,714.42,357.21,2,0.0
17174,59.9,4,1,1,0,0.0,59.9,59.9,1,0.0
13365,2225.37,122,2,2,1,34.150000000000006,2191.22,1112.685,3,0.3333333333333333
18227,93.75,5,1,1,0,0.0,93.75,93.75,1,0.0
14145,3742.2,6,4,4,1,594.0,3148.2,935.55,5,0.2
18235,1796.48,100,3,3,0,0.0,1796.48,598.8266666666667,3,0.0
13741,668.4300000000001,34,3,3,1,2.1,666.33,222.81000000000003,4,0.25
16832,199.15,11,3,3,0,0.0,199.15,66.38333333333334,3,0.0
15258,623.16,32,2,2,0,0.0,623.16,311.58,2,0.0
15552,90.12,17,1,1,0,0.0,90.12,90.12,1,0.0
18170,980.31,29,3,3,0,0.0,980.31,326.77,3,0.0
13723,199.85000000000002,6,1,1,0,0.0,199.85000000000002,199.85000000000002,1,0.0
14005,2874.72,53,5,5,0,0.0,2874.72,574.944,5,0.0
15561,800.59,27,4,3,1,77.85000000000001,722.74,200.1475,5,0.2
16121,854.66,170,2,2,0,0.0,854.66,427.33,2,0.0
18142,1019.52,9,2,2,2,4.62,1014.9,509.76,4,0.5
13642,312.28,57,1,1,0,0.0,312.28,312.28,1,0.0
15117,1551.78,63,5,5,1,1.65,1550.13,310.356,6,0.16666666666666666
13561,141.85999999999999,14,1,1,0,0.0,141.85999999999999,141.85999999999999,1,0.0
15704,2293.62,79,4,3,0,0.0,2293.62,573.405,4,0.0
14684,1033.15,218,4,4,0,0.0,1033.15,258.2875,4,0.0
16007,1693.81,221,4,4,0,0.0,1693.81,423.4525,4,0.0
16232,990.88,24,4,3,1,7.6499999999999995,983.23,247.72,5,0.2
17410,1214.72,57,5,5,0,0.0,1214.72,242.94400000000002,5,0.0
13835,834.57,48,4,4,0,0.0,834.57,208.6425,4,0.0
15312,635.11,28,3,3,0,0.0,635.11,211.70333333333335,3,0.0
13427,582.6,25,3,3,0,0.0,582.6,194.20000000000002,3,0.0
14353,90.6,6,1,1,0,0.0,90.6,90.6,1,0.0
13003,149.05,4,3,3,0,0.0,149.05,49.68333333333334,3,0.0
16756,239.4,13,1,1,0,0.0,239.4,239.4,1,0.0
17007,682.81,39,4,4,0,0.0,682.81,170.7025,4,0.0
16440,3640.67,186,5,5,0,0.0,3640.67,728.134,5,0.0
18120,111.15,17,1,1,0,0.0,111.15,111.15,1,0.0
17723,3276.4000000000005,4,6,6,0,0.0,3276.4000000000005,546.0666666666667,6,0.0
14699,109.13000000000001,8,1,1,0,0.0,109.13000000000001,109.13000000000001,1,0.0
12821,92.72,6,1,1,0,0.0,92.72,92.72,1,0.0
17033,722.34,19,2,2,0,0.0,722.34,361.17,2,0.0
13055,1214.41,74,3,2,1,12.450000000000001,1201.96,404.80333333333334,4,0.25
13320,1532.2,77,4,3,2,57.0,1475.2,383.05,6,0.3333333333333333
16357,658.88,31,3,3,0,0.0,658.88,219.62666666666667,3,0.0
18242,2232.4900000000002,72,4,3,0,0.0,2232.4900000000002,558.1225000000001,4,0.0
15865,895.13,37,3,3,0,0.0,895.13,298.37666666666667,3,0.0
17597,2044.3700000000001,55,1,1,0,0.0,2044.3700000000001,2044.3700000000001,1,0.0
14397,2612.96,18,19,19,4,56.28,2556.68,137.52421052631578,23,0.17391304347826086
13242,270.40000000000003,12,3,2,0,0.0,270.40000000000003,90.13333333333334,3,0.0
14288,426.6,16,1,1,1,12.75,413.85,426.6,2,0.5
15063,370.79999999999995,5,1,1,0,0.0,370.79999999999995,370.79999999999995,1,0.0
14591,1320.21,138,4,2,0,0.0,1320.21,330.0525,4,0.0
13990,311.3,16,1,1,0,0.0,311.3,311.3,1,0.0
12749,4090.88,160,5,4,3,222.68,3868.2,818.176,8,0.375
13487,382.25,18,2,2,0,0.0,382.25,191.125,2,0.0
14691,2114.33,50,5,4,0,0.0,2114.33,422.866,5,0.0
16229,1010.6,46,2,2,0,0.0,1010.6,505.3,2,0.0
14920,977.77,57,2,1,0,0.0,977.77,488.885,2,0.0
17489,376.64,28,2,2,0,0.0,376.64,188.32,2,0.0
13404,252.49,11,2,2,0,0.0,252.49,126.245,2,0.0
15729,85.0,5,1,1,1,23.0,62.0,85.0,2,0.5
13136,2607.61,94,5,4,5,42.13000000000001,2565.48,521.522,10,0.5
16644,833.78,62,2,2,0,0.0,833.78,416.89,2,0.0
14731,380.02,38,3,3,0,0.0,380.02,126.67333333333333,3,0.0
15187,4777.18,61,16,14,2,107.1,4670.08,298.57375,18,0.1111111111111111
13052,348.15000000000003,18,1,1,0,0.0,348.15000000000003,348.15000000000003,1,0.0
18133,931.4999999999999,1,1,1,1,216.0,715.4999999999999,931.4999999999999,2,0.5
17664,604.64,41,2,2,0,0.0,604.64,302.32,2,0.0
15732,156.02,9,1,1,0,0.0,156.02,156.02,1,0.0
14649,1402.59,148,4,3,0,0.0,1402.59,350.6475,4,0.0
13235,1031.07,53,1,1,1,929.9,101.17000000000007,1031.07,2,0.5
14883,761.59,39,6,5,1,4.95,756.64,126.93166666666667,7,0.14285714285714285
12976,738.6,22,1,1,0,0.0,738.6,738.6,1,0.0
16244,466.12,28,1,1,0,0.0,466.12,466.12,1,0.0
14681,498.95,6,3,2,0,0.0,498.95,166.31666666666666,3,0.0
14421,813.11,25,2,2,0,0.0,813.11,406.555,2,0.0
16116,612.78,34,1,1,1,19.9,592.88,612.78,2,0.5
14988,334.54,40,1,1,0,0.0,334.54,334.54,1,0.0
15489,1134.28,47,3,3,1,44.25000000000001,1090.03,378.0933333333333,4,0.25
14364,3717.35,61,8,7,0,0.0,3717.35,464.66875,8,0.0
16006,101.4,8,1,1,0,0.0,101.4,101.4,1,0.0
16184,1158.79,26,6,6,1,3.25,1155.54,193.13166666666666,7,0.14285714285714285
17932,1331.57,84,3,3,0,0.0,1331.57,443.8566666666666,3,0.0
18221,1041.61,59,5,5,1,8.3,1033.31,208.32199999999997,6,0.16666666666666666
14853,475.8,8,2,2,1,12.75,463.05,237.9,3,0.3333333333333333
17658,595.42,17,2,2,1,109.53999999999999,485.88,297.71,3,0.3333333333333333
17764,772.55,71,2,2,0,0.0,772.55,386.275,2,0.0
14651,653.75,95,2,2,0,0.0,653.75,326.875,2,0.0
14000,635.66,15,1,1,1,1.9500000000000002,633.71,635.66,2,0.5
13601,693.32,90,2,2,0,0.0,693.32,346.66,2,0.0
17671,1178.53,33,3,3,2,288.63,889.9,392.8433333333333,5,0.4
17970,562.79,27,1,1,0,0.0,562.79,562.79,1,0.0
15826,1654.31,64,3,2,1,4.95,1649.3600000000001,551.4366666666666,4,0.25
15907,882.72,175,3,3,0,0.0,882.72,294.24,3,0.0
14342,668.5600000000001,18,4,4,2,60.85000000000001,607.71,167.14000000000001,6,0.3333333333333333
14873,519.68,28,1,1,0,0.0,519.68,519.68,1,0.0
14689,112.8,13,1,1,0,0.0,112.8,112.8,1,0.0
15440,383.68,50,3,3,0,0.0,383.68,127.89333333333333,3,0.0
16076,2234.73,71,10,9,1,61.199999999999996,2173.53,223.473,11,0.09090909090909091
15333,1028.56,16,1,1,0,0.0,1028.56,1028.56,1,0.0
15081,393.65,19,4,4,1,17.45,376.2,98.4125,5,0.2
16283,1570.81,117,5,5,2,39.300000000000004,1531.51,314.162,7,0.2857142857142857
17263,63.440000000000005,23,1,1,0,0.0,63.440000000000005,63.440000000000005,1,0.0
16877,846.62,111,6,6,0,0.0,846.62,141.10333333333332,6,0.0
16642,688.33,32,2,2,1,8.5,679.83,344.165,3,0.3333333333333333
12871,380.64,8,2,2,0,0.0,380.64,190.32,2,0.0
14038,1560.38,64,3,3,1,5.9,1554.48,520.1266666666667,4,0.25
14489,463.38,30,1,1,0,0.0,463.38,463.38,1,0.0
14888,369.2,20,1,1,0,0.0,369.2,369.2,1,0.0
17190,444.74,19,2,2,1,195.0,249.74,222.37,3,0.3333333333333333
13456,1766.72,43,6,6,1,28.9,1737.8200000000002,294.4533333333333,7,0.14285714285714285
16899,1100.51,72,5,5,0,0.0,1100.51,220.102,5,0.0
17898,152.06,27,2,2,0,0.0,152.06,76.03,2,0.0
13976,357.98,10,1,1,0,0.0,357.98,357.98,1,0.0
16139,635.41,25,3,3,0,0.0,635.41,211.8033333333333,3,0.0
18043,241.38,49,2,2,0,0.0,241.38,120.69,2,0.0
15730,1120.88,68,3,3,1,12.5,1108.38,373.6266666666667,4,0.25
16266,861.89,44,7,6,0,0.0,861.89,123.12714285714286,7,0.0
15123,2199.31,93,2,2,0,0.0,2199.31,1099.655,2,0.0
17702,1824.37,58,4,4,1,16.5,1807.87,456.0925,5,0.2
17505,1145.84,48,2,2,0,0.0,1145.84,572.92,2,0.0
13756,4185.12,61,11,9,1,44.400000000000006,4140.72,380.4654545454545,12,0.08333333333333333
16446,168472.5,3,2,2,1,168469.6,2.8999999999941792,84236.25,3,0.3333333333333333
17556,157.9,6,1,1,0,0.0,157.9,157.9,1,0.0
14583,986.96,243,5,5,0,0.0,986.96,197.392,5,0.0
16818,3349.57,172,11,11,2,31.599999999999998,3317.97,304.50636363636363,13,0.15384615384615385
13572,1384.25,32,1,1,0,0.0,1384.25,1384.25,1,0.0
14009,695.61,42,2,2,1,9.680000000000001,685.9300000000001,347.805,3,0.3333333333333333
14565,1931.71,68,3,3,2,25.35,1906.3600000000001,643.9033333333333,5,0.4
13258,672.83,28,3,3,0,0.0,672.83,224.27666666666667,3,0.0
14463,529.62,6,3,3,0,0.0,529.62,176.54,3,0.0
13192,911.94,57,2,2,0,0.0,911.94,455.97,2,0.0
16987,1616.8,74,7,6,0,0.0,1616.8,230.97142857142856,7,0.0
13417,640.83,26,2,2,0,0.0,640.83,320.415,2,0.0
17047,1100.9,59,3,2,0,0.0,1100.9,366.9666666666667,3,0.0
13531,178.35,7,1,1,0,0.0,178.35,178.35,1,0.0
15116,1352.75,37,4,4,0,0.0,1352.75,338.1875,4,0.0
17469,1870.97,61,5,5,1,27.91,1843.06,374.194,6,0.16666666666666666
16647,214.06,12,2,2,0,0.0,214.06,107.03,2,0.0
13627,1327.28,66,4,4,2,14.45,1312.83,331.82,6,0.3333333333333333
15630,1186.35,57,2,2,1,5.95,1180.4,593.175,3,0.3333333333333333
14896,211.55,11,1,1,0,0.0,211.55,211.55,1,0.0
17245,171.45,9,1,1,0,0.0,171.45,171.45,1,0.0
16008,478.78,29,3,3,0,0.0,478.78,159.59333333333333,3,0.0
17871,155.9,10,1,1,0,0.0,155.9,155.9,1,0.0
13529,307.76,15,2,2,0,0.0,307.76,153.88,2,0.0
15599,761.74,50,2,2,0,0.0,761.74,380.87,2,0.0
16813,1652.18,248,10,10,0,0.0,1652.18,165.21800000000002,10,0.0
15862,478.65,80,3,3,0,0.0,478.65,159.54999999999998,3,0.0
15394,1595.88,42,3,3,0,0.0,1595.88,531.96,3,0.0
17980,516.25,12,2,2,0,0.0,516.25,258.125,2,0.0
14859,1353.74,47,4,3,1,1.7,1352.04,338.435,5,0.2
16463,1422.4,74,4,4,3,38.7,1383.7,355.6,7,0.42857142857142855
15791,1612.69,66,2,2,1,8.25,1604.44,806.345,3,0.3333333333333333
13658,2639.17,91,5,3,2,217.7,2421.47,527.8340000000001,7,0.2857142857142857
13887,349.55,19,1,1,0,0.0,349.55,349.55,1,0.0
14551,186.23,9,2,2,0,0.0,186.23,93.115,2,0.0
17166,206.34,11,2,2,1,16.85,189.49,103.17,3,0.3333333333333333
17926,397.29,17,2,2,0,0.0,397.29,198.645,2,0.0
13391,59.8,1,1,1,0,0.0,59.8,59.8,1,0.0
17455,131.7,8,1,1,0,0.0,131.7,131.7,1,0.0
13308,1385.51,49,3,3,1,17.9,1367.6100000000001,461.83666666666664,4,0.25
13856,388.5,10,3,3,2,25.1,363.4,129.5,5,0.4
13243,585.12,56,1,1,0,0.0,585.12,585.12,1,0.0
15095,1370.6,30,4,3,1,5.9,1364.7,342.65,5,0.2
18048,172.29000000000002,6,2,1,0,0.0,172.29000000000002,86.14500000000001,2,0.0
18287,1837.28,59,3,3,0,0.0,1837.28,612.4266666666666,3,0.0
18150,566.58,29,3,3,0,0.0,566.58,188.86,3,0.0
16690,225.57999999999998,10,2,2,1,16.95,208.63,112.78999999999999,3,0.3333333333333333
13555,4098.88,128,4,2,0,0.0,4098.88,1024.72,4,0.0
16038,471.78000000000003,24,3,3,1,17.45,454.33000000000004,157.26000000000002,4,0.25
13972,190.25,15,2,2,0,0.0,190.25,95.125,2,0.0
13227,257.7,9,1,1,0,0.0,257.7,257.7,1,0.0
13657,382.14,16,2,2,0,0.0,382.14,191.07,2,0.0
17176,306.13,15,1,1,0,0.0,306.13,306.13,1,0.0
14837,1649.5,96,4,4,1,8.3,1641.2,412.375,5,0.2
14682,52.0,1,2,2,0,0.0,52.0,26.0,2,0.0
14921,1316.07,78,2,2,0,0.0,1316.07,658.035,2,0.0
16341,1971.87,60,4,3,2,12.489999999999998,1959.38,492.9675,6,0.3333333333333333
14647,236.04000000000002,24,1,1,0,0.0,236.04000000000002,236.04000000000002,1,0.0
15292,178.39,24,1,1,0,0.0,178.39,178.39,1,0.0
15705,143.1,6,1,1,0,0.0,143.1,143.1,1,0.0
13339,860.12,54,1,1,0,0.0,860.12,860.12,1,0.0
13885,506.8,28,2,2,0,0.0,506.8,253.4,2,0.0
15563,1130.25,77,3,2,3,80.75,1049.5,376.75,6,0.5
13546,621.09,72,3,3,0,0.0,621.09,207.03,3,0.0
17715,326.4,1,1,1,0,0.0,326.4,326.4,1,0.0
18160,638.0600000000001,37,2,2,0,0.0,638.0600000000001,319.03000000000003,2,0.0
15434,1041.48,40,5,4,1,44.0,997.48,208.296,6,0.16666666666666666
15734,1339.45,25,2,2,0,0.0,1339.45,669.725,2,0.0
13737,339.59999999999997,29,1,1,0,0.0,339.59999999999997,339.59999999999997,1,0.0
13523,3397.93,135,4,3,1,209.5,3188.43,849.4825,5,0.2
13213,1520.58,82,5,4,1,2.15,1518.43,304.116,6,0.16666666666666666
18018,122.14,29,2,2,0,0.0,122.14,61.07,2,0.0
15314,327.97,24,1,1,0,0.0,327.97,327.97,1,0.0
17521,723.2099999999999,38,3,3,1,1.25,721.9599999999999,241.06999999999996,4,0.25
15042,135.93,5,1,1,0,0.0,135.93,135.93,1,0.0
12863,521.2,5,1,1,1,17.0,504.2,521.2,2,0.5
16091,315.06,16,2,2,0,0.0,315.06,157.53,2,0.0
15804,4206.39,170,13,13,6,357.84,3848.55,323.5684615384616,19,0.3157894736842105
14593,617.15,127,3,2,0,0.0,617.15,205.71666666666667,3,0.0
15882,145.04000000000002,7,2,1,0,0.0,145.04000000000002,72.52000000000001,2,0.0
14287,176.63,9,3,2,1,25.4,151.23000000000002,58.876666666666665,4,0.25
16763,611.85,23,1,1,1,16.95,594.9,611.85,2,0.5
14705,179.0,1,1,1,0,0.0,179.0,179.0,1,0.0
14985,172.24,37,1,1,0,0.0,172.24,172.24,1,0.0
14522,974.54,15,4,4,0,0.0,974.54,243.635,4,0.0
16448,182.99,19,1,1,0,0.0,182.99,182.99,1,0.0
14584,1033.06,68,4,4,1,13.0,1020.06,258.265,5,0.2
12974,144.8,8,1,1,0,0.0,144.8,144.8,1,0.0
12942,416.85,54,2,2,0,0.0,416.85,208.425,2,0.0
12987,558.7,27,2,2,1,13.7,545.0,279.35,3,0.3333333333333333
14816,271.85,4,1,1,0,0.0,271.85,271.85,1,0.0
15852,160.71,22,2,2,0,0.0,160.71,80.355,2,0.0
16624,810.5699999999999,44,2,2,0,0.0,810.5699999999999,405.28499999999997,2,0.0
18232,592.97,31,4,4,1,10.5,582.47,148.2425,5,0.2
18073,3859.82,23,12,10,1,13.08,3846.7400000000002,321.6516666666667,13,0.07692307692307693
16369,1545.41,91,3,3,0,0.0,1545.41,515.1366666666667,3,0.0
14280,134.04,8,1,1,0,0.0,134.04,134.04,1,0.0
13135,3096.0,1,1,1,0,0.0,3096.0,3096.0,1,0.0
17345,519.6899999999999,70,4,3,0,0.0,519.6899999999999,129.92249999999999,4,0.0
16275,559.87,33,1,1,0,0.0,559.87,559.87,1,0.0
14338,588.22,30,2,2,2,34.0,554.22,294.11,4,0.5
15402,626.77,35,2,2,0,0.0,626.77,313.385,2,0.0
16323,207.50000000000003,1,1,1,0,0.0,207.50000000000003,207.50000000000003,1,0.0
14625,314.1,19,1,1,2,13.5,300.6,314.1,3,0.6666666666666666
14451,643.9,86,2,2,0,0.0,643.9,321.95,2,0.0
14823,321.43,56,3,2,0,0.0,321.43,107.14333333333333,3,0.0
15897,208.59,17,2,1,0,0.0,208.59,104.295,2,0.0
17051,240.89000000000001,40,1,1,0,0.0,240.89000000000001,240.89000000000001,1,0.0
15925,207.15,12,1,1,0,0.0,207.15,207.15,1,0.0
15863,68.84,18,2,2,0,0.0,68.84,34.42,2,0.0
16470,536.43,90,3,3,0,0.0,536.43,178.80999999999997,3,0.0
16483,139.35,19,1,1,0,0.0,139.35,139.35,1,0.0
13398,457.34,26,1,1,0,0.0,457.34,457.34,1,0.0
13070,228.8,9,1,1,0,0.0,228.8,228.8,1,0.0
14819,272.07,13,2,2,0,0.0,272.07,136.035,2,0.0
15163,304.47,29,2,2,0,0.0,304.47,152.235,2,0.0
18204,1975.35,159,3,3,1,14.4,1960.95,658.4499999999999,4,0.25
16810,309.54,15,1,1,0,0.0,309.54,309.54,1,0.0
15124,184.19,14,2,2,0,0.0,184.19,92.095,2,0.0
16969,650.41,42,3,3,0,0.0,650.41,216.8033333333333,3,0.0
14597,866.24,45,2,2,0,0.0,866.24,433.12,2,0.0
13917,272.04,16,2,2,0,0.0,272.04,136.02,2,0.0
13062,346.98,11,1,1,0,0.0,346.98,346.98,1,0.0
17820,0.0,0,0,0,1,7.1000000000000005,-7.1000000000000005,0.0,1,1.0
15192,729.32,27,2,2,0,0.0,729.32,364.66,2,0.0
16484,404.3,25,2,2,1,24.900000000000002,379.4,202.15,3,0.3333333333333333
15184,402.2,59,2,2,0,0.0,402.2,201.1,2,0.0
18135,681.9100000000001,11,5,5,0,0.0,681.9100000000001,136.382,5,0.0
14453,119.93,22,1,1,0,0.0,119.93,119.93,1,0.0
17900,112.19999999999999,4,2,1,2,97.19999999999999,15.0,56.099999999999994,4,0.5
13437,3408.06,143,7,7,0,0.0,3408.06,486.86571428571426,7,0.0
16529,455.25,30,1,1,0,0.0,455.25,455.25,1,0.0
17531,296.7,14,1,1,1,3.25,293.45,296.7,2,0.5
16239,414.2,18,2,2,1,41.300000000000004,372.9,207.1,3,0.3333333333333333
14500,356.85,6,3,3,0,0.0,356.85,118.95,3,0.0
16117,232.21,30,1,1,0,0.0,232.21,232.21,1,0.0
13248,465.68,25,2,2,0,0.0,465.68,232.84,2,0.0
16967,319.02,21,1,1,0,0.0,319.02,319.02,1,0.0
15405,349.1,8,1,1,0,0.0,349.1,349.1,1,0.0
16659,39.12,2,1,1,0,0.0,39.12,39.12,1,0.0
16880,1491.43,121,7,6,0,0.0,1491.43,213.0614285714286,7,0.0
13435,3809.8900000000003,68,7,7,2,15.4,3794.4900000000002,544.2700000000001,9,0.2222222222222222
13131,1073.3,30,3,3,1,34.0,1039.3,357.76666666666665,4,0.25
14891,554.38,30,2,2,0,0.0,554.38,277.19,2,0.0
16682,1028.0,15,5,5,0,0.0,1028.0,205.6,5,0.0
15453,1371.77,169,7,7,0,0.0,1371.77,195.96714285714285,7,0.0
16883,144.45,20,1,1,0,0.0,144.45,144.45,1,0.0
14621,1482.66,66,4,4,1,22.6,1460.06,370.665,5,0.2
16963,110.55000000000001,7,1,1,0,0.0,110.55000000000001,110.55000000000001,1,0.0
13682,59.5,3,1,1,0,0.0,59.5,59.5,1,0.0
15152,4745.69,196,13,13,3,61.45,4684.24,365.0530769230769,16,0.1875
15462,234.6,9,3,3,0,0.0,234.6,78.2,3,0.0
15349,463.90999999999997,65,2,2,0,0.0,463.90999999999997,231.95499999999998,2,0.0
16849,124.57,8,1,1,0,0.0,124.57,124.57,1,0.0
15073,1043.41,31,3,3,1,430.97999999999996,612.43,347.80333333333334,4,0.25
16298,598.2,22,3,3,0,0.0,598.2,199.4,3,0.0
18248,804.02,39,2,2,2,21.0,783.02,402.01,4,0.5
15386,394.14,31,1,1,0,0.0,394.14,394.14,1,0.0
14498,1791.1,151,4,4,0,0.0,1791.1,447.775,4,0.0
17252,348.91,86,2,2,0,0.0,348.91,174.455,2,0.0
14542,103.25,5,1,1,0,0.0,103.25,103.25,1,0.0
16825,775.1800000000001,27,2,2,0,0.0,775.1800000000001,387.59000000000003,2,0.0
18072,247.44,18,1,1,1,247.44,-5.329070518200751e-15,247.44,2,0.5
13643,519.44,24,3,3,0,0.0,519.44,173.14666666666668,3,0.0
15969,666.1,20,3,3,1,83.2,582.9,222.03333333333333,4,0.25
13283,93.66,7,2,2,0,0.0,93.66,46.83,2,0.0
17015,1838.6100000000001,182,3,3,0,0.0,1838.6100000000001,612.87,3,0.0
14375,235.56,57,1,1,0,0.0,235.56,235.56,1,0.0
17124,294.24,31,1,1,0,0.0,294.24,294.24,1,0.0
17987,198.57,13,1,1,0,0.0,198.57,198.57,1,0.0
17026,121.67999999999999,1,1,1,0,0.0,121.67999999999999,121.67999999999999,1,0.0
13395,307.72,21,1,1,0,0.0,307.72,307.72,1,0.0
15743,775.96,59,4,4,0,0.0,775.96,193.99,4,0.0
17414,778.0,5,2,2,0,0.0,778.0,389.0,2,0.0
14622,320.58000000000004,21,1,1,0,0.0,320.58000000000004,320.58000000000004,1,0.0
15609,298.48,16,1,1,1,28.45,270.03000000000003,298.48,2,0.5
14561,1080.76,67,3,3,0,0.0,1080.76,360.25333333333333,3,0.0
14829,312.21999999999997,16,2,2,0,0.0,312.21999999999997,156.10999999999999,2,0.0
16872,680.02,5,3,3,0,0.0,680.02,226.67333333333332,3,0.0
16358,2027.5,82,4,4,1,2.55,2024.95,506.875,5,0.2
15238,1071.99,49,3,3,2,15.45,1056.54,357.33,5,0.4
13466,307.9,17,1,1,1,9.95,297.95,307.9,2,0.5
17360,568.24,113,3,2,0,0.0,568.24,189.41333333333333,3,0.0
13510,1791.56,86,4,4,1,6.4,1785.16,447.89,5,0.2
14241,213.70000000000002,10,1,1,0,0.0,213.70000000000002,213.70000000000002,1,0.0
14132,3586.0299999999997,100,11,11,1,5.9,3580.13,326.00272727272727,12,0.08333333333333333
14963,1472.34,149,5,5,0,0.0,1472.34,294.46799999999996,5,0.0
17169,835.78,51,2,2,2,18.900000000000002,816.88,417.89,4,0.5
15252,740.78,44,2,2,0,0.0,740.78,370.39,2,0.0
17731,1240.11,54,4,3,1,361.90999999999997,878.2,310.0275,5,0.2
16113,161.38,30,1,1,0,0.0,161.38,161.38,1,0.0
16107,3204.1600000000003,16,7,7,0,0.0,3204.1600000000003,457.7371428571429,7,0.0
17483,414.04,18,3,3,0,0.0,414.04,138.01333333333335,3,0.0
15679,781.28,98,4,4,0,0.0,781.28,195.32,4,0.0
13686,72.0,8,1,1,0,0.0,72.0,72.0,1,0.0
16581,105.84,9,1,1,1,35.400000000000006,70.44,105.84,2,0.5
15267,1717.36,8,5,5,0,0.0,1717.36,343.472,5,0.0
17234,149.89000000000001,14,1,1,0,0.0,149.89000000000001,149.89000000000001,1,0.0
17797,780.43,102,3,2,0,0.0,780.43,260.1433333333333,3,0.0
16614,506.19,26,1,1,0,0.0,506.19,506.19,1,0.0
15411,1348.93,86,4,4,1,12.5,1336.43,337.2325,5,0.2
14178,1600.26,191,7,7,0,0.0,1600.26,228.60857142857142,7,0.0
15098,39916.5,1,3,1,2,39267.0,649.5,13305.5,5,0.4
18281,80.82,7,1,1,0,0.0,80.82,80.82,1,0.0
14984,202.37,37,2,2,0,0.0,202.37,101.185,2,0.0
17265,550.01,106,2,2,0,0.0,550.01,275.005,2,0.0
13617,544.18,31,3,3,0,0.0,544.18,181.39333333333332,3,0.0
17242,1135.04,30,2,2,0,0.0,1135.04,567.52,2,0.0
17289,931.02,86,3,3,1,8.25,922.77,310.34,4,0.25
16018,408.90000000000003,26,2,2,0,0.0,408.90000000000003,204.45000000000002,2,0.0
14704,1493.96,288,9,9,0,0.0,1493.96,165.99555555555557,9,0.0
16794,1196.5,142,10,9,2,21.2,1175.3,119.65,12,0.16666666666666666
17802,1184.84,100,2,2,1,33.2,1151.64,592.42,3,0.3333333333333333
13761,1070.65,68,2,2,0,0.0,1070.65,535.325,2,0.0
13517,2128.42,125,3,3,2,19.35,2109.07,709.4733333333334,5,0.4
13936,376.58,26,1,1,1,15.299999999999999,361.28,376.58,2,0.5
16342,322.41,10,4,4,0,0.0,322.41,80.6025,4,0.0
14177,549.46,37,4,3,1,4.95,544.51,137.365,5,0.2
16205,757.63,73,4,4,0,0.0,757.63,189.4075,4,0.0
15036,429.56,107,3,3,0,0.0,429.56,143.18666666666667,3,0.0
13589,379.65,21,2,2,0,0.0,379.65,189.825,2,0.0
17579,448.90000000000003,46,3,3,1,8.7,440.2,149.63333333333335,4,0.25
15069,1109.53,70,1,1,0,0.0,1109.53,1109.53,1,0.0
17349,98.25,8,1,1,0,0.0,98.25,98.25,1,0.0
13080,58.08,6,1,1,0,0.0,58.08,58.08,1,0.0
13663,189.47,13,1,1,0,0.0,189.47,189.47,1,0.0
14503,3543.26,113,6,6,0,0.0,3543.26,590.5433333333334,6,0.0
16774,661.52,36,4,4,1,6.6,654.92,165.38,5,0.2
13384,4151.93,123,7,6,2,29.65,4122.28,593.1328571428572,9,0.2222222222222222
17101,1621.73,28,4,4,0,0.0,1621.73,405.4325,4,0.0
14997,546.1999999999999,25,3,3,1,5.22,540.98,182.06666666666663,4,0.25
17155,251.70000000000002,19,2,2,0,0.0,251.70000000000002,125.85000000000001,2,0.0
15574,112.1,9,1,1,0,0.0,112.1,112.1,1,0.0
16461,142.92,31,1,1,0,0.0,142.92,142.92,1,0.0
13343,353.43,19,1,1,1,49.5,303.93,353.43,2,0.5
18165,302.46000000000004,10,1,1,0,0.0,302.46000000000004,302.46000000000004,1,0.0
17536,76.5,3,1,1,0,0.0,76.5,76.5,1,0.0
16898,388.95,122,2,2,0,0.0,388.95,194.475,2,0.0
16324,408.59000000000003,100,3,2,0,0.0,408.59000000000003,136.1966666666667,3,0.0
17651,3945.0,149,10,9,4,58.330000000000005,3886.67,394.5,14,0.2857142857142857
14222,683.17,41,1,1,0,0.0,683.17,683.17,1,0.0
15585,455.3,31,1,1,0,0.0,455.3,455.3,1,0.0
17490,2092.32,63,7,6,4,165.44,1926.8799999999999,298.90285714285716,11,0.36363636363636365
16739,323.0,13,1,1,1,10.45,312.55,323.0,2,0.5
16276,810.6000000000001,6,1,1,0,0.0,810.6000000000001,810.6000000000001,1,0.0
17193,1699.3000000000002,17,7,5,2,24.84,1674.46,242.7571428571429,9,0.2222222222222222
16257,46.95,2,1,1,0,0.0,46.95,46.95,1,0.0
14285,1910.01,18,4,4,0,0.0,1910.01,477.5025,4,0.0
17642,712.29,34,2,2,0,0.0,712.29,356.145,2,0.0
13826,189.5,10,1,1,1,14.85,174.65,189.5,2,0.5
14037,35.400000000000006,2,1,1,0,0.0,35.400000000000006,35.400000000000006,1,0.0
13575,732.0699999999999,41,5,5,0,0.0,732.0699999999999,146.414,5,0.0
17157,319.0,11,2,2,1,12.450000000000001,306.55,159.5,3,0.3333333333333333
16852,144.91000000000003,9,2,2,0,0.0,144.91000000000003,72.45500000000001,2,0.0
15219,305.75,9,1,1,0,0.0,305.75,305.75,1,0.0
15014,257.67,29,2,2,0,0.0,257.67,128.835,2,0.0
14765,254.11,38,3,3,0,0.0,254.11,84.70333333333333,3,0.0
16869,817.12,113,4,4,1,19.8,797.3199999999999,204.28,5,0.2
14491,213.73,13,1,1,0,0.0,213.73,213.73,1,0.0
15909,191.94,7,1,1,0,0.0,191.94,191.94,1,0.0
13618,177.34,13,1,1,0,0.0,177.34,177.34,1,0.0
16805,245.82,43,1,1,0,0.0,245.82,245.82,1,0.0
16050,137.9,10,1,1,0,0.0,137.9,137.9,1,0.0
17879,178.51999999999998,6,1,1,0,0.0,178.51999999999998,178.51999999999998,1,0.0
17562,1122.38,48,7,7,1,15.0,1107.38,160.34,8,0.125
15334,350.82,67,3,3,0,0.0,350.82,116.94,3,0.0
13568,187.05,41,1,1,0,0.0,187.05,187.05,1,0.0
14820,507.29,24,4,4,0,0.0,507.29,126.8225,4,0.0
16744,1291.91,198,7,7,0,0.0,1291.91,184.55857142857144,7,0.0
15700,696.68,85,2,2,1,32.65,664.03,348.34,3,0.3333333333333333
17299,656.61,50,4,4,0,0.0,656.61,164.1525,4,0.0
12837,134.1,12,1,1,0,0.0,134.1,134.1,1,0.0
15076,880.85,49,1,1,0,0.0,880.85,880.85,1,0.0
15921,323.03000000000003,24,1,1,0,0.0,323.03000000000003,323.03000000000003,1,0.0
17897,131.14,38,1,1,0,0.0,131.14,131.14,1,0.0
15747,946.64,52,3,3,0,0.0,946.64,315.5466666666667,3,0.0
15840,355.56,26,2,2,1,9.9,345.66,177.78,3,0.3333333333333333
15016,170.04,20,1,1,0,0.0,170.04,170.04,1,0.0
14808,2718.6,176,8,6,7,565.8,2152.8,339.825,15,0.4666666666666667
12904,496.06,59,2,2,0,0.0,496.06,248.03,2,0.0
15825,532.94,20,1,1,0,0.0,532.94,532.94,1,0.0
15389,500.0,1,1,1,0,0.0,500.0,500.0,1,0.0
15280,113.12,16,1,1,0,0.0,113.12,113.12,1,0.0
17159,1538.88,96,3,3,1,4.15,1534.73,512.96,4,0.25
15329,1049.7,51,3,3,1,26.5,1023.2,349.90000000000003,4,0.25
12830,6814.64,13,6,5,1,66.24,6748.4,1135.7733333333333,7,0.14285714285714285
15507,475.86,41,1,1,0,0.0,475.86,475.86,1,0.0
18252,518.27,90,2,2,0,0.0,518.27,259.135,2,0.0
16526,290.36,15,1,1,0,0.0,290.36,290.36,1,0.0
17695,765.34,30,2,2,0,0.0,765.34,382.67,2,0.0
12930,415.8,20,2,2,2,5.9,409.9,207.9,4,0.5
14960,221.27,23,2,2,0,0.0,221.27,110.635,2,0.0
17960,73.78,26,1,1,0,0.0,73.78,73.78,1,0.0
17420,467.98,23,2,2,0,0.0,467.98,233.99,2,0.0
15412,190.53,10,1,1,0,0.0,190.53,190.53,1,0.0
13763,1714.96,15,1,1,2,25.5,1689.46,1714.96,3,0.6666666666666666
13849,1537.95,97,2,2,0,0.0,1537.95,768.975,2,0.0
16114,135.75000000000003,8,1,1,0,0.0,135.75000000000003,135.75000000000003,1,0.0
13420,159.85,8,2,2,2,19.5,140.35,79.925,4,0.5
13780,360.01,56,2,2,0,0.0,360.01,180.005,2,0.0
13611,851.25,53,2,2,1,13.6,837.65,425.625,3,0.3333333333333333
17877,237.61,12,1,1,0,0.0,237.61,237.61,1,0.0
16247,114.56,16,1,1,0,0.0,114.56,114.56,1,0.0
14643,335.87,16,1,1,0,0.0,335.87,335.87,1,0.0
15041,179.93,66,1,1,0,0.0,179.93,179.93,1,0.0
16287,142.5,8,1,1,0,0.0,142.5,142.5,1,0.0
12919,1335.19,34,6,6,2,33.75,1301.44,222.53166666666667,8,0.25
15130,330.11,22,1,1,0,0.0,330.11,330.11,1,0.0
15384,338.84,21,1,1,0,0.0,338.84,338.84,1,0.0
17370,446.18,31,4,4,0,0.0,446.18,111.545,4,0.0
17709,137.45,7,1,1,0,0.0,137.45,137.45,1,0.0
15253,918.1999999999999,52,5,3,1,2.9,915.3,183.64,6,0.16666666666666666
13300,371.89,20,1,1,1,6.6,365.29,371.89,2,0.5
17759,819.96,82,3,2,0,0.0,819.96,273.32,3,0.0
13937,158.85,9,1,1,0,0.0,158.85,158.85,1,0.0
15850,234.88,87,2,2,0,0.0,234.88,117.44,2,0.0
15186,411.41,17,2,2,0,0.0,411.41,205.705,2,0.0
13791,1516.0,7,2,2,1,468.32000000000005,1047.68,758.0,3,0.3333333333333333
17969,103.0,7,1,1,0,0.0,103.0,103.0,1,0.0
14795,131.45000000000002,6,1,1,0,0.0,131.45000000000002,131.45000000000002,1,0.0
15532,1210.93,179,3,3,2,63.849999999999994,1147.08,403.6433333333334,5,0.4
17593,3260.96,170,4,4,1,15.78,3245.1800000000003,815.24,5,0.2
17768,2081.9,77,3,3,0,0.0,2081.9,693.9666666666667,3,0.0
18112,352.69,26,2,2,0,0.0,352.69,176.345,2,0.0
16003,1554.3700000000001,67,4,3,0,0.0,1554.3700000000001,388.59250000000003,4,0.0
17386,2686.42,23,6,4,0,0.0,2686.42,447.7366666666667,6,0.0
14104,216.20999999999998,21,2,2,0,0.0,216.20999999999998,108.10499999999999,2,0.0
17110,163.29999999999998,12,1,1,0,0.0,163.29999999999998,163.29999999999998,1,0.0
18193,243.76,16,1,1,1,9.95,233.81,243.76,2,0.5
13895,2593.07,97,4,4,1,4.95,2588.12,648.2675,5,0.2
16545,339.3,3,1,1,0,0.0,339.3,339.3,1,0.0
16671,1692.27,3,3,3,0,0.0,1692.27,564.09,3,0.0
14351,51.0,1,1,1,0,0.0,51.0,51.0,1,0.0
17391,508.8,2,2,2,0,0.0,508.8,254.4,2,0.0
16824,460.64,23,2,2,0,0.0,460.64,230.32,2,0.0
14741,905.04,25,4,4,0,0.0,905.04,226.26,4,0.0
17750,1710.45,101,9,9,0,0.0,1710.45,190.05,9,0.0
16200,1068.8700000000001,149,2,2,0,0.0,1068.8700000000001,534.4350000000001,2,0.0
17997,1962.46,133,8,8,4,459.37000000000006,1503.09,245.3075,12,0.3333333333333333
14383,1247.69,49,3,3,0,0.0,1247.69,415.8966666666667,3,0.0
13461,1445.0,14,3,3,0,0.0,1445.0,481.6666666666667,3,0.0
13238,609.58,18,3,3,1,19.9,589.6800000000001,203.19333333333336,4,0.25
17408,32.65,2,1,1,0,0.0,32.65,32.65,1,0.0
15537,110.92,24,1,1,0,0.0,110.92,110.92,1,0.0
15208,804.72,24,4,4,1,2.5,802.22,201.18,5,0.2
14327,311.65,12,1,1,0,0.0,311.65,311.65,1,0.0
17837,1541.23,110,8,8,2,32.85,1508.38,192.65375,10,0.2
15578,127.1,13,1,1,0,0.0,127.1,127.1,1,0.0
15584,720.86,89,4,4,1,2.5,718.36,180.215,5,0.2
13745,300.04,25,1,1,1,8.5,291.54,300.04,2,0.5
16498,100.97,15,2,2,1,14.850000000000001,86.12,50.485,3,0.3333333333333333
17891,203.85999999999999,34,1,1,0,0.0,203.85999999999999,203.85999999999999,1,0.0
17123,345.29999999999995,9,1,1,0,0.0,345.29999999999995,345.29999999999995,1,0.0
16866,207.73999999999998,10,3,3,0,0.0,207.73999999999998,69.24666666666666,3,0.0
13730,752.6,38,2,2,0,0.0,752.6,376.3,2,0.0
16589,459.24,31,3,3,0,0.0,459.24,153.08,3,0.0
12922,405.38,28,1,1,0,0.0,405.38,405.38,1,0.0
16009,972.11,68,4,4,0,0.0,972.11,243.0275,4,0.0
14053,260.25,2,2,2,0,0.0,260.25,130.125,2,0.0
17939,99.14,12,1,1,0,0.0,99.14,99.14,1,0.0
17312,644.3,11,3,3,0,0.0,644.3,214.76666666666665,3,0.0
13833,383.85,28,1,1,0,0.0,383.85,383.85,1,0.0
17899,154.55,29,1,1,0,0.0,154.55,154.55,1,0.0
15007,156.91,12,1,1,0,0.0,156.91,156.91,1,0.0
17464,289.96000000000004,9,1,1,0,0.0,289.96000000000004,289.96000000000004,1,0.0
16385,407.66,34,2,2,0,0.0,407.66,203.83,2,0.0
18265,801.51,44,2,2,0,0.0,801.51,400.755,2,0.0
16861,173.76,6,2,2,0,0.0,173.76,86.88,2,0.0
16344,101.10000000000001,1,1,1,0,0.0,101.10000000000001,101.10000000000001,1,0.0
13338,487.02,19,1,1,2,55.2,431.82,487.02,3,0.6666666666666666
17024,95.85,2,3,3,0,0.0,95.85,31.95,3,0.0
14034,648.89,82,3,2,1,139.8,509.09,216.29666666666665,4,0.25
18203,160.42000000000002,19,1,1,0,0.0,160.42000000000002,160.42000000000002,1,0.0
16616,500.42,31,2,2,0,0.0,500.42,250.21,2,0.0
16338,214.79999999999998,11,1,1,0,0.0,214.79999999999998,214.79999999999998,1,0.0
17046,642.02,22,1,1,0,0.0,642.02,642.02,1,0.0
13109,786.54,41,2,2,3,19.700000000000003,766.84,393.27,5,0.6
17905,406.09000000000003,6,2,2,0,0.0,406.09000000000003,203.04500000000002,2,0.0
16829,197.22,11,1,1,0,0.0,197.22,197.22,1,0.0
15889,148.0,25,1,1,0,0.0,148.0,148.0,1,0.0
13217,533.98,3,3,3,2,400.36,133.62,177.99333333333334,5,0.4
17341,265.68,21,2,1,0,0.0,265.68,132.84,2,0.0
14002,529.73,47,2,2,0,0.0,529.73,264.865,2,0.0
12977,39.239999999999995,9,1,1,0,0.0,39.239999999999995,39.239999999999995,1,0.0
15512,19.799999999999997,1,1,1,0,0.0,19.799999999999997,19.799999999999997,1,0.0
13291,361.11,41,1,1,0,0.0,361.11,361.11,1,0.0
13583,781.03,53,1,1,0,0.0,781.03,781.03,1,0.0
16929,1295.39,51,7,7,0,0.0,1295.39,185.0557142857143,7,0.0
17892,244.1,27,3,3,0,0.0,244.1,81.36666666666666,3,0.0
15505,3610.96,90,5,5,2,113.82000000000001,3497.14,722.192,7,0.2857142857142857
14459,1837.92,37,1,1,0,0.0,1837.92,1837.92,1,0.0
18013,187.29,31,2,1,0,0.0,187.29,93.645,2,0.0
13681,827.83,37,4,4,0,0.0,827.83,206.9575,4,0.0
13699,308.58000000000004,14,1,1,0,0.0,308.58000000000004,308.58000000000004,1,0.0
14493,2383.2400000000002,95,5,5,2,20.4,2362.84,476.648,7,0.2857142857142857
13486,1122.41,69,3,3,0,0.0,1122.41,374.1366666666667,3,0.0
13302,63.75,1,1,1,0,0.0,63.75,63.75,1,0.0
16012,1415.29,87,3,3,0,0.0,1415.29,471.7633333333333,3,0.0
17031,380.35,19,2,2,0,0.0,380.35,190.175,2,0.0
18121,653.3,28,2,2,0,0.0,653.3,326.65,2,0.0
15901,351.73,102,3,3,0,0.0,351.73,117.24333333333334,3,0.0
14918,1610.15,39,2,2,0,0.0,1610.15,805.075,2,0.0
15157,850.61,71,2,2,1,36.33,814.28,425.305,3,0.3333333333333333
15920,167.5,53,4,1,0,0.0,167.5,41.875,4,0.0
14708,707.31,15,2,2,0,0.0,707.31,353.655,2,0.0
17353,1740.0,5,2,2,0,0.0,1740.0,870.0,2,0.0
18024,389.78,21,2,1,1,153.0,236.77999999999997,194.89,3,0.3333333333333333
15467,524.88,41,3,3,1,13.0,511.88,174.96,4,0.25
16174,1009.5500000000001,19,3,3,0,0.0,1009.5500000000001,336.5166666666667,3,0.0
13678,232.6,16,1,1,0,0.0,232.6,232.6,1,0.0
14690,355.05,40,2,2,1,13.09,341.96,177.525,3,0.3333333333333333
13058,271.40000000000003,5,3,3,0,0.0,271.40000000000003,90.46666666666668,3,0.0
14552,164.22,57,1,1,0,0.0,164.22,164.22,1,0.0
13224,2155.95,101,2,2,1,5.1,2150.85,1077.975,3,0.3333333333333333
16989,1133.25,7,6,6,0,0.0,1133.25,188.875,6,0.0
13207,250.26000000000002,7,2,2,0,0.0,250.26000000000002,125.13000000000001,2,0.0
18122,1793.06,239,6,6,0,0.0,1793.06,298.8433333333333,6,0.0
17405,1031.41,77,3,3,2,64.19,967.22,343.80333333333334,5,0.4
13311,598.57,25,2,2,0,0.0,598.57,299.285,2,0.0
15051,1383.3600000000001,130,3,3,0,0.0,1383.3600000000001,461.12000000000006,3,0.0
15895,179.17,11,1,1,0,0.0,179.17,179.17,1,0.0
15795,610.01,42,1,1,0,0.0,610.01,610.01,1,0.0
13669,218.55,9,2,2,0,0.0,218.55,109.275,2,0.0
16450,311.92,11,1,1,0,0.0,311.92,311.92,1,0.0
13667,299.05,82,1,1,0,0.0,299.05,299.05,1,0.0
14400,574.7,25,1,1,1,15.0,559.7,574.7,2,0.5
17396,6933.3,24,7,3,0,0.0,6933.3,990.4714285714286,7,0.0
14847,309.4,13,1,1,0,0.0,309.4,309.4,1,0.0
14862,841.1999999999999,47,2,2,0,0.0,841.1999999999999,420.59999999999997,2,0.0
12915,164.0,9,1,1,0,0.0,164.0,164.0,1,0.0
16488,498.8,28,3,3,1,6.6,492.2,166.26666666666668,4,0.25
15256,98.45,6,1,1,0,0.0,98.45,98.45,1,0.0
14716,307.51,46,2,2,0,0.0,307.51,153.755,2,0.0
13933,608.7900000000001,23,2,2,0,0.0,608.7900000000001,304.39500000000004,2,0.0
17259,213.28,34,1,1,0,0.0,213.28,213.28,1,0.0
14857,1173.12,58,2,2,1,7.47,1165.65,586.56,3,0.3333333333333333
15306,1174.35,57,3,3,0,0.0,1174.35,391.45,3,0.0
15839,1048.49,56,3,3,2,27.75,1020.74,349.49666666666667,5,0.4
13994,2274.14,122,6,6,0,0.0,2274.14,379.0233333333333,6,0.0
17554,1952.45,58,5,5,0,0.0,1952.45,390.49,5,0.0
14907,2540.41,98,4,4,2,21.0,2519.41,635.1025,6,0.3333333333333333
14332,840.21,22,3,3,0,0.0,840.21,280.07,3,0.0
17266,296.58,60,3,3,0,0.0,296.58,98.86,3,0.0
17948,358.56000000000006,1,1,1,0,0.0,358.56000000000006,358.56000000000006,1,0.0
15004,1220.77,154,1,1,0,0.0,1220.77,1220.77,1,0.0
14722,180.42000000000002,28,1,1,0,0.0,180.42000000000002,180.42000000000002,1,0.0
13507,2479.16,146,4,4,0,0.0,2479.16,619.79,4,0.0
13967,80.7,2,1,1,0,0.0,80.7,80.7,1,0.0
16054,783.9,70,1,1,0,0.0,783.9,783.9,1,0.0
12833,417.38,24,1,1,0,0.0,417.38,417.38,1,0.0
16474,1810.65,237,7,6,4,60.03,1750.6200000000001,258.6642857142857,11,0.36363636363636365
17984,152.68,48,1,1,0,0.0,152.68,152.68,1,0.0
13705,393.72,16,2,2,0,0.0,393.72,196.86,2,0.0
17448,0.0,0,0,0,1,4287.63,-4287.63,0.0,1,1.0
16762,1207.24,51,3,3,0,0.0,1207.24,402.41333333333336,3,0.0
13564,550.64,1,1,1,2,1101.28,-550.64,550.64,3,0.6666666666666666
15369,0.0,0,0,0,1,1592.49,-1592.49,0.0,1,1.0
13154,0.0,0,0,0,1,611.86,-611.86,0.0,1,1.0
13940,839.14,39,4,4,0,0.0,839.14,209.785,4,0.0
14029,467.66,15,2,2,0,0.0,467.66,233.83,2,0.0
14117,90.0,3,1,1,0,0.0,90.0,90.0,1,0.0
13167,791.33,51,4,4,0,0.0,791.33,197.8325,4,0.0
17779,650.32,73,3,3,2,16.4,633.92,216.77333333333334,5,0.4
13991,852.88,58,6,5,1,5.34,847.54,142.14666666666668,7,0.14285714285714285
18101,222.4,37,2,2,0,0.0,222.4,111.2,2,0.0
15713,185.55,10,1,1,0,0.0,185.55,185.55,1,0.0
17065,0.0,0,0,0,1,112.35,-112.35,0.0,1,1.0
14437,0.0,0,0,0,1,106.4,-106.4,0.0,1,1.0
12875,49.470000000000006,1,1,1,0,0.0,49.470000000000006,49.470000000000006,1,0.0
13827,409.8,83,3,3,0,0.0,409.8,136.6,3,0.0
16764,2790.9500000000003,209,13,13,5,41.00000000000001,2749.9500000000003,214.68846153846155,18,0.2777777777777778
18180,1843.75,108,6,6,0,0.0,1843.75,307.2916666666667,6,0.0
16271,1271.42,84,4,4,1,5.95,1265.47,317.855,5,0.2
15587,568.8000000000001,2,3,3,0,0.0,568.8000000000001,189.60000000000002,3,0.0
17866,329.65,9,1,1,1,3.95,325.7,329.65,2,0.5
15802,451.42,1,1,1,2,902.84,-451.42,451.42,3,0.6666666666666666
17229,318.76,39,2,2,0,0.0,318.76,159.38,2,0.0
14456,3017.28,580,9,8,5,14.77,3002.5099999999998,335.25333333333333,14,0.35714285714285715
16464,1298.66,152,3,3,0,0.0,1298.66,432.8866666666667,3,0.0
17962,102.41,33,1,1,0,0.0,102.41,102.41,1,0.0
16149,280.52,18,2,2,0,0.0,280.52,140.26,2,0.0
14259,120.0,5,1,1,0,0.0,120.0,120.0,1,0.0
18143,1000.16,59,2,2,0,0.0,1000.16,500.08,2,0.0
17935,145.79,28,2,2,0,0.0,145.79,72.895,2,0.0
14517,330.45,17,2,2,0,0.0,330.45,165.225,2,0.0
17694,283.12,15,1,1,0,0.0,283.12,283.12,1,0.0
16891,525.17,110,4,4,0,0.0,525.17,131.2925,4,0.0
17660,178.75,37,1,1,0,0.0,178.75,178.75,1,0.0
14866,14286.22,30,11,10,1,192.45000000000002,14093.77,1298.7472727272727,12,0.08333333333333333
16041,3166.4,6,3,2,0,0.0,3166.4,1055.4666666666667,3,0.0
15380,1460.16,21,4,4,1,7.9,1452.2600000000002,365.04,5,0.2
15623,301.03,19,1,1,0,0.0,301.03,301.03,1,0.0
15829,636.14,44,2,2,0,0.0,636.14,318.07,2,0.0
15232,612.06,26,2,2,0,0.0,612.06,306.03,2,0.0
13079,220.10000000000002,2,5,5,0,0.0,220.10000000000002,44.02,5,0.0
18262,149.48,13,1,1,0,0.0,149.48,149.48,1,0.0
13563,777.53,49,2,2,0,0.0,777.53,388.765,2,0.0
13029,865.0,8,2,2,0,0.0,865.0,432.5,2,0.0
15506,972.08,121,3,3,0,0.0,972.08,324.0266666666667,3,0.0
16305,361.21999999999997,22,1,1,0,0.0,361.21999999999997,361.21999999999997,1,0.0
12864,147.12,3,1,1,0,0.0,147.12,147.12,1,0.0
17724,1033.0,38,3,3,1,37.35,995.6500000000001,344.3333333333333,4,0.25
17703,798.74,47,3,3,0,0.0,798.74,266.24666666666667,3,0.0
13116,501.14,30,1,1,1,15.95,485.19,501.14,2,0.5
14019,1421.61,37,3,3,1,22.65,1398.96,473.86999999999995,4,0.25
17649,868.49,52,1,1,1,6.75,861.74,868.49,2,0.5
16178,197.9,8,1,1,0,0.0,197.9,197.9,1,0.0
17040,449.73,15,1,1,0,0.0,449.73,449.73,1,0.0
14100,191.95000000000002,24,1,1,0,0.0,191.95000000000002,191.95000000000002,1,0.0
14775,605.3399999999999,39,2,2,0,0.0,605.3399999999999,302.66999999999996,2,0.0
16557,281.85,11,2,2,0,0.0,281.85,140.925,2,0.0
13296,87.4,5,1,1,0,0.0,87.4,87.4,1,0.0
16364,705.79,48,2,2,0,0.0,705.79,352.895,2,0.0
17693,200.47,16,1,1,2,13.45,187.02,200.47,3,0.6666666666666666
15372,2007.3999999999999,27,1,1,0,0.0,2007.3999999999999,2007.3999999999999,1,0.0
15618,776.851,39,4,3,1,29.819999999999997,747.031,194.21275,5,0.2
13930,337.34,15,2,2,0,0.0,337.34,168.67,2,0.0
13379,572.56,85,3,3,0,0.0,572.56,190.85333333333332,3,0.0
14414,1279.78,71,6,6,1,11.850000000000001,1267.93,213.29666666666665,7,0.14285714285714285
13194,60.7,3,1,1,0,0.0,60.7,60.7,1,0.0
16447,255.91,34,1,1,0,0.0,255.91,255.91,1,0.0
14305,1858.96,96,3,3,2,55.20000000000001,1803.76,619.6533333333333,5,0.4
14331,462.65999999999997,27,2,2,0,0.0,462.65999999999997,231.32999999999998,2,0.0
15261,254.82,19,1,1,0,0.0,254.82,254.82,1,0.0
17870,1539.49,213,11,8,1,4.95,1534.54,139.95363636363638,12,0.08333333333333333
15105,2298.93,90,7,5,0,0.0,2298.93,328.4185714285714,7,0.0
18268,25.5,1,1,1,1,25.5,0.0,25.5,2,0.5
14855,645.65,13,2,2,0,0.0,645.65,322.825,2,0.0
13925,678.25,28,4,3,2,61.599999999999994,616.65,169.5625,6,0.3333333333333333
18237,987.1,40,5,5,0,0.0,987.1,197.42000000000002,5,0.0
15639,425.32,25,1,1,0,0.0,425.32,425.32,1,0.0
15118,244.8,1,1,1,0,0.0,244.8,244.8,1,0.0
15746,196.88,28,1,1,1,13.919999999999998,182.96,196.88,2,0.5
15942,337.44,14,1,1,0,0.0,337.44,337.44,1,0.0
14143,115.8,7,1,1,0,0.0,115.8,115.8,1,0.0
15120,358.82,21,1,1,1,15.0,343.82,358.82,2,0.5
16147,375.0,22,1,1,0,0.0,375.0,375.0,1,0.0
13277,258.4,5,4,4,0,0.0,258.4,64.6,4,0.0
18127,347.08,41,3,2,0,0.0,347.08,115.69333333333333,3,0.0
15149,520.8000000000001,23,1,1,0,0.0,520.8000000000001,520.8000000000001,1,0.0
18081,343.45,14,3,3,0,0.0,343.45,114.48333333333333,3,0.0
14511,1314.81,53,5,5,1,47.400000000000006,1267.4099999999999,262.962,6,0.16666666666666666
15776,241.62,18,1,1,0,0.0,241.62,241.62,1,0.0
12981,372.21999999999997,12,2,2,0,0.0,372.21999999999997,186.10999999999999,2,0.0
13106,76.5,1,1,1,1,17.0,59.5,76.5,2,0.5
13928,464.57,23,4,4,0,0.0,464.57,116.1425,4,0.0
14885,765.3199999999999,15,1,1,0,0.0,765.3199999999999,765.3199999999999,1,0.0
13388,677.1,35,2,1,1,49.95,627.15,338.55,3,0.3333333333333333
15438,156.57999999999998,25,1,1,0,0.0,156.57999999999998,156.57999999999998,1,0.0
17173,3766.6,36,8,7,1,10.95,3755.65,470.825,9,0.1111111111111111
17941,304.56,2,1,1,0,0.0,304.56,304.56,1,0.0
14947,290.82,14,2,2,0,0.0,290.82,145.41,2,0.0
17053,498.48,13,1,1,1,2.1,496.38,498.48,2,0.5
17676,1070.48,45,5,5,1,4.41,1066.07,214.096,6,0.16666666666666666
12844,325.96000000000004,47,2,2,0,0.0,325.96000000000004,162.98000000000002,2,0.0
14567,1530.3600000000001,33,2,2,1,5.9,1524.46,765.1800000000001,3,0.3333333333333333
12828,1018.71,46,6,6,0,0.0,1018.71,169.785,6,0.0
16984,4459.52,354,2,2,3,88.93,4370.59,2229.76,5,0.6
13023,689.9,36,2,2,0,0.0,689.9,344.95,2,0.0
17553,1487.6,2,1,1,0,0.0,1487.6,1487.6,1,0.0
13075,919.61,22,1,1,0,0.0,919.61,919.61,1,0.0
15342,406.09,24,1,1,1,14.33,391.76,406.09,2,0.5
17788,1117.9,3,2,2,0,0.0,1117.9,558.95,2,0.0
13850,1595.48,93,1,1,1,8.67,1586.81,1595.48,2,0.5
14076,118.67,43,1,1,0,0.0,118.67,118.67,1,0.0
13805,924.6,10,2,2,0,0.0,924.6,462.3,2,0.0
17887,111.35,10,1,1,0,0.0,111.35,111.35,1,0.0
13186,1575.89,69,3,3,2,36.2,1539.69,525.2966666666667,5,0.4
15374,168.0,3,1,1,0,0.0,168.0,168.0,1,0.0
14737,730.55,9,2,2,0,0.0,730.55,365.275,2,0.0
17656,1674.69,67,5,5,0,0.0,1674.69,334.938,5,0.0
16102,1842.14,41,3,3,0,0.0,1842.14,614.0466666666667,3,0.0
16835,99.1,5,1,1,0,0.0,99.1,99.1,1,0.0
15089,2420.84,139,6,6,0,0.0,2420.84,403.47333333333336,6,0.0
14972,114.77,18,1,1,0,0.0,114.77,114.77,1,0.0
17514,208.65,40,1,1,0,0.0,208.65,208.65,1,0.0
12917,594.0,2,1,1,0,0.0,594.0,594.0,1,0.0
14768,192.60000000000002,4,2,2,1,53.1,139.5,96.30000000000001,3,0.3333333333333333
17584,1242.3,30,2,2,1,15.0,1227.3,621.15,3,0.3333333333333333
15254,300.36,18,1,1,0,0.0,300.36,300.36,1,0.0
13402,312.95,22,1,1,0,0.0,312.95,312.95,1,0.0
18099,168.31,19,1,1,0,0.0,168.31,168.31,1,0.0
15205,653.24,37,2,2,1,4.41,648.8299999999999,326.62,3,0.3333333333333333
13218,62.63999999999999,5,1,1,0,0.0,62.63999999999999,62.63999999999999,1,0.0
17267,317.2,37,2,1,0,0.0,317.2,158.6,2,0.0
13145,323.52000000000004,4,3,3,1,3.75,319.77000000000004,107.84000000000002,4,0.25
16302,233.22,11,1,1,1,20.4,212.82,233.22,2,0.5
13513,205.1,10,1,1,0,0.0,205.1,205.1,1,0.0
14720,663.81,34,3,3,0,0.0,663.81,221.26999999999998,3,0.0
18282,178.05,12,2,2,1,1.45,176.6,89.025,3,0.3333333333333333
13200,870.09,42,4,4,0,0.0,870.09,217.5225,4,0.0
14079,375.1,12,1,1,0,0.0,375.1,375.1,1,0.0
17298,498.42,30,2,2,0,0.0,498.42,249.21,2,0.0
16950,1006.56,36,2,2,0,0.0,1006.56,503.28,2,0.0
14024,327.7,16,2,2,0,0.0,327.7,163.85,2,0.0
16066,1521.04,77,5,5,0,0.0,1521.04,304.20799999999997,5,0.0
15198,193.64,10,2,2,0,0.0,193.64,96.82,2,0.0
12885,1175.22,66,3,2,1,16.95,1158.27,391.74,4,0.25
17331,175.2,1,1,1,0,0.0,175.2,175.2,1,0.0
13016,789.89,39,3,2,0,0.0,789.89,263.2966666666667,3,0.0
13500,1166.77,60,3,3,1,30.0,1136.77,388.92333333333335,4,0.25
15247,356.0,6,1,1,0,0.0,356.0,356.0,1,0.0
14901,924.24,45,6,6,0,0.0,924.24,154.04,6,0.0
13355,674.7,32,1,1,0,0.0,674.7,674.7,1,0.0
16053,1511.95,81,2,2,0,0.0,1511.95,755.975,2,0.0
16292,302.25,17,1,1,1,21.349999999999998,280.9,302.25,2,0.5
14116,1382.74,61,5,5,0,0.0,1382.74,276.548,5,0.0
14495,123.8,6,2,2,0,0.0,123.8,61.9,2,0.0
15494,1280.58,120,2,2,0,0.0,1280.58,640.29,2,0.0
15608,1093.68,59,4,3,0,0.0,1093.68,273.42,4,0.0
17248,318.65,68,1,1,0,0.0,318.65,318.65,1,0.0
17653,1207.56,44,4,4,1,31.679999999999996,1175.88,301.89,5,0.2
17633,1324.84,59,4,4,1,15.0,1309.84,331.21,5,0.2
13645,252.1,5,1,1,0,0.0,252.1,252.1,1,0.0
15469,538.55,24,2,2,2,34.05,504.5,269.275,4,0.5
13307,15.0,1,1,1,0,0.0,15.0,15.0,1,0.0
15689,150.6,3,1,1,0,0.0,150.6,150.6,1,0.0
17122,138.32,7,1,1,0,0.0,138.32,138.32,1,0.0
14406,156.75,8,1,1,0,0.0,156.75,156.75,1,0.0
13838,444.16,99,3,2,0,0.0,444.16,148.05333333333334,3,0.0
15683,193.75,10,1,1,0,0.0,193.75,193.75,1,0.0
14301,640.14,13,1,1,1,8.1,632.04,640.14,2,0.5
14658,247.15,27,2,2,0,0.0,247.15,123.575,2,0.0
13621,213.85,19,1,1,0,0.0,213.85,213.85,1,0.0
16272,411.7,25,1,1,0,0.0,411.7,411.7,1,0.0
17958,508.4599999999999,7,1,1,0,0.0,508.4599999999999,508.4599999999999,1,0.0
16836,251.87,11,2,2,0,0.0,251.87,125.935,2,0.0
16961,234.17,14,1,1,0,0.0,234.17,234.17,1,0.0
16902,1706.88,43,1,1,0,0.0,1706.88,1706.88,1,0.0
15706,1060.56,50,4,4,3,58.74999999999999,1001.8100000000001,265.14,7,0.42857142857142855
15315,570.5,35,2,2,1,18.96,551.54,285.25,3,0.3333333333333333
15653,877.4399999999999,4,2,2,0,0.0,877.4399999999999,438.71999999999997,2,0.0
13159,1429.35,114,4,4,1,58.10000000000001,1371.25,357.3375,5,0.2
13189,260.68,29,2,2,0,0.0,260.68,130.34,2,0.0
13140,264.21,26,2,2,0,0.0,264.21,132.105,2,0.0
17637,547.0600000000001,35,2,2,0,0.0,547.0600000000001,273.53000000000003,2,0.0
13470,165.0,7,2,2,0,0.0,165.0,82.5,2,0.0
15786,4919.0,257,3,2,2,98.00000000000001,4821.0,1639.6666666666667,5,0.4
15541,85.13000000000001,29,1,1,0,0.0,85.13000000000001,85.13000000000001,1,0.0
16734,646.76,44,3,2,0,0.0,646.76,215.58666666666667,3,0.0
16706,531.35,108,3,3,0,0.0,531.35,177.11666666666667,3,0.0
17070,304.24,62,1,1,0,0.0,304.24,304.24,1,0.0
12962,266.39,15,2,2,0,0.0,266.39,133.195,2,0.0
13273,138.98,16,1,1,0,0.0,138.98,138.98,1,0.0
17736,377.44,24,3,3,1,39.95,337.49,125.81333333333333,4,0.25
15472,371.56,76,1,1,0,0.0,371.56,371.56,1,0.0
16582,313.62,6,1,1,0,0.0,313.62,313.62,1,0.0
17747,71.4,1,1,1,1,6.75,64.65,71.4,2,0.5
15396,288.18,14,1,1,0,0.0,288.18,288.18,1,0.0
14533,1516.22,45,6,6,2,137.10000000000002,1379.12,252.70333333333335,8,0.25
16828,128.5,8,2,2,0,0.0,128.5,64.25,2,0.0
14712,917.07,21,3,3,0,0.0,917.07,305.69,3,0.0
12991,503.76,31,2,2,0,0.0,503.76,251.88,2,0.0
14772,139.26,9,1,1,0,0.0,139.26,139.26,1,0.0
12968,135.95,5,1,1,0,0.0,135.95,135.95,1,0.0
16330,251.91,39,3,2,1,9.7,242.21,83.97,4,0.25
15701,1529.0,193,4,4,0,0.0,1529.0,382.25,4,0.0
14529,578.61,177,3,3,0,0.0,578.61,192.87,3,0.0
16536,548.12,49,1,1,1,9.95,538.17,548.12,2,0.5
15313,52.0,1,1,1,0,0.0,52.0,52.0,1,0.0
15801,1063.95,61,3,3,1,21.759999999999998,1042.19,354.65000000000003,4,0.25
16201,1863.47,74,4,4,1,41.95,1821.52,465.8675,5,0.2
16555,285.89,15,2,2,0,0.0,285.89,142.945,2,0.0
16952,167.61,16,2,1,0,0.0,167.61,83.805,2,0.0
14387,1727.6,125,3,3,0,0.0,1727.6,575.8666666666667,3,0.0
17073,1446.09,142,4,4,0,0.0,1446.09,361.5225,4,0.0
17041,766.99,44,2,2,0,0.0,766.99,383.495,2,0.0
18147,179.33999999999997,7,2,2,0,0.0,179.33999999999997,89.66999999999999,2,0.0
14523,241.09,12,1,1,0,0.0,241.09,241.09,1,0.0
14418,1937.25,114,3,3,0,0.0,1937.25,645.75,3,0.0
16968,439.43,31,2,2,0,0.0,439.43,219.715,2,0.0
16723,576.4,37,2,2,0,0.0,576.4,288.2,2,0.0
13411,213.55,17,1,1,0,0.0,213.55,213.55,1,0.0
16340,534.31,124,1,1,0,0.0,534.31,534.31,1,0.0
13236,744.85,34,2,2,1,17.58,727.27,372.425,3,0.3333333333333333
14196,335.52,6,1,1,0,0.0,335.52,335.52,1,0.0
15263,156.51,12,1,1,0,0.0,156.51,156.51,1,0.0
14314,120.0,8,1,1,0,0.0,120.0,120.0,1,0.0
16093,17.0,1,1,1,0,0.0,17.0,17.0,1,0.0
14687,628.38,15,1,1,0,0.0,628.38,628.38,1,0.0
14050,746.36,49,2,2,0,0.0,746.36,373.18,2,0.0
16429,284.55,2,1,1,0,0.0,284.55,284.55,1,0.0
15950,1315.89,60,3,3,1,60.25,1255.64,438.63000000000005,4,0.25
14055,725.6400000000001,10,1,1,0,0.0,725.6400000000001,725.6400000000001,1,0.0
15663,138.14,9,1,1,0,0.0,138.14,138.14,1,0.0
18200,150.35,29,1,1,0,0.0,150.35,150.35,1,0.0
17189,157.18,23,1,1,0,0.0,157.18,157.18,1,0.0
18167,1384.8600000000001,24,3,3,3,29.349999999999998,1355.51,461.62000000000006,6,0.5
13644,2624.26,144,4,4,1,26.74,2597.52,656.065,5,0.2
17451,1721.4,83,7,5,3,72.45,1648.95,245.91428571428574,10,0.3
16641,231.10000000000002,12,1,1,0,0.0,231.10000000000002,231.10000000000002,1,0.0
14141,915.13,27,4,4,2,36.1,879.0300000000001,228.7825,6,0.3333333333333333
15074,735.67,41,1,1,0,0.0,735.67,735.67,1,0.0
17183,3347.31,42,6,6,2,60.400000000000006,3286.9100000000003,557.885,8,0.25
15325,161.74,47,1,1,0,0.0,161.74,161.74,1,0.0
13778,178.7,9,1,1,0,0.0,178.7,178.7,1,0.0
14869,721.45,66,2,2,1,3.75,717.7,360.725,3,0.3333333333333333
14096,65164.79,1119,17,17,17,8043.880000000001,57120.909999999996,3833.2229411764706,34,0.5
14108,597.91,33,2,2,1,3.75,594.16,298.955,3,0.3333333333333333
15866,211.89,43,1,1,0,0.0,211.89,211.89,1,0.0
14660,285.74,24,2,2,0,0.0,285.74,142.87,2,0.0
16083,979.64,14,1,1,0,0.0,979.64,979.64,1,0.0
13726,1079.6599999999999,39,2,2,0,0.0,1079.6599999999999,539.8299999999999,2,0.0
15690,239.76,19,2,2,0,0.0,239.76,119.88,2,0.0
17777,647.56,141,3,3,0,0.0,647.56,215.85333333333332,3,0.0
16278,566.38,23,1,1,2,28.55,537.83,566.38,3,0.6666666666666666
13276,590.9300000000001,30,2,2,0,0.0,590.9300000000001,295.46500000000003,2,0.0
13147,712.8000000000001,1,4,4,0,0.0,712.8000000000001,178.20000000000002,4,0.0
13045,305.28000000000003,18,1,1,0,0.0,305.28000000000003,305.28000000000003,1,0.0
13099,207.35999999999999,1,1,1,0,0.0,207.35999999999999,207.35999999999999,1,0.0
14420,387.52,29,1,1,1,1.65,385.87,387.52,2,0.5
14436,89.06,9,1,1,0,0.0,89.06,89.06,1,0.0
18027,115.31,21,1,1,0,0.0,115.31,115.31,1,0.0
12832,383.03,27,2,2,0,0.0,383.03,191.515,2,0.0
16674,304.24,89,2,2,0,0.0,304.24,152.12,2,0.0
16173,1418.32,70,6,6,1,11.75,1406.57,236.38666666666666,7,0.14285714285714285
14171,363.79,57,1,1,0,0.0,363.79,363.79,1,0.0
13434,534.24,9,2,2,0,0.0,534.24,267.12,2,0.0
16761,316.62,13,1,1,0,0.0,316.62,316.62,1,0.0
14067,374.7,51,2,2,0,0.0,374.7,187.35,2,0.0
13808,1747.66,70,5,5,0,0.0,1747.66,349.53200000000004,5,0.0
12851,131.81,43,1,1,0,0.0,131.81,131.81,1,0.0
14965,596.09,80,2,1,0,0.0,596.09,298.045,2,0.0
15136,1286.7,61,4,3,1,4.25,1282.45,321.675,5,0.2
16629,408.63,58,2,2,0,0.0,408.63,204.315,2,0.0
18261,324.24,19,2,2,0,0.0,324.24,162.12,2,0.0
15307,205.3,12,1,1,0,0.0,205.3,205.3,1,0.0
16820,497.61,26,1,1,0,0.0,497.61,497.61,1,0.0
17309,82.75,11,1,1,0,0.0,82.75,82.75,1,0.0
13211,984.72,44,2,2,0,0.0,984.72,492.36,2,0.0
13949,2427.32,124,6,6,0,0.0,2427.32,404.55333333333334,6,0.0
14360,2118.03,104,4,3,0,0.0,2118.03,529.5075,4,0.0
16400,303.93,28,1,1,0,0.0,303.93,303.93,1,0.0
14208,151.74,10,1,1,0,0.0,151.74,151.74,1,0.0
17339,183.36,5,1,1,0,0.0,183.36,183.36,1,0.0
13130,64.0,2,1,1,0,0.0,64.0,64.0,1,0.0
13210,353.48,22,1,1,0,0.0,353.48,353.48,1,0.0
17481,1255.59,69,4,4,1,6.25,1249.34,313.8975,5,0.2
17573,380.6,24,3,3,1,17.700000000000003,362.9,126.86666666666667,4,0.25
14452,259.05,55,2,2,0,0.0,259.05,129.525,2,0.0
13889,416.90000000000003,15,1,1,0,0.0,416.90000000000003,416.90000000000003,1,0.0
15488,91.32000000000001,2,1,1,0,0.0,91.32000000000001,91.32000000000001,1,0.0
18222,443.0,19,1,1,0,0.0,443.0,443.0,1,0.0
13244,121.74000000000001,27,1,1,0,0.0,121.74000000000001,121.74000000000001,1,0.0
17004,1312.1399999999999,38,2,2,0,0.0,1312.1399999999999,656.0699999999999,2,0.0
13441,296.64,13,1,1,0,0.0,296.64,296.64,1,0.0
13823,957.66,39,2,2,0,0.0,957.66,478.83,2,0.0
12879,573.22,7,3,3,1,20.650000000000002,552.5699999999999,191.07333333333335,4,0.25
16603,482.47,34,2,2,0,0.0,482.47,241.235,2,0.0
14824,1127.71,19,4,4,0,0.0,1127.71,281.9275,4,0.0
16910,1508.96,318,8,8,0,0.0,1508.96,188.62,8,0.0
15652,337.74,21,1,1,0,0.0,337.74,337.74,1,0.0
16362,709.99,58,5,3,4,82.69999999999999,627.29,141.998,9,0.4444444444444444
15035,252.73000000000002,26,1,1,0,0.0,252.73000000000002,252.73000000000002,1,0.0
14508,268.05,52,2,2,0,0.0,268.05,134.025,2,0.0
13272,276.56,15,2,2,0,0.0,276.56,138.28,2,0.0
17317,2600.34,8,3,3,2,76.32000000000001,2524.02,866.7800000000001,5,0.4
14212,1070.48,9,1,1,0,0.0,1070.48,1070.48,1,0.0
13372,378.64,23,1,1,0,0.0,378.64,378.64,1,0.0
18255,103.3,6,1,1,0,0.0,103.3,103.3,1,0.0
14250,1904.05,94,3,2,0,0.0,1904.05,634.6833333333333,3,0.0
14487,1040.3799999999999,99,5,4,0,0.0,1040.3799999999999,208.07599999999996,5,0.0
16796,305.62,18,1,1,0,0.0,305.62,305.62,1,0.0
14432,2248.5,256,6,6,0,0.0,2248.5,374.75,6,0.0
15782,2614.7400000000002,34,3,3,1,20.8,2593.94,871.58,4,0.25
12883,703.47,39,4,2,0,0.0,703.47,175.8675,4,0.0
12965,769.8100000000001,108,1,1,0,0.0,769.8100000000001,769.8100000000001,1,0.0
15533,807.57,73,3,3,2,60.65,746.92,269.19,5,0.4
18215,299.34000000000003,13,1,1,0,0.0,299.34000000000003,299.34000000000003,1,0.0
18158,453.4,24,2,2,1,1.65,451.75,226.7,3,0.3333333333333333
15392,1196.55,57,3,3,0,0.0,1196.55,398.84999999999997,3,0.0
13375,778.65,37,1,1,1,5.75,772.9,778.65,2,0.5
13431,1269.1,44,2,2,0,0.0,1269.1,634.55,2,0.0
16211,547.02,23,1,1,1,4.25,542.77,547.02,2,0.5
12884,309.05,7,1,1,0,0.0,309.05,309.05,1,0.0
16141,620.4,30,1,1,0,0.0,620.4,620.4,1,0.0
17919,1304.04,23,1,1,0,0.0,1304.04,1304.04,1,0.0
16360,3450.41,365,6,6,2,100.83999999999997,3349.57,575.0683333333333,8,0.25
17433,303.15999999999997,53,1,1,0,0.0,303.15999999999997,303.15999999999997,1,0.0
13704,2308.06,111,9,9,1,12.75,2295.31,256.4511111111111,10,0.1
14020,642.8,37,2,2,0,0.0,642.8,321.4,2,0.0
14359,912.18,44,3,3,3,29.6,882.58,304.06,6,0.5
16451,266.97,14,1,1,0,0.0,266.97,266.97,1,0.0
12940,899.69,87,2,2,2,37.25,862.44,449.845,4,0.5
15216,96.6,2,1,1,0,0.0,96.6,96.6,1,0.0
15522,397.99,47,2,2,0,0.0,397.99,198.995,2,0.0
17037,1267.32,75,1,1,1,14.100000000000001,1253.22,1267.32,2,0.5
12822,948.88,41,2,2,1,29.9,918.98,474.44,3,0.3333333333333333
15343,364.5,21,1,1,0,0.0,364.5,364.5,1,0.0
14753,563.15,30,1,1,0,0.0,563.15,563.15,1,0.0
16959,117.35000000000001,7,1,1,0,0.0,117.35000000000001,117.35000000000001,1,0.0
18251,4314.72,16,1,1,0,0.0,4314.72,4314.72,1,0.0
13032,1010.18,55,2,2,1,13.66,996.52,505.09,3,0.3333333333333333
12895,372.8,22,2,2,1,25.5,347.3,186.4,3,0.3333333333333333
17640,621.66,5,1,1,0,0.0,621.66,621.66,1,0.0
13860,1245.9,58,5,4,1,5.9,1240.0,249.18,6,0.16666666666666666
18001,415.13,56,2,2,0,0.0,415.13,207.565,2,0.0
17728,2876.01,153,3,3,2,360.3299999999999,2515.68,958.6700000000001,5,0.4
15933,1107.46,63,3,3,0,0.0,1107.46,369.15333333333336,3,0.0
14284,595.25,24,2,2,1,16.8,578.45,297.625,3,0.3333333333333333
17347,228.96,1,1,1,0,0.0,228.96,228.96,1,0.0
15103,703.36,35,2,2,0,0.0,703.36,351.68,2,0.0
15707,916.98,126,4,4,0,0.0,916.98,229.245,4,0.0
13430,679.45,48,2,2,2,30.76,648.6899999999999,339.725,4,0.5
13321,567.36,10,2,2,0,0.0,567.36,283.68,2,0.0
13877,117.24,3,1,1,0,0.0,117.24,117.24,1,0.0
15272,721.94,63,2,2,0,0.0,721.94,360.97,2,0.0
15322,679.68,42,1,1,1,76.71,602.97,679.68,2,0.5
17333,494.25,28,1,1,0,0.0,494.25,494.25,1,0.0
16048,0.0,0,0,0,1,12.75,-12.75,0.0,1,1.0
13518,627.16,36,1,1,0,0.0,627.16,627.16,1,0.0
14306,2093.32,33,2,2,1,9.9,2083.42,1046.66,3,0.3333333333333333
17679,1992.1100000000001,29,2,2,0,0.0,1992.1100000000001,996.0550000000001,2,0.0
16160,1025.44,20,2,2,2,15.99,1009.4499999999999,512.72,4,0.5
14608,1581.15,8,3,3,0,0.0,1581.15,527.0500000000001,3,0.0
15573,591.1899999999999,88,2,2,0,0.0,591.1899999999999,295.59499999999997,2,0.0
14894,655.75,23,1,1,0,0.0,655.75,655.75,1,0.0
17434,2373.82,100,7,7,2,40.4,2333.42,339.1171428571429,9,0.2222222222222222
15466,334.53,56,1,1,0,0.0,334.53,334.53,1,0.0
18259,1962.3000000000002,24,2,2,0,0.0,1962.3000000000002,981.1500000000001,2,0.0
15511,900.53,117,5,5,0,0.0,900.53,180.106,5,0.0
17846,2033.1,1,1,1,0,0.0,2033.1,2033.1,1,0.0
16189,215.48,9,2,2,0,0.0,215.48,107.74,2,0.0
15417,508.8,28,1,1,0,0.0,508.8,508.8,1,0.0
12995,211.32,3,1,1,1,10.6,200.72,211.32,2,0.5
14557,788.38,16,1,1,1,788.3800000000001,0.0,788.38,2,0.5
16108,842.5,48,1,1,1,26.4,816.1,842.5,2,0.5
17144,984.57,42,2,2,0,0.0,984.57,492.285,2,0.0
16924,829.89,69,3,3,1,107.25,722.64,276.63,4,0.25
15099,410.48,23,1,1,0,0.0,410.48,410.48,1,0.0
13323,787.85,6,5,5,0,0.0,787.85,157.57,5,0.0
14124,419.58000000000004,4,1,1,0,0.0,419.58000000000004,419.58000000000004,1,0.0
15975,371.01,24,1,1,0,0.0,371.01,371.01,1,0.0
15523,412.01000000000005,10,1,1,0,0.0,412.01000000000005,412.01000000000005,1,0.0
16878,13.3,3,1,1,1,13.3,0.0,13.3,2,0.5
15947,1708.24,29,1,1,0,0.0,1708.24,1708.24,1,0.0
13247,501.12,18,4,4,0,0.0,501.12,125.28,4,0.0
13566,856.84,134,2,2,0,0.0,856.84,428.42,2,0.0
18194,973.8399999999999,7,1,1,1,77.84,896.0,973.8399999999999,2,0.5
16689,422.59999999999997,12,2,2,1,119.34,303.26,211.29999999999998,3,0.3333333333333333
16438,798.35,74,5,5,0,0.0,798.35,159.67000000000002,5,0.0
13067,115.46000000000001,14,1,1,0,0.0,115.46000000000001,115.46000000000001,1,0.0
16460,811.23,128,3,3,0,0.0,811.23,270.41,3,0.0
13325,675.3,12,1,1,0,0.0,675.3,675.3,1,0.0
13774,345.0,22,1,1,0,0.0,345.0,345.0,1,0.0
15504,52.83,13,1,1,0,0.0,52.83,52.83,1,0.0
15500,1131.56,64,4,4,0,0.0,1131.56,282.89,4,0.0
17557,541.46,27,3,3,0,0.0,541.46,180.48666666666668,3,0.0
13228,358.0,2,1,1,0,0.0,358.0,358.0,1,0.0
14356,701.23,33,2,2,2,34.28999999999999,666.9399999999999,350.615,4,0.5
13416,712.5,11,2,2,0,0.0,712.5,356.25,2,0.0
17628,75.75,5,1,1,0,0.0,75.75,75.75,1,0.0
16527,228.06,14,1,1,0,0.0,228.06,228.06,1,0.0
16428,0.0,0,0,0,1,2.95,-2.95,0.0,1,1.0
14236,301.56,12,1,1,0,0.0,301.56,301.56,1,0.0
15341,2020.52,17,1,1,0,0.0,2020.52,2020.52,1,0.0
16215,242.35,14,1,1,0,0.0,242.35,242.35,1,0.0
14164,1631.77,28,2,2,0,0.0,1631.77,815.885,2,0.0
15888,168.31,11,1,1,1,27.04,141.27,168.31,2,0.5
17564,454.01,38,3,3,0,0.0,454.01,151.33666666666667,3,0.0
13356,768.24,42,1,1,0,0.0,768.24,768.24,1,0.0
18228,779.9,23,2,2,1,10.7,769.2,389.95,3,0.3333333333333333
17415,507.84,14,1,1,0,0.0,507.84,507.84,1,0.0
13350,979.12,36,2,2,1,68.4,910.72,489.56,3,0.3333333333333333
16627,322.8,20,1,1,0,0.0,322.8,322.8,1,0.0
17475,194.37,14,1,1,0,0.0,194.37,194.37,1,0.0
14951,311.69,20,1,1,0,0.0,311.69,311.69,1,0.0
14780,447.68,26,2,2,0,0.0,447.68,223.84,2,0.0
14887,1862.0,6,1,1,0,0.0,1862.0,1862.0,1,0.0
15351,1659.99,117,6,6,2,84.58,1575.41,276.665,8,0.25
15399,815.77,45,3,3,0,0.0,815.77,271.92333333333335,3,0.0
17466,763.28,41,2,2,0,0.0,763.28,381.64,2,0.0
16379,2157.4,87,4,4,1,25.5,2131.9,539.35,5,0.2
17172,317.76,15,1,1,1,4.5,313.26,317.76,2,0.5
15239,780.59,48,2,2,1,16.25,764.34,390.295,3,0.3333333333333333
16213,159.0,6,1,1,0,0.0,159.0,159.0,1,0.0
15603,48.480000000000004,2,1,1,0,0.0,48.480000000000004,48.480000000000004,1,0.0
14261,1163.45,52,2,2,0,0.0,1163.45,581.725,2,0.0
15571,650.4300000000001,47,4,4,0,0.0,650.4300000000001,162.60750000000002,4,0.0
15484,3590.41,135,4,4,1,31.2,3559.21,897.6025,5,0.2
12936,1063.9,56,4,3,1,51.0,1012.9,265.975,5,0.2
16236,432.2,20,1,1,0,0.0,432.2,432.2,1,0.0
16669,1348.88,141,3,2,1,4.0,1344.88,449.6266666666667,4,0.25
15398,1345.53,60,2,2,1,5.9,1339.63,672.765,3,0.3333333333333333
12906,2919.81,55,5,2,0,0.0,2919.81,583.962,5,0.0
17079,118.80000000000001,2,1,1,0,0.0,118.80000000000001,118.80000000000001,1,0.0
14125,2720.63,159,3,3,0,0.0,2720.63,906.8766666666667,3,0.0
17163,293.1,3,2,2,0,0.0,293.1,146.55,2,0.0
12952,1387.79,64,4,3,1,4.95,1382.8400000000001,346.9475,5,0.2
13279,137.75,9,1,1,1,11.45,126.30000000000001,137.75,2,0.5
16715,301.71999999999997,19,1,1,0,0.0,301.71999999999997,301.71999999999997,1,0.0
13519,122.75,8,1,1,1,11.95,110.80000000000001,122.75,2,0.5
15744,34.8,3,1,1,0,0.0,34.8,34.8,1,0.0
13127,259.17,15,1,1,0,0.0,259.17,259.17,1,0.0
15714,330.03000000000003,34,2,2,0,0.0,330.03000000000003,165.01500000000001,2,0.0
17480,511.82,29,1,1,1,5.3100000000000005,506.51,511.82,2,0.5
15763,1086.92,58,2,2,1,38.25,1048.67,543.46,3,0.3333333333333333
15075,773.03,27,1,1,0,0.0,773.03,773.03,1,0.0
16978,344.33,39,1,1,0,0.0,344.33,344.33,1,0.0
14014,505.18,39,1,1,0,0.0,505.18,505.18,1,0.0
16240,3718.8,126,2,2,3,24.990000000000002,3693.81,1859.4,5,0.6
13336,795.12,51,1,1,0,0.0,795.12,795.12,1,0.0
14652,114.18,29,1,1,0,0.0,114.18,114.18,1,0.0
15807,903.9,48,3,2,0,0.0,903.9,301.3,3,0.0
15762,583.75,37,2,2,0,0.0,583.75,291.875,2,0.0
15475,454.10999999999996,29,1,1,0,0.0,454.10999999999996,454.10999999999996,1,0.0
15978,1098.78,49,1,1,0,0.0,1098.78,1098.78,1,0.0
16485,363.65,41,1,1,0,0.0,363.65,363.65,1,0.0
13083,303.75,15,2,2,0,0.0,303.75,151.875,2,0.0
16169,1822.97,71,4,4,0,0.0,1822.97,455.7425,4,0.0
17506,302.2,14,1,1,1,7.91,294.29,302.2,2,0.5
16480,769.29,51,1,1,0,0.0,769.29,769.29,1,0.0
13787,202.64000000000001,17,1,1,0,0.0,202.64000000000001,202.64000000000001,1,0.0
17006,781.78,37,4,4,0,0.0,781.78,195.445,4,0.0
17498,272.22,17,1,1,0,0.0,272.22,272.22,1,0.0
17131,2463.17,78,5,4,0,0.0,2463.17,492.634,5,0.0
13536,3444.39,91,7,7,0,0.0,3444.39,492.05571428571426,7,0.0
15429,397.35,77,2,2,1,32.45,364.90000000000003,198.675,3,0.3333333333333333
17154,329.34,23,1,1,0,0.0,329.34,329.34,1,0.0
16594,181.09,53,1,1,0,0.0,181.09,181.09,1,0.0
16049,1074.81,248,3,3,0,0.0,1074.81,358.27,3,0.0
14757,420.5,19,1,1,0,0.0,420.5,420.5,1,0.0
16198,400.68100000000004,15,1,1,0,0.0,400.68100000000004,400.68100000000004,1,0.0
15366,496.97,36,1,1,0,0.0,496.97,496.97,1,0.0
13670,349.7,25,1,1,0,0.0,349.7,349.7,1,0.0
18066,318.0,10,1,1,0,0.0,318.0,318.0,1,0.0
14806,193.39000000000001,11,1,1,0,0.0,193.39000000000001,193.39000000000001,1,0.0
13429,1006.8,55,4,4,0,0.0,1006.8,251.7,4,0.0
15154,254.28,66,1,1,1,29.55,224.73,254.28,2,0.5
13390,544.08,13,1,1,0,0.0,544.08,544.08,1,0.0
12925,694.05,42,2,2,0,0.0,694.05,347.025,2,0.0
13927,348.99,21,1,1,0,0.0,348.99,348.99,1,0.0
18205,517.36,30,2,2,0,0.0,517.36,258.68,2,0.0
14908,277.8,9,1,1,0,0.0,277.8,277.8,1,0.0
17674,250.38,16,1,1,0,0.0,250.38,250.38,1,0.0
13639,1033.34,39,1,1,0,0.0,1033.34,1033.34,1,0.0
15958,104.35,7,1,1,0,0.0,104.35,104.35,1,0.0
15492,659.4599999999999,32,2,2,0,0.0,659.4599999999999,329.72999999999996,2,0.0
15243,316.68,22,1,1,0,0.0,316.68,316.68,1,0.0
16468,74.9,2,1,1,0,0.0,74.9,74.9,1,0.0
15344,563.94,21,3,3,2,87.35999999999999,476.58,187.98000000000002,5,0.4
13866,145.67000000000002,7,1,1,0,0.0,145.67000000000002,145.67000000000002,1,0.0
16999,484.82,21,2,2,0,0.0,484.82,242.41,2,0.0
13514,152.20000000000002,4,1,1,0,0.0,152.20000000000002,152.20000000000002,1,0.0
13314,775.94,55,3,3,1,182.42999999999998,593.51,258.6466666666667,4,0.25
17805,512.31,10,1,1,0,0.0,512.31,512.31,1,0.0
18278,173.9,9,1,1,0,0.0,173.9,173.9,1,0.0
13979,869.87,54,1,1,0,0.0,869.87,869.87,1,0.0
16181,305.54,11,1,1,0,0.0,305.54,305.54,1,0.0
15568,758.29,27,3,3,0,0.0,758.29,252.76333333333332,3,0.0
16354,395.8,38,2,2,0,0.0,395.8,197.9,2,0.0
14412,770.03,43,2,2,1,8.7,761.3299999999999,385.015,3,0.3333333333333333
16119,423.36,14,2,2,0,0.0,423.36,211.68,2,0.0
14109,144.2,9,1,1,1,64.0,80.2,144.2,2,0.5
16157,656.69,12,3,3,1,12.450000000000001,644.24,218.89666666666668,4,0.25
15348,158.04,9,1,1,0,0.0,158.04,158.04,1,0.0
16281,2062.06,17,1,1,0,0.0,2062.06,2062.06,1,0.0
13924,1838.8500000000001,90,6,6,5,156.77,1682.08,306.475,11,0.45454545454545453
17950,219.03,30,1,1,0,0.0,219.03,219.03,1,0.0
14434,1372.8,3,6,6,0,0.0,1372.8,228.79999999999998,6,0.0
13061,248.61,10,1,1,0,0.0,248.61,248.61,1,0.0
17513,513.2,6,1,1,0,0.0,513.2,513.2,1,0.0
16909,379.14,18,1,1,1,15.0,364.14,379.14,2,0.5
16650,518.42,24,1,1,0,0.0,518.42,518.42,1,0.0
18192,957.97,45,1,1,0,0.0,957.97,957.97,1,0.0
17447,541.53,33,2,2,0,0.0,541.53,270.765,2,0.0
17427,100.8,2,1,1,0,0.0,100.8,100.8,1,0.0
15175,224.14,23,1,1,0,0.0,224.14,224.14,1,0.0
13960,230.22,11,2,2,0,0.0,230.22,115.11,2,0.0
17528,3628.5,183,8,7,3,88.4,3540.1,453.5625,11,0.2727272727272727
16361,891.21,87,4,4,0,0.0,891.21,222.8025,4,0.0
13886,243.56,16,1,1,0,0.0,243.56,243.56,1,0.0
13354,743.53,51,1,1,0,0.0,743.53,743.53,1,0.0
15050,1737.69,68,3,2,2,54.919999999999995,1682.77,579.23,5,0.4
13503,216.85,17,1,1,0,0.0,216.85,216.85,1,0.0
16653,1212.66,67,2,2,1,45.74000000000001,1166.92,606.33,3,0.3333333333333333
16574,451.44,28,1,1,0,0.0,451.44,451.44,1,0.0
13759,659.4100000000001,24,2,2,0,0.0,659.4100000000001,329.70500000000004,2,0.0
17813,1698.07,297,5,5,2,56.279999999999994,1641.79,339.614,7,0.2857142857142857
15949,364.72,12,2,2,0,0.0,364.72,182.36,2,0.0
13364,134.95999999999998,10,1,1,1,134.96,0.0,134.95999999999998,2,0.5
16268,667.65,45,2,1,0,0.0,667.65,333.825,2,0.0
17552,631.89,35,2,2,2,20.45,611.4399999999999,315.945,4,0.5
18053,300.02,20,1,1,1,2.95,297.07,300.02,2,0.5
16101,1290.7,76,1,1,2,44.74,1245.96,1290.7,3,0.6666666666666666
15565,173.16,8,2,2,0,0.0,173.16,86.58,2,0.0
18217,621.75,27,2,2,0,0.0,621.75,310.875,2,0.0
13954,439.92,24,2,2,1,61.33,378.59,219.96,3,0.3333333333333333
15593,199.8,5,1,1,0,0.0,199.8,199.8,1,0.0
13095,74.39999999999999,6,1,1,0,0.0,74.39999999999999,74.39999999999999,1,0.0
13347,341.36,8,1,1,0,0.0,341.36,341.36,1,0.0
15185,310.62,21,1,1,0,0.0,310.62,310.62,1,0.0
16404,443.05,23,1,1,0,0.0,443.05,443.05,1,0.0
16613,618.59,30,1,1,0,0.0,618.59,618.59,1,0.0
16591,213.5,10,1,1,0,0.0,213.5,213.5,1,0.0
15774,270.8,25,1,1,0,0.0,270.8,270.8,1,0.0
13558,594.52,123,4,4,0,0.0,594.52,148.63,4,0.0
16930,378.89,47,3,2,0,0.0,378.89,126.29666666666667,3,0.0
16533,1082.81,112,3,3,2,68.62,1014.19,360.93666666666667,5,0.4
18059,306.46,17,3,3,1,9.75,296.71,102.15333333333332,4,0.25
14488,1064.28,46,1,1,1,16.85,1047.43,1064.28,2,0.5
16747,836.06,34,2,2,2,9.099999999999998,826.96,418.03,4,0.5
14333,415.2,15,1,1,1,63.75,351.45,415.2,2,0.5
13635,1071.03,62,1,1,0,0.0,1071.03,1071.03,1,0.0
17330,363.9,5,2,2,0,0.0,363.9,181.95,2,0.0
17321,657.16,94,2,2,0,0.0,657.16,328.58,2,0.0
14815,778.5,53,2,2,0,0.0,778.5,389.25,2,0.0
15091,480.71,30,1,1,1,3.75,476.96,480.71,2,0.5
15088,1160.07,53,2,2,1,19.8,1140.27,580.035,3,0.3333333333333333
15930,426.63,21,1,1,0,0.0,426.63,426.63,1,0.0
16183,338.71000000000004,15,1,1,0,0.0,338.71000000000004,338.71000000000004,1,0.0
13297,2089.85,52,4,3,0,0.0,2089.85,522.4625,4,0.0
15111,1278.98,62,2,2,0,0.0,1278.98,639.49,2,0.0
13801,324.8,23,1,1,0,0.0,324.8,324.8,1,0.0
16881,432.0,1,1,1,0,0.0,432.0,432.0,1,0.0
17014,583.4300000000001,63,3,3,1,20.75,562.6800000000001,194.4766666666667,4,0.25
15255,890.85,47,1,1,0,0.0,890.85,890.85,1,0.0
14184,452.89,24,1,1,0,0.0,452.89,452.89,1,0.0
13351,373.94,16,1,1,0,0.0,373.94,373.94,1,0.0
15739,449.12,8,1,1,0,0.0,449.12,449.12,1,0.0
17957,111.68,31,1,1,0,0.0,111.68,111.68,1,0.0
15276,128.63,49,1,1,0,0.0,128.63,128.63,1,0.0
15127,406.53,16,1,1,0,0.0,406.53,406.53,1,0.0
16106,108.38,6,1,1,0,0.0,108.38,108.38,1,0.0
17666,728.16,14,2,2,0,0.0,728.16,364.08,2,0.0
13483,140.34,10,1,1,0,0.0,140.34,140.34,1,0.0
16478,331.0,15,3,3,0,0.0,331.0,110.33333333333333,3,0.0
16140,601.04,28,1,1,2,21.41,579.63,601.04,3,0.6666666666666666
17382,65.4,2,1,1,0,0.0,65.4,65.4,1,0.0
16020,851.01,42,3,2,0,0.0,851.01,283.67,3,0.0
17222,328.65,27,1,1,0,0.0,328.65,328.65,1,0.0
16803,332.3,24,1,1,0,0.0,332.3,332.3,1,0.0
13947,90.6,5,1,1,0,0.0,90.6,90.6,1,0.0
16758,369.34000000000003,22,1,1,0,0.0,369.34000000000003,369.34000000000003,1,0.0
17647,133.06,7,1,1,0,0.0,133.06,133.06,1,0.0
14054,92.46,6,1,1,0,0.0,92.46,92.46,1,0.0
14396,377.64,39,1,1,0,0.0,377.64,377.64,1,0.0
18033,93.82000000000001,32,1,1,0,0.0,93.82000000000001,93.82000000000001,1,0.0
13845,312.98,9,1,1,0,0.0,312.98,312.98,1,0.0
15837,391.98,24,1,1,0,0.0,391.98,391.98,1,0.0
13177,282.45,17,1,1,0,0.0,282.45,282.45,1,0.0
14317,508.58000000000004,24,1,1,0,0.0,508.58000000000004,508.58000000000004,1,0.0
16295,1328.55,70,4,4,0,0.0,1328.55,332.1375,4,0.0
13602,428.89,23,1,1,0,0.0,428.89,428.89,1,0.0
16895,202.27,57,1,1,0,0.0,202.27,202.27,1,0.0
17295,547.0,53,3,2,0,0.0,547.0,182.33333333333334,3,0.0
13504,295.93,22,1,1,0,0.0,295.93,295.93,1,0.0
13422,2626.3,127,1,1,1,24.75,2601.55,2626.3,2,0.5
15264,393.74,23,1,1,0,0.0,393.74,393.74,1,0.0
16432,287.4,8,1,1,0,0.0,287.4,287.4,1,0.0
14518,174.37,16,1,1,0,0.0,174.37,174.37,1,0.0
13882,1191.13,54,5,5,1,59.849999999999994,1131.28,238.22600000000003,6,0.16666666666666666
15937,145.35,7,1,1,0,0.0,145.35,145.35,1,0.0
12923,172.82,28,1,1,0,0.0,172.82,172.82,1,0.0
17453,486.71999999999997,19,2,2,0,0.0,486.71999999999997,243.35999999999999,2,0.0
15766,315.06,11,1,1,0,0.0,315.06,315.06,1,0.0
15300,496.44,28,1,1,0,0.0,496.44,496.44,1,0.0
13348,233.76,14,1,1,0,0.0,233.76,233.76,1,0.0
14592,557.94,132,3,3,0,0.0,557.94,185.98000000000002,3,0.0
14792,6.2,2,1,1,1,6.2,0.0,6.2,2,0.5
17030,146.87,11,1,1,0,0.0,146.87,146.87,1,0.0
14427,363.34000000000003,16,2,2,0,0.0,363.34000000000003,181.67000000000002,2,0.0
13359,439.56,23,1,1,1,8.3,431.26,439.56,2,0.5
14138,965.8800000000001,40,2,2,0,0.0,965.8800000000001,482.94000000000005,2,0.0
15297,641.94,30,3,3,1,6.9,635.04,213.98000000000002,4,0.25
13876,122.7,7,1,1,0,0.0,122.7,122.7,1,0.0
17086,2050.08,76,6,6,0,0.0,2050.08,341.68,6,0.0
13806,256.38,10,1,1,0,0.0,256.38,256.38,1,0.0
18096,849.06,157,3,3,0,0.0,849.06,283.02,3,0.0
13587,712.4,8,1,1,2,365.4,347.0,712.4,3,0.6666666666666666
12856,2170.78,155,6,6,2,17.25,2153.53,361.7966666666667,8,0.25
13419,221.06,16,1,1,0,0.0,221.06,221.06,1,0.0
17509,6083.64,75,8,3,3,14.4,6069.24,760.455,11,0.2727272727272727
16900,887.11,78,3,3,2,699.42,187.6900000000001,295.7033333333333,5,0.4
13689,910.0,6,1,1,0,0.0,910.0,910.0,1,0.0
13755,2108.06,232,9,8,1,6.67,2101.39,234.2288888888889,10,0.1
16104,298.21,28,1,1,0,0.0,298.21,298.21,1,0.0
13259,283.18,77,1,1,0,0.0,283.18,283.18,1,0.0
16248,152.94,7,1,1,0,0.0,152.94,152.94,1,0.0
15612,195.15,4,2,2,0,0.0,195.15,97.575,2,0.0
15787,933.26,156,3,2,0,0.0,933.26,311.08666666666664,3,0.0
16595,360.16,83,1,1,0,0.0,360.16,360.16,1,0.0
13260,557.62,8,1,1,0,0.0,557.62,557.62,1,0.0
15821,570.96,57,2,2,0,0.0,570.96,285.48,2,0.0
18088,166.03,35,1,1,0,0.0,166.03,166.03,1,0.0
16685,324.24,60,2,1,0,0.0,324.24,162.12,2,0.0
13193,112.08,22,1,1,0,0.0,112.08,112.08,1,0.0
13212,786.83,128,3,2,1,7.5,779.33,262.2766666666667,4,0.25
14801,189.34,56,1,1,0,0.0,189.34,189.34,1,0.0
16380,1743.1499999999999,28,1,1,0,0.0,1743.1499999999999,1743.1499999999999,1,0.0
16921,154.18,50,1,1,0,0.0,154.18,154.18,1,0.0
15193,499.32,19,1,1,0,0.0,499.32,499.32,1,0.0
14027,104.82,6,1,1,0,0.0,104.82,104.82,1,0.0
17025,196.8,4,1,1,0,0.0,196.8,196.8,1,0.0
16179,215.83,11,1,1,0,0.0,215.83,215.83,1,0.0
15473,1771.2,4,7,4,3,306.0,1465.2,253.02857142857144,10,0.3
17425,759.17,42,2,2,0,0.0,759.17,379.585,2,0.0
18169,202.65,9,1,1,0,0.0,202.65,202.65,1,0.0
18126,200.92000000000002,52,1,1,0,0.0,200.92000000000002,200.92000000000002,1,0.0
16688,1260.86,52,4,4,0,0.0,1260.86,315.215,4,0.0
16982,384.06,22,1,1,0,0.0,384.06,384.06,1,0.0
15330,714.96,10,2,2,0,0.0,714.96,357.48,2,0.0
17186,144.0,1,2,2,0,0.0,144.0,72.0,2,0.0
13685,3119.44,29,7,6,0,0.0,3119.44,445.63428571428574,7,0.0
16776,371.54,61,1,1,0,0.0,371.54,371.54,1,0.0
15211,511.34000000000003,29,1,1,0,0.0,511.34000000000003,511.34000000000003,1,0.0
13980,200.14,11,1,1,0,0.0,200.14,200.14,1,0.0
13352,397.97999999999996,24,1,1,1,8.7,389.28,397.97999999999996,2,0.5
15553,428.93,51,1,1,0,0.0,428.93,428.93,1,0.0
15886,181.09,12,1,1,0,0.0,181.09,181.09,1,0.0
17203,3560.08,116,6,3,0,0.0,3560.08,593.3466666666667,6,0.0
17459,657.3,88,2,2,0,0.0,657.3,328.65,2,0.0
16561,511.12,29,2,2,0,0.0,511.12,255.56,2,0.0
14121,2780.15,148,4,4,2,39.85,2740.3,695.0375,6,0.3333333333333333
17119,606.91,35,2,2,1,13.3,593.61,303.455,3,0.3333333333333333
17620,81.44,4,1,1,0,0.0,81.44,81.44,1,0.0
12824,397.12,25,1,1,0,0.0,397.12,397.12,1,0.0
14710,599.48,124,4,4,0,0.0,599.48,149.87,4,0.0
16120,1309.14,26,4,1,1,15.0,1294.14,327.285,5,0.2
14624,225.85,13,2,2,0,0.0,225.85,112.925,2,0.0
16171,73.2,3,1,1,0,0.0,73.2,73.2,1,0.0
13690,172.25,9,1,1,0,0.0,172.25,172.25,1,0.0
17913,190.6,25,1,1,0,0.0,190.6,190.6,1,0.0
17934,704.25,21,2,2,0,0.0,704.25,352.125,2,0.0
14642,96.12,2,1,1,0,0.0,96.12,96.12,1,0.0
16753,223.92000000000002,34,1,1,0,0.0,223.92000000000002,223.92000000000002,1,0.0
17737,168.24,8,2,2,0,0.0,168.24,84.12,2,0.0
13464,674.68,41,1,1,0,0.0,674.68,674.68,1,0.0
14537,355.56,10,1,1,0,0.0,355.56,355.56,1,0.0
17279,187.82999999999998,8,1,1,0,0.0,187.82999999999998,187.82999999999998,1,0.0
14251,2879.7000000000003,37,5,5,0,0.0,2879.7000000000003,575.94,5,0.0
14234,754.12,122,4,4,0,0.0,754.12,188.53,4,0.0
14975,279.94,11,1,1,0,0.0,279.94,279.94,1,0.0
13853,1090.14,23,1,1,1,33.2,1056.94,1090.14,2,0.5
16773,171.59,23,1,1,0,0.0,171.59,171.59,1,0.0
16430,300.85,6,1,1,0,0.0,300.85,300.85,1,0.0
17181,84.39999999999999,21,1,1,0,0.0,84.39999999999999,84.39999999999999,1,0.0
16793,243.84,16,1,1,0,0.0,243.84,243.84,1,0.0
18130,1059.39,58,3,3,1,13.65,1045.74,353.13000000000005,4,0.25
17614,386.32,97,1,1,0,0.0,386.32,386.32,1,0.0
13858,216.17,11,1,1,0,0.0,216.17,216.17,1,0.0
14856,1290.53,65,3,2,0,0.0,1290.53,430.1766666666667,3,0.0
14089,158.75,13,1,1,0,0.0,158.75,158.75,1,0.0
15478,1399.92,34,2,2,0,0.0,1399.92,699.96,2,0.0
16413,262.2,30,1,1,0,0.0,262.2,262.2,1,0.0
16416,1051.4,59,3,3,1,24.41,1026.99,350.4666666666667,4,0.25
13006,81.57,4,1,1,0,0.0,81.57,81.57,1,0.0
17986,20.8,1,1,1,0,0.0,20.8,20.8,1,0.0
14910,434.35,25,4,4,3,44.489999999999995,389.86,108.5875,7,0.42857142857142855
16243,409.1,49,2,2,0,0.0,409.1,204.55,2,0.0
13878,1271.57,35,1,1,0,0.0,1271.57,1271.57,1,0.0
13034,476.90999999999997,26,1,1,0,0.0,476.90999999999997,476.90999999999997,1,0.0
16934,931.03,59,2,1,0,0.0,931.03,465.515,2,0.0
15994,414.27,31,1,1,0,0.0,414.27,414.27,1,0.0
15545,153.64000000000001,49,1,1,0,0.0,153.64000000000001,153.64000000000001,1,0.0
14547,3974.75,198,8,8,1,20.8,3953.9500000000003,496.84375,9,0.1111111111111111
16052,362.06,34,1,1,0,0.0,362.06,362.06,1,0.0
15113,3509.43,77,3,3,1,169.92000000000002,3339.5099999999998,1169.81,4,0.25
16542,119.62,5,1,1,0,0.0,119.62,119.62,1,0.0
18042,165.04999999999998,7,1,1,0,0.0,165.04999999999998,165.04999999999998,1,0.0
16563,1077.74,19,1,1,0,0.0,1077.74,1077.74,1,0.0
17201,289.78,38,1,1,0,0.0,289.78,289.78,1,0.0
17520,546.81,30,1,1,0,0.0,546.81,546.81,1,0.0
15012,216.48,68,1,1,0,0.0,216.48,216.48,1,0.0
13923,351.13,20,1,1,0,0.0,351.13,351.13,1,0.0
16412,135.99,25,1,1,0,0.0,135.99,135.99,1,0.0
17205,384.08,13,1,1,0,0.0,384.08,384.08,1,0.0
17534,223.36,9,1,1,0,0.0,223.36,223.36,1,0.0
15335,170.22,34,1,1,0,0.0,170.22,170.22,1,0.0
16737,417.59999999999997,1,1,1,0,0.0,417.59999999999997,417.59999999999997,1,0.0
15066,893.59,42,1,1,1,133.0,760.59,893.59,2,0.5
17206,204.24,7,1,1,0,0.0,204.24,204.24,1,0.0
17785,131.94,13,1,1,0,0.0,131.94,131.94,1,0.0
16932,150.23000000000002,44,1,1,0,0.0,150.23000000000002,150.23000000000002,1,0.0
16363,109.36000000000001,5,1,1,0,0.0,109.36000000000001,109.36000000000001,1,0.0
14830,188.88,39,1,1,0,0.0,188.88,188.88,1,0.0
17244,954.9,31,1,1,0,0.0,954.9,954.9,1,0.0
15355,277.05,9,2,2,0,0.0,277.05,138.525,2,0.0
15598,240.68,14,1,1,2,5.0,235.68,240.68,3,0.6666666666666666
15637,223.36,15,1,1,0,0.0,223.36,223.36,1,0.0
16848,281.42,14,1,1,0,0.0,281.42,281.42,1,0.0
15678,352.7,12,1,1,0,0.0,352.7,352.7,1,0.0
14015,917.34,20,1,1,0,0.0,917.34,917.34,1,0.0
13594,396.97,26,1,1,0,0.0,396.97,396.97,1,0.0
15327,208.75,10,1,1,0,0.0,208.75,208.75,1,0.0
14861,125.79,6,1,1,0,0.0,125.79,125.79,1,0.0
14554,2279.4900000000002,147,4,4,0,0.0,2279.4900000000002,569.8725000000001,4,0.0
14179,701.57,135,2,2,0,0.0,701.57,350.785,2,0.0
15604,216.39,17,1,1,0,0.0,216.39,216.39,1,0.0
14381,202.68,56,1,1,0,0.0,202.68,202.68,1,0.0
16123,307.78,16,1,1,0,0.0,307.78,307.78,1,0.0
16851,342.45,17,3,3,0,0.0,342.45,114.14999999999999,3,0.0
17148,124.88,9,1,1,0,0.0,124.88,124.88,1,0.0
17549,148.86,5,2,2,0,0.0,148.86,74.43,2,0.0
17973,337.04,15,1,1,0,0.0,337.04,337.04,1,0.0
15610,112.46000000000001,6,1,1,0,0.0,112.46000000000001,112.46000000000001,1,0.0
15853,110.8,29,1,1,0,0.0,110.8,110.8,1,0.0
18019,38.45,5,1,1,0,0.0,38.45,38.45,1,0.0
14698,1217.27,148,5,5,0,0.0,1217.27,243.454,5,0.0
15468,467.51,24,2,1,2,27.8,439.71,233.755,4,0.5
16826,341.7,22,1,1,0,0.0,341.7,341.7,1,0.0
17824,298.4,13,1,1,0,0.0,298.4,298.4,1,0.0
16885,272.46,58,2,2,0,0.0,272.46,136.23,2,0.0
15803,415.82000000000005,8,1,1,0,0.0,415.82000000000005,415.82000000000005,1,0.0
15006,480.38,121,1,1,0,0.0,480.38,480.38,1,0.0
17350,1281.32,66,4,3,1,29.88,1251.44,320.33,5,0.2
14799,157.7,13,1,1,0,0.0,157.7,157.7,1,0.0
15814,1945.33,63,4,3,2,102.6,1842.73,486.3325,6,0.3333333333333333
16260,1035.45,18,1,1,0,0.0,1035.45,1035.45,1,0.0
14638,443.6,16,1,1,0,0.0,443.6,443.6,1,0.0
17354,1393.06,15,1,1,0,0.0,1393.06,1393.06,1,0.0
15664,386.43,17,1,1,0,0.0,386.43,386.43,1,0.0
13245,430.5,16,1,1,0,0.0,430.5,430.5,1,0.0
14923,749.1,44,1,1,0,0.0,749.1,749.1,1,0.0
16177,331.95,15,1,1,0,0.0,331.95,331.95,1,0.0
13366,56.160000000000004,1,1,1,0,0.0,56.160000000000004,56.160000000000004,1,0.0
16284,812.68,87,2,2,0,0.0,812.68,406.34,2,0.0
16846,214.32,11,1,1,0,0.0,214.32,214.32,1,0.0
14484,321.92,14,1,1,0,0.0,321.92,321.92,1,0.0
13897,311.16,17,1,1,0,0.0,311.16,311.16,1,0.0
14585,157.05,29,1,1,0,0.0,157.05,157.05,1,0.0
17125,230.5,34,1,1,0,0.0,230.5,230.5,1,0.0
15836,137.37,10,1,1,1,19.9,117.47,137.37,2,0.5
16313,274.15000000000003,16,2,2,0,0.0,274.15000000000003,137.07500000000002,2,0.0
13460,183.44,16,2,2,0,0.0,183.44,91.72,2,0.0
14967,463.8,6,1,1,0,0.0,463.8,463.8,1,0.0
15286,240.55,3,1,1,0,0.0,240.55,240.55,1,0.0
17832,155.37,61,1,1,0,0.0,155.37,155.37,1,0.0
16015,704.55,146,3,3,1,14.850000000000001,689.6999999999999,234.85,4,0.25
16311,616.26,35,2,2,0,0.0,616.26,308.13,2,0.0
15728,0.0,0,0,0,1,134.8,-134.8,0.0,1,1.0
15740,154.88,9,1,1,0,0.0,154.88,154.88,1,0.0
13974,413.59000000000003,28,1,1,0,0.0,413.59000000000003,413.59000000000003,1,0.0
15677,657.23,33,1,1,0,0.0,657.23,657.23,1,0.0
15000,490.52,76,1,1,0,0.0,490.52,490.52,1,0.0
16017,211.88,26,1,1,0,0.0,211.88,211.88,1,0.0
13471,2501.84,214,4,4,0,0.0,2501.84,625.46,4,0.0
13598,160.04,33,1,1,1,12.75,147.29,160.04,2,0.5
18005,226.47,52,2,2,0,0.0,226.47,113.235,2,0.0
15427,1430.54,233,3,2,0,0.0,1430.54,476.84666666666664,3,0.0
15022,852.39,96,4,3,0,0.0,852.39,213.0975,4,0.0
17111,231.61,29,1,1,0,0.0,231.61,231.61,1,0.0
17836,110.21000000000001,23,1,1,0,0.0,110.21000000000001,110.21000000000001,1,0.0
14629,955.26,133,2,2,1,19.8,935.46,477.63,3,0.3333333333333333
15592,388.58,24,1,1,0,0.0,388.58,388.58,1,0.0
15277,255.89999999999998,12,1,1,0,0.0,255.89999999999998,255.89999999999998,1,0.0
16491,731.5,39,1,1,0,0.0,731.5,731.5,1,0.0
15516,62.43,15,3,2,0,0.0,62.43,20.81,3,0.0
14764,278.3,6,1,1,1,27.75,250.55,278.3,2,0.5
16742,464.9,1,1,1,1,464.9,0.0,464.9,2,0.5
15142,498.74,26,1,1,0,0.0,498.74,498.74,1,0.0
17344,157.62,31,1,1,0,0.0,157.62,157.62,1,0.0
18240,422.58,6,1,1,0,0.0,422.58,422.58,1,0.0
17081,288.91,55,2,2,0,0.0,288.91,144.455,2,0.0
14474,547.66,29,1,1,1,9.95,537.71,547.66,2,0.5
14139,415.82,26,1,1,0,0.0,415.82,415.82,1,0.0
13165,666.84,29,1,1,0,0.0,666.84,666.84,1,0.0
15844,130.73999999999998,11,1,1,0,0.0,130.73999999999998,130.73999999999998,1,0.0
13176,481.49,66,1,1,0,0.0,481.49,481.49,1,0.0
15345,393.54,20,1,1,1,25.85,367.69,393.54,2,0.5
16708,656.63,27,1,1,0,0.0,656.63,656.63,1,0.0
15963,470.76,26,2,2,0,0.0,470.76,235.38,2,0.0
18045,178.34,43,1,1,0,0.0,178.34,178.34,1,0.0
13182,121.18,11,1,1,0,0.0,121.18,121.18,1,0.0
15158,401.40000000000003,7,1,1,0,0.0,401.40000000000003,401.40000000000003,1,0.0
13028,661.3199999999999,40,2,2,1,1.6400000000000001,659.68,330.65999999999997,3,0.3333333333333333
13978,196.79000000000002,14,2,2,0,0.0,196.79000000000002,98.39500000000001,2,0.0
16056,650.75,66,1,1,0,0.0,650.75,650.75,1,0.0
16071,326.24,21,1,1,0,0.0,326.24,326.24,1,0.0
14539,537.48,31,2,2,0,0.0,537.48,268.74,2,0.0
14550,757.37,38,2,2,0,0.0,757.37,378.685,2,0.0
17712,522.91,29,1,1,0,0.0,522.91,522.91,1,0.0
14102,1105.8799999999999,35,5,5,3,45.55,1060.33,221.176,8,0.375
14598,221.97,49,1,1,0,0.0,221.97,221.97,1,0.0
15320,267.13,36,1,1,0,0.0,267.13,267.13,1,0.0
16415,200.27,45,1,1,0,0.0,200.27,200.27,1,0.0
12827,430.15000000000003,19,3,3,0,0.0,430.15000000000003,143.38333333333335,3,0.0
16345,565.46,35,1,1,0,0.0,565.46,565.46,1,0.0
15993,2777.67,335,7,5,3,40.75,2736.92,396.81,10,0.3
17895,95.45,15,1,1,0,0.0,95.45,95.45,1,0.0
15948,955.24,51,2,2,0,0.0,955.24,477.62,2,0.0
15659,306.45,11,1,1,0,0.0,306.45,306.45,1,0.0
18154,399.19,15,2,2,0,0.0,399.19,199.595,2,0.0
13363,992.5,47,2,2,0,0.0,992.5,496.25,2,0.0
18276,335.86,14,1,1,2,12.5,323.36,335.86,3,0.6666666666666666
17684,239.41,15,1,1,0,0.0,239.41,239.41,1,0.0
17878,379.45,26,1,1,0,0.0,379.45,379.45,1,0.0
14752,389.64,5,1,1,0,0.0,389.64,389.64,1,0.0
16847,193.44,12,1,1,0,0.0,193.44,193.44,1,0.0
14971,1097.98,144,3,2,0,0.0,1097.98,365.99333333333334,3,0.0
17545,642.32,122,3,1,0,0.0,642.32,214.10666666666668,3,0.0
16026,236.09,30,1,1,0,0.0,236.09,236.09,1,0.0
16513,874.59,33,4,4,0,0.0,874.59,218.6475,4,0.0
14357,225.12,39,1,1,0,0.0,225.12,225.12,1,0.0
16855,328.4,19,2,2,0,0.0,328.4,164.2,2,0.0
16680,183.7,10,1,1,0,0.0,183.7,183.7,1,0.0
18035,713.89,44,3,2,0,0.0,713.89,237.96333333333334,3,0.0
16648,290.65999999999997,19,1,1,1,19.8,270.85999999999996,290.65999999999997,2,0.5
16164,822.48,27,3,3,1,19.95,802.53,274.16,4,0.25
14218,169.48000000000002,12,1,1,0,0.0,169.48000000000002,169.48000000000002,1,0.0
15096,219.39000000000001,11,1,1,0,0.0,219.39000000000001,219.39000000000001,1,0.0
15028,441.16,28,3,2,0,0.0,441.16,147.05333333333334,3,0.0
18030,230.64999999999998,8,2,2,1,9.95,220.7,115.32499999999999,3,0.3333333333333333
14416,490.22,13,2,2,0,0.0,490.22,245.11,2,0.0
17839,318.15,50,1,1,0,0.0,318.15,318.15,1,0.0
16601,242.7,29,1,1,0,0.0,242.7,242.7,1,0.0
12912,1662.3,17,5,5,0,0.0,1662.3,332.46,5,0.0
13278,542.73,46,1,1,0,0.0,542.73,542.73,1,0.0
14582,114.11,6,1,1,0,0.0,114.11,114.11,1,0.0
15748,144.36,19,1,1,0,0.0,144.36,144.36,1,0.0
16079,1352.0,18,3,3,0,0.0,1352.0,450.6666666666667,3,0.0
15680,854.79,40,2,2,0,0.0,854.79,427.395,2,0.0
17590,1468.02,162,3,3,0,0.0,1468.02,489.34,3,0.0
15054,302.1,105,2,2,0,0.0,302.1,151.05,2,0.0
14158,507.66,41,1,1,0,0.0,507.66,507.66,1,0.0
15385,316.88,12,1,1,0,0.0,316.88,316.88,1,0.0
14723,666.71,139,3,3,0,0.0,666.71,222.23666666666668,3,0.0
16506,90.30000000000001,3,2,2,0,0.0,90.30000000000001,45.150000000000006,2,0.0
13822,632.0,90,2,2,0,0.0,632.0,316.0,2,0.0
18067,396.33,36,1,1,0,0.0,396.33,396.33,1,0.0
16190,215.08,6,1,1,0,0.0,215.08,215.08,1,0.0
15444,1411.21,191,2,2,0,0.0,1411.21,705.605,2,0.0
13607,675.51,93,1,1,0,0.0,675.51,675.51,1,0.0
15360,427.93,13,1,1,0,0.0,427.93,427.93,1,0.0
13103,243.94,8,1,1,0,0.0,243.94,243.94,1,0.0
15667,301.32,13,1,1,0,0.0,301.32,301.32,1,0.0
13651,94.2,6,2,2,0,0.0,94.2,47.1,2,0.0
17951,599.0400000000001,11,1,1,0,0.0,599.0400000000001,599.0400000000001,1,0.0
16127,656.25,40,1,1,0,0.0,656.25,656.25,1,0.0
15977,1054.73,48,2,2,0,0.0,1054.73,527.365,2,0.0
13697,151.29999999999998,12,1,1,0,0.0,151.29999999999998,151.29999999999998,1,0.0
14345,108.97999999999999,6,1,1,0,0.0,108.97999999999999,108.97999999999999,1,0.0
17503,558.96,36,2,2,0,0.0,558.96,279.48,2,0.0
16830,325.91,23,1,1,0,0.0,325.91,325.91,1,0.0
17495,497.56,21,2,2,0,0.0,497.56,248.78,2,0.0
14485,162.8,44,1,1,0,0.0,162.8,162.8,1,0.0
13868,3192.54,32,2,2,0,0.0,3192.54,1596.27,2,0.0
17812,506.51,91,3,3,0,0.0,506.51,168.83666666666667,3,0.0
15423,43.5,2,1,1,0,0.0,43.5,43.5,1,0.0
17668,347.75,14,2,2,0,0.0,347.75,173.875,2,0.0
16971,357.21,40,1,1,1,125.0,232.20999999999998,357.21,2,0.5
16352,494.44,28,2,2,0,0.0,494.44,247.22,2,0.0
16884,429.84000000000003,26,2,1,0,0.0,429.84000000000003,214.92000000000002,2,0.0
15830,576.0,39,1,1,1,28.3,547.7,576.0,2,0.5
14216,1839.3,47,4,4,0,0.0,1839.3,459.825,4,0.0
15275,615.14,41,1,1,1,5.95,609.19,615.14,2,0.5
16790,1545.6200000000001,88,6,6,2,25.5,1520.1200000000001,257.60333333333335,8,0.25
15576,921.37,43,1,1,0,0.0,921.37,921.37,1,0.0
18105,113.48000000000002,18,1,1,0,0.0,113.48000000000002,113.48000000000002,1,0.0
14673,1362.91,29,4,4,0,0.0,1362.91,340.7275,4,0.0
18164,399.65000000000003,24,1,1,1,4.95,394.7,399.65000000000003,2,0.5
14974,89.94,17,1,1,0,0.0,89.94,89.94,1,0.0
17947,176.68,9,1,1,0,0.0,176.68,176.68,1,0.0
16367,633.58,92,1,1,0,0.0,633.58,633.58,1,0.0
13318,640.76,14,3,3,0,0.0,640.76,213.58666666666667,3,0.0
18104,754.64,38,1,1,0,0.0,754.64,754.64,1,0.0
13271,211.49,79,1,1,1,39.12,172.37,211.49,2,0.5
17999,190.05,51,1,1,0,0.0,190.05,190.05,1,0.0
17595,386.69,68,2,2,0,0.0,386.69,193.345,2,0.0
14528,364.21999999999997,18,1,1,0,0.0,364.21999999999997,364.21999999999997,1,0.0
17432,365.76,44,2,2,0,0.0,365.76,182.88,2,0.0
16337,151.05,10,1,1,0,0.0,151.05,151.05,1,0.0
14098,147.35,21,1,1,0,0.0,147.35,147.35,1,0.0
15551,436.06,29,1,1,0,0.0,436.06,436.06,1,0.0
16347,847.45,61,2,2,0,0.0,847.45,423.725,2,0.0
13721,524.14,28,1,1,0,0.0,524.14,524.14,1,0.0
16322,326.75,28,2,2,0,0.0,326.75,163.375,2,0.0
17403,263.92,32,1,1,0,0.0,263.92,263.92,1,0.0
16914,183.76,25,1,1,0,0.0,183.76,183.76,1,0.0
16602,528.08,29,1,1,1,33.35,494.72999999999996,528.08,2,0.5
13914,626.45,28,2,2,1,12.5,613.95,313.225,3,0.3333333333333333
13467,1071.91,89,2,2,0,0.0,1071.91,535.955,2,0.0
17221,334.48,59,2,2,0,0.0,334.48,167.24,2,0.0
17078,378.2,28,2,1,0,0.0,378.2,189.1,2,0.0
14150,352.46000000000004,14,1,1,0,0.0,352.46000000000004,352.46000000000004,1,0.0
13447,1129.14,55,3,3,1,24.91,1104.23,376.38000000000005,4,0.25
12944,317.56,16,1,1,0,0.0,317.56,317.56,1,0.0
15010,308.94,20,1,1,0,0.0,308.94,308.94,1,0.0
18022,612.72,141,1,1,0,0.0,612.72,612.72,1,0.0
16318,328.15,19,1,1,0,0.0,328.15,328.15,1,0.0
17274,107.82,24,1,1,0,0.0,107.82,107.82,1,0.0
15597,324.57,22,1,1,1,8.850000000000001,315.71999999999997,324.57,2,0.5
17233,190.88,25,1,1,0,0.0,190.88,190.88,1,0.0
16887,192.32999999999998,35,1,1,0,0.0,192.32999999999998,192.32999999999998,1,0.0
13938,71.66,7,1,1,0,0.0,71.66,71.66,1,0.0
17084,2747.9900000000002,146,2,1,0,0.0,2747.9900000000002,1373.9950000000001,2,0.0
14882,589.7,6,2,2,0,0.0,589.7,294.85,2,0.0
15017,125.58,20,1,1,0,0.0,125.58,125.58,1,0.0
12882,1463.04,12,2,2,0,0.0,1463.04,731.52,2,0.0
17387,746.81,71,2,2,0,0.0,746.81,373.405,2,0.0
13727,333.48,19,2,2,0,0.0,333.48,166.74,2,0.0
12838,281.16,58,1,1,0,0.0,281.16,281.16,1,0.0
13532,210.31,66,1,1,0,0.0,210.31,210.31,1,0.0
16445,230.51,62,1,1,0,0.0,230.51,230.51,1,0.0
15156,961.49,51,3,3,0,0.0,961.49,320.49666666666667,3,0.0
16372,355.73,86,2,1,0,0.0,355.73,177.865,2,0.0
17608,191.99,54,2,1,0,0.0,191.99,95.995,2,0.0
14174,134.46,26,1,1,0,0.0,134.46,134.46,1,0.0
14039,152.2,6,1,1,0,0.0,152.2,152.2,1,0.0
13040,676.99,38,2,2,0,0.0,676.99,338.495,2,0.0
15883,396.48,42,2,2,0,0.0,396.48,198.24,2,0.0
14664,636.24,78,2,2,0,0.0,636.24,318.12,2,0.0
15526,148.44,4,2,1,0,0.0,148.44,74.22,2,0.0
17831,35.400000000000006,2,1,1,0,0.0,35.400000000000006,35.400000000000006,1,0.0
15025,361.96,66,1,1,0,0.0,361.96,361.96,1,0.0
17430,153.16,9,1,1,0,0.0,153.16,153.16,1,0.0
17761,712.78,19,1,1,0,0.0,712.78,712.78,1,0.0
15870,351.44,68,1,1,0,0.0,351.44,351.44,1,0.0
14080,45.599999999999994,4,1,1,0,0.0,45.599999999999994,45.599999999999994,1,0.0
17623,527.0500000000001,33,1,1,0,0.0,527.0500000000001,527.0500000000001,1,0.0
13673,387.44,47,2,2,0,0.0,387.44,193.72,2,0.0
14073,151.04,13,1,1,1,11.5,139.54,151.04,2,0.5
16070,852.15,32,2,2,0,0.0,852.15,426.075,2,0.0
13066,470.8,48,2,2,1,39.9,430.9,235.4,3,0.3333333333333333
14929,223.88,11,1,1,0,0.0,223.88,223.88,1,0.0
13710,180.48,8,1,1,0,0.0,180.48,180.48,1,0.0
16732,603.75,28,1,1,0,0.0,603.75,603.75,1,0.0
13329,484.79999999999995,10,1,1,0,0.0,484.79999999999995,484.79999999999995,1,0.0
17964,201.45,53,1,1,0,0.0,201.45,201.45,1,0.0
14140,935.05,60,2,2,1,15.0,920.05,467.525,3,0.3333333333333333
17219,114.23,24,1,1,0,0.0,114.23,114.23,1,0.0
16505,777.6,4,1,1,0,0.0,777.6,777.6,1,0.0
15957,428.89,40,1,1,0,0.0,428.89,428.89,1,0.0
18123,574.4399999999999,31,2,2,0,0.0,574.4399999999999,287.21999999999997,2,0.0
15043,537.0,3,1,1,0,0.0,537.0,537.0,1,0.0
16863,338.55,17,1,1,1,20.0,318.55,338.55,2,0.5
17313,2328.84,24,1,1,1,40.71,2288.13,2328.84,2,0.5
18216,481.75,26,1,1,0,0.0,481.75,481.75,1,0.0
17022,71.0,7,1,1,0,0.0,71.0,71.0,1,0.0
15153,329.25,22,1,1,0,0.0,329.25,329.25,1,0.0
16759,789.79,40,3,2,1,16.95,772.84,263.2633333333333,4,0.25
16751,1764.72,24,1,1,0,0.0,1764.72,1764.72,1,0.0
12893,176.55,27,1,1,0,0.0,176.55,176.55,1,0.0
14836,102.44999999999999,5,3,3,0,0.0,102.44999999999999,34.15,3,0.0
17011,270.9,15,1,1,0,0.0,270.9,270.9,1,0.0
17038,112.4,22,1,1,0,0.0,112.4,112.4,1,0.0
14968,147.59,37,1,1,0,0.0,147.59,147.59,1,0.0
16516,101.69999999999999,6,1,1,0,0.0,101.69999999999999,101.69999999999999,1,0.0
13522,125.80000000000001,5,1,1,0,0.0,125.80000000000001,125.80000000000001,1,0.0
15986,168.12,14,1,1,0,0.0,168.12,168.12,1,0.0
13992,76.8,5,1,1,0,0.0,76.8,76.8,1,0.0
14354,163.62,9,2,2,0,0.0,163.62,81.81,2,0.0
16986,1873.2,3,2,2,0,0.0,1873.2,936.6,2,0.0
16953,20.8,1,1,1,0,0.0,20.8,20.8,1,0.0
18274,175.92,11,1,1,1,175.92000000000002,1.7763568394002505e-15,175.92,2,0.5
15450,429.84,30,1,1,0,0.0,429.84,429.84,1,0.0
15531,1972.39,196,2,2,0,0.0,1972.39,986.195,2,0.0
17500,1138.0,3,3,3,0,0.0,1138.0,379.3333333333333,3,0.0
17197,1013.01,29,1,1,0,0.0,1013.01,1013.01,1,0.0
16025,439.65999999999997,28,1,1,0,0.0,439.65999999999997,439.65999999999997,1,0.0
17461,735.82,104,3,2,0,0.0,735.82,245.27333333333334,3,0.0
17791,106.1,10,1,1,0,0.0,106.1,106.1,1,0.0
15463,126.14,7,1,1,0,0.0,126.14,126.14,1,0.0
17977,288.14,19,1,1,0,0.0,288.14,288.14,1,0.0
14863,266.76,11,1,1,0,0.0,266.76,266.76,1,0.0
16903,363.2,50,1,1,0,0.0,363.2,363.2,1,0.0
17502,689.1,25,4,4,0,0.0,689.1,172.275,4,0.0
17901,110.38,19,1,1,0,0.0,110.38,110.38,1,0.0
14789,197.64,6,1,1,0,0.0,197.64,197.64,1,0.0
15965,652.6800000000001,77,3,2,0,0.0,652.6800000000001,217.56000000000003,3,0.0
18209,139.10000000000002,8,1,1,0,0.0,139.10000000000002,139.10000000000002,1,0.0
12985,1239.38,73,2,2,1,23.759999999999998,1215.6200000000001,619.69,3,0.3333333333333333
15557,468.91,16,1,1,0,0.0,468.91,468.91,1,0.0
16433,184.26,17,1,1,0,0.0,184.26,184.26,1,0.0
15692,191.04,12,1,1,0,0.0,191.04,191.04,1,0.0
17052,399.09,72,1,1,0,0.0,399.09,399.09,1,0.0
16368,479.91,58,2,2,0,0.0,479.91,239.955,2,0.0
18014,162.22,29,1,1,0,0.0,162.22,162.22,1,0.0
13732,491.86,33,1,1,0,0.0,491.86,491.86,1,0.0
13091,345.82,21,1,1,1,26.0,319.82,345.82,2,0.5
16560,509.23,36,1,1,1,24.900000000000002,484.33,509.23,2,0.5
14661,107.95,4,1,1,0,0.0,107.95,107.95,1,0.0
13170,108.81,29,1,1,0,0.0,108.81,108.81,1,0.0
15654,922.53,15,2,2,0,0.0,922.53,461.265,2,0.0
13146,228.91,16,1,1,0,0.0,228.91,228.91,1,0.0
14788,679.4399999999999,26,2,2,0,0.0,679.4399999999999,339.71999999999997,2,0.0
13603,164.34,27,1,1,0,0.0,164.34,164.34,1,0.0
14382,615.49,121,1,1,0,0.0,615.49,615.49,1,0.0
16720,152.95,25,1,1,0,0.0,152.95,152.95,1,0.0
14904,1025.44,66,2,2,0,0.0,1025.44,512.72,2,0.0
14494,139.56,7,1,1,0,0.0,139.56,139.56,1,0.0
14902,332.66,20,1,1,1,18.55,314.11,332.66,2,0.5
16936,261.9,56,1,1,0,0.0,261.9,261.9,1,0.0
12938,114.14,9,1,1,0,0.0,114.14,114.14,1,0.0
15168,106.56,5,1,1,0,0.0,106.56,106.56,1,0.0
17538,98.42,9,1,1,0,0.0,98.42,98.42,1,0.0
18082,680.84,62,1,1,0,0.0,680.84,680.84,1,0.0
18117,315.65,68,1,1,0,0.0,315.65,315.65,1,0.0
15458,161.64,7,1,1,0,0.0,161.64,161.64,1,0.0
17566,869.77,113,2,2,0,0.0,869.77,434.885,2,0.0
16207,394.38,19,1,1,0,0.0,394.38,394.38,1,0.0
17793,300.34,49,1,1,0,0.0,300.34,300.34,1,0.0
17044,948.48,6,1,1,1,15.95,932.53,948.48,2,0.5
14953,285.67,54,1,1,0,0.0,285.67,285.67,1,0.0
16504,465.88,76,1,1,0,0.0,465.88,465.88,1,0.0
16519,111.38,8,1,1,0,0.0,111.38,111.38,1,0.0
17235,208.16,19,1,1,0,0.0,208.16,208.16,1,0.0
15009,1259.43,148,3,3,0,0.0,1259.43,419.81,3,0.0
16423,346.12,18,1,1,0,0.0,346.12,346.12,1,0.0
15419,135.86,8,1,1,0,0.0,135.86,135.86,1,0.0
17510,308.48,20,1,1,0,0.0,308.48,308.48,1,0.0
15758,205.25,9,1,1,0,0.0,205.25,205.25,1,0.0
15524,440.0,1,1,1,0,0.0,440.0,440.0,1,0.0
14725,655.58,45,1,1,0,0.0,655.58,655.58,1,0.0
14666,195.25,14,1,1,0,0.0,195.25,195.25,1,0.0
14714,160.19,10,1,1,0,0.0,160.19,160.19,1,0.0
17153,213.78,14,1,1,0,0.0,213.78,213.78,1,0.0
12950,1843.0,13,3,3,0,0.0,1843.0,614.3333333333334,3,0.0
15720,598.73,128,1,1,0,0.0,598.73,598.73,1,0.0
14544,902.53,57,1,1,0,0.0,902.53,902.53,1,0.0
18181,366.85,40,1,1,0,0.0,366.85,366.85,1,0.0
15556,279.77,31,1,1,0,0.0,279.77,279.77,1,0.0
17357,384.39,41,2,1,0,0.0,384.39,192.195,2,0.0
12890,376.71999999999997,78,1,1,0,0.0,376.71999999999997,376.71999999999997,1,0.0
13449,291.88,19,1,1,0,0.0,291.88,291.88,1,0.0
15269,408.8,2,1,1,0,0.0,408.8,408.8,1,0.0
17198,170.56,17,1,1,0,0.0,170.56,170.56,1,0.0
14385,202.11,13,3,3,0,0.0,202.11,67.37,3,0.0
16916,365.98,85,1,1,0,0.0,365.98,365.98,1,0.0
15900,337.28,44,1,1,0,0.0,337.28,337.28,1,0.0
17680,184.4,11,1,1,0,0.0,184.4,184.4,1,0.0
13926,223.85000000000002,11,1,1,0,0.0,223.85000000000002,223.85000000000002,1,0.0
16204,384.18,45,1,1,0,0.0,384.18,384.18,1,0.0
17896,256.32,2,1,1,0,0.0,256.32,256.32,1,0.0
17835,342.24,45,3,3,0,0.0,342.24,114.08,3,0.0
15432,171.19,10,1,1,0,0.0,171.19,171.19,1,0.0
18006,444.68,21,1,1,0,0.0,444.68,444.68,1,0.0
15657,30.0,1,1,1,0,0.0,30.0,30.0,1,0.0
17237,314.69,18,2,2,0,0.0,314.69,157.345,2,0.0
13160,91.8,4,1,1,0,0.0,91.8,91.8,1,0.0
12847,843.64,72,1,1,0,0.0,843.64,843.64,1,0.0
17397,681.41,88,2,1,0,0.0,681.41,340.705,2,0.0
17985,631.35,20,1,1,0,0.0,631.35,631.35,1,0.0
14362,151.5,37,1,1,0,0.0,151.5,151.5,1,0.0
13828,209.49,15,1,1,0,0.0,209.49,209.49,1,0.0
15435,149.29,29,1,1,0,0.0,149.29,149.29,1,0.0
15983,326.75,32,1,1,0,0.0,326.75,326.75,1,0.0
16134,334.56,19,1,1,0,0.0,334.56,334.56,1,0.0
14641,110.46,7,1,1,0,0.0,110.46,110.46,1,0.0
17760,115.05,16,1,1,0,0.0,115.05,115.05,1,0.0
15621,1293.03,11,4,3,2,134.26000000000002,1158.77,323.2575,6,0.3333333333333333
18034,418.68,99,2,1,0,0.0,418.68,209.34,2,0.0
17286,151.37,44,1,1,0,0.0,151.37,151.37,1,0.0
17904,181.07,33,1,1,1,12.75,168.32,181.07,2,0.5
17301,163.24,59,1,1,0,0.0,163.24,163.24,1,0.0
15368,446.94000000000005,4,1,1,0,0.0,446.94000000000005,446.94000000000005,1,0.0
14793,228.99,14,1,1,1,14.850000000000001,214.14,228.99,2,0.5
17650,166.08,8,1,1,0,0.0,166.08,166.08,1,0.0
14881,255.4,17,1,1,0,0.0,255.4,255.4,1,0.0
15919,311.61,72,1,1,0,0.0,311.61,311.61,1,0.0
16784,107.6,3,1,1,0,0.0,107.6,107.6,1,0.0
14052,225.36,56,1,1,0,0.0,225.36,225.36,1,0.0
18110,198.8,33,1,1,1,30.25,168.55,198.8,2,0.5
17561,165.12,44,1,1,0,0.0,165.12,165.12,1,0.0
16411,83.15,22,1,1,0,0.0,83.15,83.15,1,0.0
15988,156.78,26,1,1,0,0.0,156.78,156.78,1,0.0
17523,652.74,25,4,3,0,0.0,652.74,163.185,4,0.0
14950,371.2,19,1,1,1,9.95,361.25,371.2,2,0.5
16666,118.98,32,1,1,0,0.0,118.98,118.98,1,0.0
14860,170.32,11,1,1,1,1.7,168.62,170.32,2,0.5
17636,285.56,20,1,1,1,19.630000000000003,265.93,285.56,2,0.5
13832,52.199999999999996,3,1,1,1,11.25,40.949999999999996,52.199999999999996,2,0.5
13142,307.09,23,1,1,0,0.0,307.09,307.09,1,0.0
16366,327.3,18,1,1,0,0.0,327.3,327.3,1,0.0
14300,43.2,3,1,1,0,0.0,43.2,43.2,1,0.0
15567,186.01,7,1,1,0,0.0,186.01,186.01,1,0.0
15645,612.01,50,1,1,0,0.0,612.01,612.01,1,0.0
16406,154.35,55,1,1,0,0.0,154.35,154.35,1,0.0
15857,297.0,14,1,1,0,0.0,297.0,297.0,1,0.0
12984,97.5,4,1,1,0,0.0,97.5,97.5,1,0.0
17253,178.26,18,1,1,0,0.0,178.26,178.26,1,0.0
13739,216.9,3,1,1,0,0.0,216.9,216.9,1,0.0
18139,8438.34,35,6,2,2,45.120000000000005,8393.22,1406.39,8,0.25
15274,716.57,44,2,2,0,0.0,716.57,358.285,2,0.0
17010,195.36,11,1,1,1,9.9,185.46,195.36,2,0.5
15115,340.11,21,1,1,0,0.0,340.11,340.11,1,0.0
17100,971.74,65,2,1,0,0.0,971.74,485.87,2,0.0
15699,309.65,18,1,1,0,0.0,309.65,309.65,1,0.0
13403,75.0,3,1,1,0,0.0,75.0,75.0,1,0.0
16956,308.74,16,1,1,1,16.4,292.34,308.74,2,0.5
17600,161.67000000000002,13,1,1,0,0.0,161.67000000000002,161.67000000000002,1,0.0
15877,490.33,122,2,2,1,52.5,437.83,245.165,3,0.3333333333333333
14424,322.08,1,1,1,0,0.0,322.08,322.08,1,0.0
15525,459.44,97,2,2,1,14.899999999999999,444.53999999999996,229.72,3,0.3333333333333333
13569,228.8,54,1,1,0,0.0,228.8,228.8,1,0.0
17371,326.26,78,2,1,0,0.0,326.26,163.13,2,0.0
13322,199.48000000000002,25,1,1,0,0.0,199.48000000000002,199.48000000000002,1,0.0
17297,128.18,49,1,1,0,0.0,128.18,128.18,1,0.0
13986,320.46,12,1,1,0,0.0,320.46,320.46,1,0.0
12920,162.78,27,1,1,0,0.0,162.78,162.78,1,0.0
18249,95.34,8,1,1,0,0.0,95.34,95.34,1,0.0
15634,243.55,15,1,1,0,0.0,243.55,243.55,1,0.0
16376,974.96,104,2,2,1,9.49,965.47,487.48,3,0.3333333333333333
16811,547.07,26,2,2,0,0.0,547.07,273.535,2,0.0
14581,138.6,16,1,1,0,0.0,138.6,138.6,1,0.0
14675,596.36,93,1,1,0,0.0,596.36,596.36,1,0.0
17290,513.01,92,2,2,0,0.0,513.01,256.505,2,0.0
16343,328.58,29,2,1,0,0.0,328.58,164.29,2,0.0
14987,163.2,2,1,1,0,0.0,163.2,163.2,1,0.0
16596,129.5,6,1,1,0,0.0,129.5,129.5,1,0.0
13638,122.64,8,1,1,0,0.0,122.64,122.64,1,0.0
16482,220.62,18,1,1,0,0.0,220.62,220.62,1,0.0
17458,316.5,52,1,1,0,0.0,316.5,316.5,1,0.0
14785,77.4,2,2,2,0,0.0,77.4,38.7,2,0.0
17254,271.19,100,2,2,0,0.0,271.19,135.595,2,0.0
17767,271.2,21,1,1,0,0.0,271.2,271.2,1,0.0
15725,415.25,32,1,1,0,0.0,415.25,415.25,1,0.0
17247,280.09000000000003,53,1,1,0,0.0,280.09000000000003,280.09000000000003,1,0.0
18184,49.8,1,1,1,0,0.0,49.8,49.8,1,0.0
15428,93.78,6,1,1,0,0.0,93.78,93.78,1,0.0
17727,1060.25,66,1,1,1,17.700000000000003,1042.55,1060.25,2,0.5
14756,738.96,38,1,1,0,0.0,738.96,738.96,1,0.0
13579,302.34,14,1,1,0,0.0,302.34,302.34,1,0.0
16856,35.400000000000006,2,1,1,0,0.0,35.400000000000006,35.400000000000006,1,0.0
14703,318.17,22,1,1,0,0.0,318.17,318.17,1,0.0
17385,256.11,42,1,1,0,0.0,256.11,256.11,1,0.0
15872,316.25,101,2,1,0,0.0,316.25,158.125,2,0.0
14966,183.02,35,1,1,0,0.0,183.02,183.02,1,0.0
17232,417.77,30,2,2,0,0.0,417.77,208.885,2,0.0
17468,137.0,5,2,2,0,0.0,137.0,68.5,2,0.0
13332,350.9,21,1,1,0,0.0,350.9,350.9,1,0.0
14946,100.9,3,1,1,0,0.0,100.9,100.9,1,0.0
13256,0.0,1,1,1,0,0.0,0.0,0.0,1,0.0
13596,664.11,133,2,2,0,0.0,664.11,332.055,2,0.0
18156,488.76,68,1,1,0,0.0,488.76,488.76,1,0.0
16024,251.03,61,1,1,0,0.0,251.03,251.03,1,0.0
14954,294.85,75,1,1,0,0.0,294.85,294.85,1,0.0
17885,156.34,50,1,1,0,0.0,156.34,156.34,1,0.0
14093,433.86,95,1,1,0,0.0,433.86,433.86,1,0.0
14893,1237.8500000000001,72,2,2,0,0.0,1237.8500000000001,618.9250000000001,2,0.0
15721,471.40000000000003,80,1,1,0,0.0,471.40000000000003,471.40000000000003,1,0.0
17852,114.34,21,2,1,0,0.0,114.34,57.17,2,0.0
13844,361.62,20,1,1,0,0.0,361.62,361.62,1,0.0
15540,213.3,15,1,1,0,0.0,213.3,213.3,1,0.0
17379,389.71999999999997,71,1,1,0,0.0,389.71999999999997,389.71999999999997,1,0.0
16800,1162.65,148,1,1,0,0.0,1162.65,1162.65,1,0.0
17806,546.04,43,1,1,0,0.0,546.04,546.04,1,0.0
13030,350.08,28,1,1,0,0.0,350.08,350.08,1,0.0
17359,127.86,13,1,1,0,0.0,127.86,127.86,1,0.0
13188,114.60000000000001,2,1,1,0,0.0,114.60000000000001,114.60000000000001,1,0.0
14480,279.05,13,1,1,0,0.0,279.05,279.05,1,0.0
13349,247.32,16,1,1,0,0.0,247.32,247.32,1,0.0
15619,336.40000000000003,3,1,1,0,0.0,336.40000000000003,336.40000000000003,1,0.0
15148,301.29,20,1,1,0,0.0,301.29,301.29,1,0.0
14601,213.96,7,1,1,0,0.0,213.96,213.96,1,0.0
15783,246.3,14,1,1,0,0.0,246.3,246.3,1,0.0
17772,173.45,50,2,1,0,0.0,173.45,86.725,2,0.0
13496,152.32,9,1,1,0,0.0,152.32,152.32,1,0.0
14126,706.1300000000001,14,3,2,1,62.5,643.6300000000001,235.3766666666667,4,0.25
16479,300.83,35,2,1,0,0.0,300.83,150.415,2,0.0
13428,201.78,70,1,1,0,0.0,201.78,201.78,1,0.0
15790,218.75,34,1,1,0,0.0,218.75,218.75,1,0.0
13521,1071.73,313,3,3,0,0.0,1071.73,357.24333333333334,3,0.0
14349,133.5,31,1,1,0,0.0,133.5,133.5,1,0.0
18058,170.16,3,1,1,0,0.0,170.16,170.16,1,0.0
12953,329.85,17,1,1,0,0.0,329.85,329.85,1,0.0
12966,160.18,10,1,1,0,0.0,160.18,160.18,1,0.0
13255,173.81,7,1,1,1,8.850000000000001,164.96,173.81,2,0.5
14448,273.0,2,1,1,0,0.0,273.0,273.0,1,0.0
15060,294.25,81,4,2,0,0.0,294.25,73.5625,4,0.0
17911,366.23,39,1,1,0,0.0,366.23,366.23,1,0.0
14804,353.27,12,1,1,0,0.0,353.27,353.27,1,0.0
15904,164.68,30,1,1,0,0.0,164.68,164.68,1,0.0
16789,80.8,5,1,1,0,0.0,80.8,80.8,1,0.0
17942,77.50000000000001,2,1,1,0,0.0,77.50000000000001,77.50000000000001,1,0.0
13560,171.42000000000002,32,1,1,0,0.0,171.42000000000002,171.42000000000002,1,0.0
14594,108.33,20,1,1,0,0.0,108.33,108.33,1,0.0
15539,538.46,41,1,1,0,0.0,538.46,538.46,1,0.0
13017,204.0,1,1,1,0,0.0,204.0,204.0,1,0.0
14865,15.0,1,1,1,0,0.0,15.0,15.0,1,0.0
18174,104.0,1,1,1,0,0.0,104.0,104.0,1,0.0
13153,486.22,15,1,1,0,0.0,486.22,486.22,1,0.0
15773,635.6800000000001,10,1,1,0,0.0,635.6800000000001,635.6800000000001,1,0.0
17936,380.13,68,1,1,0,0.0,380.13,380.13,1,0.0
16535,593.75,31,1,1,0,0.0,593.75,593.75,1,0.0
16988,126.12,7,1,1,0,0.0,126.12,126.12,1,0.0
14777,0.0,0,0,0,1,2.95,-2.95,0.0,1,1.0
15097,248.08,25,1,1,0,0.0,248.08,248.08,1,0.0
18015,120.03,46,1,1,0,0.0,120.03,120.03,1,0.0
16597,90.04,7,1,1,0,0.0,90.04,90.04,1,0.0
13790,348.8,45,1,1,0,0.0,348.8,348.8,1,0.0
13173,187.71,20,1,1,0,0.0,187.71,187.71,1,0.0
14219,89.94,7,1,1,0,0.0,89.94,89.94,1,0.0
17383,193.39000000000001,49,1,1,0,0.0,193.39000000000001,193.39000000000001,1,0.0
15992,41.989999999999995,3,1,1,0,0.0,41.989999999999995,41.989999999999995,1,0.0
15318,312.62,33,1,1,0,0.0,312.62,312.62,1,0.0
17914,329.36,72,1,1,0,0.0,329.36,329.36,1,0.0
16528,244.41,17,1,1,0,0.0,244.41,244.41,1,0.0
15822,445.27,17,1,1,0,0.0,445.27,445.27,1,0.0
16569,124.2,5,1,1,0,0.0,124.2,124.2,1,0.0
14578,168.63,24,1,1,0,0.0,168.63,168.63,1,0.0
16000,12393.7,9,3,1,0,0.0,12393.7,4131.233333333334,3,0.0
15195,3861.0,1,1,1,0,0.0,3861.0,3861.0,1,0.0
14087,191.47,61,1,1,1,12.75,178.72,191.47,2,0.5
14204,150.61,36,1,1,0,0.0,150.61,150.61,1,0.0
15471,454.48,67,1,1,0,0.0,454.48,454.48,1,0.0
13436,196.89,12,1,1,0,0.0,196.89,196.89,1,0.0
15520,343.5,18,1,1,0,0.0,343.5,343.5,1,0.0
13298,360.0,2,1,1,0,0.0,360.0,360.0,1,0.0
14569,227.39,10,1,1,0,0.0,227.39,227.39,1,0.0
