CustomerID,response,n_comp,loyalty,nps,n_communications,total_sales,unique_products,number_of_invoices,purchase_days,cancelled_invoices,cancellation_value,net_sales,average_order_value,total_invoice_activity,cancellation_rate,nps_category,has_cancellation
12346,1,2,1,7.0,8,77183.6,1,1,1,1,77183.6,0.0,77183.6,2,0.5,Passive,1
12747,0,1,1,3.0,3,3489.74,39,9,9,0,0.0,3489.74,387.74888888888887,9,0.0,Detractor,0
12748,1,0,1,9.0,6,28868.19,1602,175,100,12,4597.179999999999,24271.01,164.9610857142857,187,0.06417112299465241,Promoter,1
12749,0,4,1,2.0,5,4090.88,160,5,4,3,222.68,3868.2,818.176,8,0.375,Detractor,1
12820,0,4,1,2.0,2,942.34,55,4,4,0,0.0,942.34,235.585,4,0.0,Detractor,0
12821,1,2,1,5.0,7,92.72,6,1,1,0,0.0,92.72,92.72,1,0.0,Detractor,0
12822,1,1,1,6.0,6,948.88,41,2,2,1,29.9,918.98,474.44,3,0.3333333333333333,Detractor,1
12823,0,3,0,,3,1759.5,1,5,5,0,0.0,1759.5,351.9,5,0.0,,0
12824,0,3,1,2.0,3,397.12,25,1,1,0,0.0,397.12,397.12,1,0.0,Detractor,0
12826,0,5,1,8.0,6,1319.72,57,6,6,1,6.6,1313.1200000000001,219.95333333333335,7,0.14285714285714285,Passive,1
12827,0,4,1,0.0,8,430.15000000000003,19,3,3,0,0.0,430.15000000000003,143.38333333333335,3,0.0,Detractor,0
12828,1,4,1,4.0,2,1018.71,46,6,6,0,0.0,1018.71,169.785,6,0.0,Detractor,0
12829,1,5,1,2.0,8,207.25,6,1,1,1,39.95,167.3,207.25,2,0.5,Detractor,1
12830,0,3,1,7.0,3,6814.64,13,6,5,1,66.24,6748.4,1135.7733333333333,7,0.14285714285714285,Passive,1
12831,1,2,0,1.0,3,215.05,9,1,1,0,0.0,215.05,215.05,1,0.0,Detractor,0
12832,0,5,0,6.0,7,383.03,27,2,2,0,0.0,383.03,191.515,2,0.0,Detractor,0
12833,1,2,0,3.0,9,417.38,24,1,1,0,0.0,417.38,417.38,1,0.0,Detractor,0
12834,0,4,0,5.0,3,312.38,18,1,1,0,0.0,312.38,312.38,1,0.0,Detractor,0
12836,1,2,1,5.0,5,2610.36,148,4,4,0,0.0,2610.36,652.59,4,0.0,Detractor,0
12837,1,2,0,7.0,4,134.1,12,1,1,0,0.0,134.1,134.1,1,0.0,Passive,0
12838,0,4,0,4.0,6,281.16,58,1,1,0,0.0,281.16,281.16,1,0.0,Detractor,0
12839,0,4,0,4.0,7,4853.97,87,12,12,2,7.8,4846.17,404.4975,14,0.14285714285714285,Detractor,1
12840,1,2,0,8.0,4,2726.77,67,4,4,2,12.5,2714.27,681.6925,6,0.3333333333333333,Passive,1
12841,0,2,1,2.0,2,3485.59,208,23,22,1,145.95,3339.64,151.54739130434783,24,0.041666666666666664,Detractor,1
12842,1,3,1,4.0,7,1118.99,34,2,2,0,0.0,1118.99,559.495,2,0.0,Detractor,0
12843,1,2,0,7.0,8,1702.26,69,8,8,1,21.500000000000004,1680.76,212.7825,9,0.1111111111111111,Passive,1
12844,1,4,0,,6,325.96000000000004,47,2,2,0,0.0,325.96000000000004,162.98000000000002,2,0.0,,0
12845,0,3,1,3.0,5,354.09,26,4,4,0,0.0,354.09,88.5225,4,0.0,Detractor,0
12847,1,3,0,7.0,6,843.64,72,1,1,0,0.0,843.64,843.64,1,0.0,Passive,0
12849,1,3,1,1.0,6,1010.29,47,2,2,0,0.0,1010.29,505.145,2,0.0,Detractor,0
12851,1,1,1,4.0,2,131.81,43,1,1,0,0.0,131.81,131.81,1,0.0,Detractor,0
12852,0,2,1,5.0,8,311.55,17,1,1,1,11.8,299.75,311.55,2,0.5,Detractor,1
12853,1,3,1,10.0,4,1957.1000000000001,66,6,3,3,75.4,1881.7,326.18333333333334,9,0.3333333333333333,Promoter,1
12854,0,2,0,5.0,3,1316.25,95,3,3,2,35.35,1280.9,438.75,5,0.4,Detractor,1
12856,0,0,0,3.0,4,2170.78,155,6,6,2,17.25,2153.53,361.7966666666667,8,0.25,Detractor,1
12857,0,1,0,4.0,2,1106.4,37,2,2,0,0.0,1106.4,553.2,2,0.0,Detractor,0
12863,0,4,0,6.0,6,521.2,5,1,1,1,17.0,504.2,521.2,2,0.5,Detractor,1
12864,1,2,1,10.0,9,147.12,3,1,1,0,0.0,147.12,147.12,1,0.0,Promoter,0
12867,1,0,0,3.0,4,3646.55,219,6,6,2,42.35000000000001,3604.2,607.7583333333333,8,0.25,Detractor,1
12868,1,3,0,10.0,4,1403.76,62,5,5,0,0.0,1403.76,280.752,5,0.0,Promoter,0
12871,1,0,1,2.0,6,380.64,8,2,2,0,0.0,380.64,190.32,2,0.0,Detractor,0
12872,0,4,0,0.0,3,221.44,28,1,1,0,0.0,221.44,221.44,1,0.0,Detractor,0
12873,1,4,1,3.0,6,374.0,4,1,1,0,0.0,374.0,374.0,1,0.0,Detractor,0
12875,0,4,0,2.0,5,49.470000000000006,1,1,1,0,0.0,49.470000000000006,49.470000000000006,1,0.0,Detractor,0
12877,0,0,1,7.0,5,1385.71,94,11,11,0,0.0,1385.71,125.97363636363637,11,0.0,Passive,0
12878,0,3,0,1.0,4,854.99,38,2,2,1,13.35,841.64,427.495,3,0.3333333333333333,Detractor,1
12879,0,3,1,7.0,9,573.22,7,3,3,1,20.650000000000002,552.5699999999999,191.07333333333335,4,0.25,Passive,1
12881,0,5,0,1.0,2,298.0,7,1,1,0,0.0,298.0,298.0,1,0.0,Detractor,0
12882,0,5,1,6.0,6,1463.04,12,2,2,0,0.0,1463.04,731.52,2,0.0,Detractor,0
12883,1,0,1,7.0,5,703.47,39,4,2,0,0.0,703.47,175.8675,4,0.0,Passive,0
12884,1,2,1,1.0,8,309.05,7,1,1,0,0.0,309.05,309.05,1,0.0,Detractor,0
12885,1,2,1,3.0,8,1175.22,66,3,2,1,16.95,1158.27,391.74,4,0.25,Detractor,1
12886,1,3,1,7.0,6,1378.4,75,2,2,1,27.310000000000002,1351.09,689.2,3,0.3333333333333333,Passive,1
12888,1,4,1,2.0,7,354.12,4,2,2,2,40.349999999999994,313.77,177.06,4,0.5,Detractor,1
12890,1,2,1,2.0,8,376.71999999999997,78,1,1,0,0.0,376.71999999999997,376.71999999999997,1,0.0,Detractor,0
12891,1,0,0,2.0,5,331.0,2,3,3,0,0.0,331.0,110.33333333333333,3,0.0,Detractor,0
12893,1,1,1,3.0,9,176.55,27,1,1,0,0.0,176.55,176.55,1,0.0,Detractor,0
12895,0,4,1,1.0,6,372.8,22,2,2,1,25.5,347.3,186.4,3,0.3333333333333333,Detractor,1
12897,0,1,1,5.0,4,216.5,3,2,2,0,0.0,216.5,108.25,2,0.0,Detractor,0
12901,0,2,1,4.0,4,17654.54,30,28,23,8,1361.44,16293.1,630.5192857142857,36,0.2222222222222222,Detractor,1
12902,0,3,1,1.0,4,138.68,10,1,1,0,0.0,138.68,138.68,1,0.0,Detractor,0
12904,0,2,1,1.0,3,496.06,59,2,2,0,0.0,496.06,248.03,2,0.0,Detractor,0
12906,0,0,1,6.0,7,2919.81,55,5,2,0,0.0,2919.81,583.962,5,0.0,Detractor,0
12908,1,1,1,10.0,5,750.0,1,2,2,2,504.0,246.0,375.0,4,0.5,Promoter,1
12909,0,3,1,4.0,7,2178.67,78,5,4,3,49.84,2128.83,435.73400000000004,8,0.375,Detractor,1
12910,0,4,1,1.0,5,3075.04,48,8,6,0,0.0,3075.04,384.38,8,0.0,Detractor,0
12912,0,2,0,3.0,2,1662.3,17,5,5,0,0.0,1662.3,332.46,5,0.0,Detractor,0
12913,1,5,0,6.0,3,2066.01,36,4,4,0,0.0,2066.01,516.5025,4,0.0,Detractor,0
12915,1,2,1,8.0,3,164.0,9,1,1,0,0.0,164.0,164.0,1,0.0,Passive,0
12916,1,5,0,6.0,2,2944.95,53,4,4,1,23.799999999999997,2921.15,736.2375,5,0.2,Detractor,1
12917,0,2,1,8.0,8,594.0,2,1,1,0,0.0,594.0,594.0,1,0.0,Passive,0
12919,0,1,0,4.0,5,1335.19,34,6,6,2,33.75,1301.44,222.53166666666667,8,0.25,Detractor,1
12920,1,1,1,6.0,5,162.78,27,1,1,0,0.0,162.78,162.78,1,0.0,Detractor,0
12921,0,5,1,8.0,6,15899.29,227,35,21,13,197.35000000000005,15701.94,454.2654285714286,48,0.2708333333333333,Passive,1
12922,0,2,1,8.0,9,405.38,28,1,1,0,0.0,405.38,405.38,1,0.0,Passive,0
12923,1,1,1,8.0,8,172.82,28,1,1,0,0.0,172.82,172.82,1,0.0,Passive,0
12924,1,0,1,7.0,7,933.7,22,4,4,1,3.75,929.95,233.425,5,0.2,Passive,1
12925,1,2,1,8.0,8,694.05,42,2,2,0,0.0,694.05,347.025,2,0.0,Passive,0
12928,1,2,0,5.0,6,1670.3600000000001,47,4,4,0,0.0,1670.3600000000001,417.59000000000003,4,0.0,Detractor,0
12929,0,2,0,3.0,9,117.85,8,1,1,1,12.75,105.1,117.85,2,0.5,Detractor,1
12930,0,2,0,1.0,6,415.8,20,2,2,2,5.9,409.9,207.9,4,0.5,Detractor,1
12931,0,5,0,0.0,5,41878.96,28,13,11,5,8593.150000000001,33285.81,3221.4584615384615,18,0.2777777777777778,Detractor,1
12933,1,2,0,1.0,4,607.53,102,3,3,1,1.25,606.28,202.51,4,0.25,Detractor,1
12935,1,1,1,8.0,7,2160.7,80,7,6,1,4.25,2156.45,308.6714285714285,8,0.125,Passive,1
12936,0,3,1,6.0,3,1063.9,56,4,3,1,51.0,1012.9,265.975,5,0.2,Detractor,1
12937,1,4,1,3.0,8,1504.27,81,4,4,0,0.0,1504.27,376.0675,4,0.0,Detractor,0
12938,1,2,1,3.0,6,114.14,9,1,1,0,0.0,114.14,114.14,1,0.0,Detractor,0
12939,1,4,1,10.0,7,11581.8,21,8,6,0,0.0,11581.8,1447.725,8,0.0,Promoter,0
12940,1,3,1,10.0,7,899.69,87,2,2,2,37.25,862.44,449.845,4,0.5,Promoter,1
12942,1,5,1,8.0,6,416.85,54,2,2,0,0.0,416.85,208.425,2,0.0,Passive,0
12943,1,5,0,8.0,8,0.0,0,0,0,1,3.75,-3.75,0.0,1,1.0,Passive,1
12944,0,5,1,3.0,2,317.56,16,1,1,0,0.0,317.56,317.56,1,0.0,Detractor,0
12945,1,3,0,0.0,3,462.95,23,1,1,0,0.0,462.95,462.95,1,0.0,Detractor,0
12947,1,3,0,9.0,7,1299.95,68,5,5,4,166.84999999999997,1133.1,259.99,9,0.4444444444444444,Promoter,1
12948,0,3,1,2.0,5,2064.95,82,7,7,1,11.25,2053.7,294.99285714285713,8,0.125,Detractor,1
12949,0,3,1,6.0,2,4167.22,166,8,5,2,24.2,4143.02,520.9025,10,0.2,Detractor,1
12950,1,5,0,3.0,4,1843.0,13,3,3,0,0.0,1843.0,614.3333333333334,3,0.0,Detractor,0
12951,0,5,0,5.0,3,1064.07,53,6,6,2,22.0,1042.07,177.345,8,0.25,Detractor,1
12952,0,0,1,1.0,8,1387.79,64,4,3,1,4.95,1382.8400000000001,346.9475,5,0.2,Detractor,1
12953,0,2,0,6.0,7,329.85,17,1,1,0,0.0,329.85,329.85,1,0.0,Detractor,0
12955,0,1,1,8.0,6,4757.16,81,11,11,3,22.9,4734.26,432.4690909090909,14,0.21428571428571427,Passive,1
12956,1,1,0,10.0,2,108.07,19,1,1,0,0.0,108.07,108.07,1,0.0,Promoter,0
12957,0,4,1,3.0,8,4017.54,208,8,7,4,38.5,3979.04,502.1925,12,0.3333333333333333,Detractor,1
12962,0,0,1,6.0,3,266.39,15,2,2,0,0.0,266.39,133.195,2,0.0,Detractor,0
12963,0,5,1,6.0,7,1490.83,64,7,6,1,15.6,1475.23,212.97571428571428,8,0.125,Detractor,1
12965,0,4,1,1.0,6,769.8100000000001,108,1,1,0,0.0,769.8100000000001,769.8100000000001,1,0.0,Detractor,0
12966,0,4,0,8.0,6,160.18,10,1,1,0,0.0,160.18,160.18,1,0.0,Passive,0
12967,0,1,1,7.0,6,0.0,0,0,0,2,466.15000000000003,-466.15,0.0,2,1.0,Passive,1
12968,0,2,0,2.0,2,135.95,5,1,1,0,0.0,135.95,135.95,1,0.0,Detractor,0
12970,0,4,0,5.0,8,405.47,116,4,2,0,0.0,405.47,101.3675,4,0.0,Detractor,0
12971,0,5,0,7.0,6,10753.72,88,81,66,1,220.15,10533.57,132.76197530864198,82,0.012195121951219513,Passive,1
12974,1,4,1,8.0,5,144.8,8,1,1,0,0.0,144.8,144.8,1,0.0,Passive,0
12976,1,4,0,5.0,5,738.6,22,1,1,0,0.0,738.6,738.6,1,0.0,Detractor,0
12977,1,3,1,2.0,5,39.239999999999995,9,1,1,0,0.0,39.239999999999995,39.239999999999995,1,0.0,Detractor,0
12980,1,4,0,6.0,9,6485.58,5,8,8,2,213.09000000000003,6272.49,810.6975,10,0.2,Detractor,1
12981,0,0,1,3.0,8,372.21999999999997,12,2,2,0,0.0,372.21999999999997,186.10999999999999,2,0.0,Detractor,0
12982,0,1,0,3.0,4,390.54,28,1,1,1,13.34,377.2,390.54,2,0.5,Detractor,1
12984,1,5,1,5.0,7,97.5,4,1,1,0,0.0,97.5,97.5,1,0.0,Detractor,0
12985,0,3,0,5.0,3,1239.38,73,2,2,1,23.759999999999998,1215.6200000000001,619.69,3,0.3333333333333333,Detractor,1
12987,1,1,1,9.0,4,558.7,27,2,2,1,13.7,545.0,279.35,3,0.3333333333333333,Promoter,1
12988,0,4,0,5.0,3,505.82,75,1,1,0,0.0,505.82,505.82,1,0.0,Detractor,0
12989,0,3,1,3.0,4,6721.610000000001,41,14,12,4,69.6,6652.01,480.11500000000007,18,0.2222222222222222,Detractor,1
12990,0,4,1,0.0,7,409.5,8,3,3,0,0.0,409.5,136.5,3,0.0,Detractor,0
12991,1,3,1,3.0,5,503.76,31,2,2,0,0.0,503.76,251.88,2,0.0,Detractor,0
12993,0,4,1,7.0,3,414.76,26,4,4,0,0.0,414.76,103.69,4,0.0,Passive,0
12994,1,3,0,2.0,6,974.4200000000001,52,3,3,2,72.2,902.22,324.8066666666667,5,0.4,Detractor,1
12995,0,3,1,4.0,3,211.32,3,1,1,1,10.6,200.72,211.32,2,0.5,Detractor,1
12997,0,1,1,7.0,5,1226.89,45,4,4,3,28.950000000000003,1197.94,306.7225,7,0.42857142857142855,Passive,1
12999,1,4,0,4.0,4,455.88,25,3,3,0,0.0,455.88,151.96,3,0.0,Detractor,0
13000,0,1,1,2.0,4,333.1,20,2,2,0,0.0,333.1,166.55,2,0.0,Detractor,0
13001,0,1,1,5.0,2,9785.970000000001,166,13,13,2,20.9,9765.07,752.7669230769231,15,0.13333333333333333,Detractor,1
13002,0,3,1,8.0,5,120.94999999999999,7,1,1,0,0.0,120.94999999999999,120.94999999999999,1,0.0,Passive,0
13003,0,4,0,1.0,5,149.05,4,3,3,0,0.0,149.05,49.68333333333334,3,0.0,Detractor,0
13004,0,3,0,4.0,4,5298.9,266,17,16,4,42.480000000000004,5256.42,311.7,21,0.19047619047619047,Detractor,1
13005,0,1,0,8.0,5,513.7,21,2,2,1,44.75,468.95,256.85,3,0.3333333333333333,Passive,1
13006,0,5,1,5.0,2,81.57,4,1,1,0,0.0,81.57,81.57,1,0.0,Detractor,0
13008,1,2,1,7.0,4,229.46999999999997,14,1,1,0,0.0,229.46999999999997,229.46999999999997,1,0.0,Passive,0
13012,0,0,0,6.0,9,1646.8400000000001,67,8,8,3,350.22,1296.6200000000001,205.85500000000002,11,0.2727272727272727,Detractor,1
13013,1,4,1,3.0,3,3282.6,109,11,11,2,23.95,3258.65,298.41818181818184,13,0.15384615384615385,Detractor,1
13014,1,0,1,9.0,6,3466.2799999999997,67,10,10,6,100.85000000000001,3365.43,346.628,16,0.375,Promoter,1
13015,1,4,0,10.0,5,3339.64,156,5,4,0,0.0,3339.64,667.928,5,0.0,Promoter,0
13016,1,1,0,5.0,7,789.89,39,3,2,0,0.0,789.89,263.2966666666667,3,0.0,Detractor,0
13017,0,2,0,5.0,5,204.0,1,1,1,0,0.0,204.0,204.0,1,0.0,Detractor,0
13018,1,2,1,5.0,5,7277.7,313,28,20,1,4.95,7272.75,259.91785714285714,29,0.034482758620689655,Detractor,1
13021,0,2,1,2.0,2,2459.03,100,8,7,2,11.7,2447.33,307.37875,10,0.2,Detractor,1
13023,0,5,0,5.0,9,689.9,36,2,2,0,0.0,689.9,344.95,2,0.0,Detractor,0
13026,1,2,1,6.0,6,975.36,32,5,5,3,39.21,936.15,195.072,8,0.375,Detractor,1
13027,0,1,0,2.0,3,5472.0,6,5,5,0,0.0,5472.0,1094.4,5,0.0,Detractor,0
13028,0,0,0,5.0,6,661.3199999999999,40,2,2,1,1.6400000000000001,659.68,330.65999999999997,3,0.3333333333333333,Detractor,1
13029,0,4,0,8.0,8,865.0,8,2,2,0,0.0,865.0,432.5,2,0.0,Passive,0
13030,1,4,1,9.0,6,350.08,28,1,1,0,0.0,350.08,350.08,1,0.0,Promoter,0
13032,1,2,1,7.0,8,1010.18,55,2,2,1,13.66,996.52,505.09,3,0.3333333333333333,Passive,1
13034,0,0,0,2.0,2,476.90999999999997,26,1,1,0,0.0,476.90999999999997,476.90999999999997,1,0.0,Detractor,0
13035,0,0,0,2.0,2,921.88,23,2,2,1,35.25,886.63,460.94,3,0.3333333333333333,Detractor,1
13037,0,3,0,2.0,3,881.07,44,3,3,0,0.0,881.07,293.69,3,0.0,Detractor,0
13038,0,1,0,3.0,4,908.46,24,3,3,0,0.0,908.46,302.82,3,0.0,Detractor,0
13040,1,0,0,8.0,8,676.99,38,2,2,0,0.0,676.99,338.495,2,0.0,Passive,0
13043,1,4,0,8.0,6,516.42,13,1,1,1,44.849999999999994,471.57,516.42,2,0.5,Passive,1
13044,1,4,1,9.0,5,560.47,33,1,1,0,0.0,560.47,560.47,1,0.0,Promoter,0
13045,0,3,0,8.0,3,305.28000000000003,18,1,1,0,0.0,305.28000000000003,305.28000000000003,1,0.0,Passive,0
13046,0,4,0,2.0,6,629.31,33,2,2,0,0.0,629.31,314.655,2,0.0,Detractor,0
13047,0,0,1,6.0,7,2870.91,100,7,7,8,158.44,2712.4700000000003,410.13,15,0.5333333333333333,Detractor,1
13048,0,0,0,7.0,8,1819.41,77,4,4,1,30.0,1789.41,454.8525,5,0.2,Passive,1
13049,1,4,0,5.0,5,656.6800000000001,14,2,2,0,0.0,656.6800000000001,328.34000000000003,2,0.0,Detractor,0
13050,0,3,0,5.0,5,4636.99,216,13,13,9,132.45,4504.54,356.69153846153847,22,0.4090909090909091,Detractor,1
13052,1,1,1,3.0,2,348.15000000000003,18,1,1,0,0.0,348.15000000000003,348.15000000000003,1,0.0,Detractor,0
13055,0,3,1,5.0,5,1214.41,74,3,2,1,12.450000000000001,1201.96,404.80333333333334,4,0.25,Detractor,1
13058,0,3,0,4.0,8,271.40000000000003,5,3,3,0,0.0,271.40000000000003,90.46666666666668,3,0.0,Detractor,0
13059,1,2,0,9.0,5,183.4,8,1,1,0,0.0,183.4,183.4,1,0.0,Promoter,0
13060,0,3,1,1.0,4,307.53,15,1,1,0,0.0,307.53,307.53,1,0.0,Detractor,0
13061,0,3,0,3.0,3,248.61,10,1,1,0,0.0,248.61,248.61,1,0.0,Detractor,0
13062,1,3,1,6.0,4,346.98,11,1,1,0,0.0,346.98,346.98,1,0.0,Detractor,0
13064,0,5,1,1.0,3,1105.59,51,4,4,0,0.0,1105.59,276.3975,4,0.0,Detractor,0
13066,0,4,1,1.0,5,470.8,48,2,2,1,39.9,430.9,235.4,3,0.3333333333333333,Detractor,1
13067,0,1,1,2.0,2,115.46000000000001,14,1,1,0,0.0,115.46000000000001,115.46000000000001,1,0.0,Detractor,0
13068,1,0,0,6.0,4,344.0,1,2,2,0,0.0,344.0,172.0,2,0.0,Detractor,0
13069,1,3,1,6.0,6,3787.32,214,20,18,3,718.3000000000002,3069.02,189.366,23,0.13043478260869565,Detractor,1
13070,0,4,1,8.0,8,228.8,9,1,1,0,0.0,228.8,228.8,1,0.0,Passive,0
13072,1,3,0,8.0,8,177.15,7,1,1,0,0.0,177.15,177.15,1,0.0,Passive,0
13075,0,2,1,2.0,6,919.61,22,1,1,0,0.0,919.61,919.61,1,0.0,Detractor,0
13077,0,3,1,8.0,7,414.3,87,3,2,0,0.0,414.3,138.1,3,0.0,Passive,0
13078,1,1,1,0.0,7,11746.78,93,24,23,15,187.75999999999996,11559.02,489.4491666666667,39,0.38461538461538464,Detractor,1
13079,0,1,0,2.0,6,220.10000000000002,2,5,5,0,0.0,220.10000000000002,44.02,5,0.0,Detractor,0
13080,0,3,1,3.0,8,58.08,6,1,1,0,0.0,58.08,58.08,1,0.0,Detractor,0
13081,1,0,0,4.0,7,25970.6,482,9,8,10,372.9,25597.7,2885.6222222222223,19,0.5263157894736842,Detractor,1
13082,0,1,1,5.0,8,3613.63,63,9,7,1,18.15,3595.48,401.51444444444445,10,0.1,Detractor,1
13083,0,5,0,5.0,5,303.75,15,2,2,0,0.0,303.75,151.875,2,0.0,Detractor,0
13085,0,3,0,0.0,3,416.08000000000004,17,2,2,1,143.7,272.38,208.04000000000002,3,0.3333333333333333,Detractor,1
13089,0,4,1,6.0,3,52808.87,623,89,61,19,1319.95,51488.92,593.3580898876405,108,0.17592592592592593,Detractor,1
13090,0,1,0,2.0,3,7902.42,97,11,11,4,221.43000000000004,7680.99,718.4018181818182,15,0.26666666666666666,Detractor,1
13091,0,3,1,0.0,8,345.82,21,1,1,1,26.0,319.82,345.82,2,0.5,Detractor,1
13092,0,4,1,6.0,4,292.38,16,4,4,1,18.0,274.38,73.095,5,0.2,Detractor,1
13093,0,3,0,3.0,4,4036.96,83,5,5,5,91.0,3945.96,807.392,10,0.5,Detractor,1
13094,0,5,0,2.0,4,1703.64,4,11,11,4,218.46000000000004,1485.18,154.87636363636364,15,0.26666666666666666,Detractor,1
13095,0,4,1,6.0,3,74.39999999999999,6,1,1,0,0.0,74.39999999999999,74.39999999999999,1,0.0,Detractor,0
13097,0,1,0,8.0,4,5698.32,211,9,8,4,117.10000000000001,5581.22,633.1466666666666,13,0.3076923076923077,Passive,1
13098,0,4,1,7.0,5,28882.44,156,28,26,13,223.56,28658.88,1031.5157142857142,41,0.3170731707317073,Passive,1
13099,1,2,0,9.0,2,207.35999999999999,1,1,1,0,0.0,207.35999999999999,207.35999999999999,1,0.0,Promoter,0
13101,1,2,1,5.0,2,101.19,8,1,1,0,0.0,101.19,101.19,1,0.0,Detractor,0
13102,1,1,1,0.0,8,5750.17,133,22,18,3,87.8,5662.37,261.37136363636364,25,0.12,Detractor,1
13103,0,3,1,5.0,5,243.94,8,1,1,0,0.0,243.94,243.94,1,0.0,Detractor,0
13104,1,3,1,5.0,5,996.72,13,5,5,0,0.0,996.72,199.344,5,0.0,Detractor,0
13106,1,2,0,8.0,4,76.5,1,1,1,1,17.0,59.5,76.5,2,0.5,Passive,1
13107,1,3,1,2.0,8,1531.6200000000001,54,4,4,1,7.550000000000001,1524.07,382.90500000000003,5,0.2,Detractor,1
13109,1,4,1,6.0,5,786.54,41,2,2,3,19.700000000000003,766.84,393.27,5,0.6,Detractor,1
13110,1,4,1,1.0,2,1488.67,109,7,6,1,35.8,1452.8700000000001,212.66714285714286,8,0.125,Detractor,1
13113,0,4,1,2.0,7,11872.99,92,23,22,15,1704.11,10168.880000000001,516.2169565217391,38,0.39473684210526316,Detractor,1
13115,0,3,0,4.0,3,2294.78,88,4,4,9,84.15,2210.63,573.695,13,0.6923076923076923,Detractor,1
13116,1,3,1,3.0,6,501.14,30,1,1,1,15.95,485.19,501.14,2,0.5,Detractor,1
13117,1,4,0,9.0,3,596.76,46,6,6,0,0.0,596.76,99.46,6,0.0,Promoter,0
13118,0,1,0,4.0,3,1197.81,68,5,4,2,72.81,1125.0,239.56199999999998,7,0.2857142857142857,Detractor,1
13120,1,4,1,9.0,8,30.599999999999998,1,1,1,0,0.0,30.599999999999998,30.599999999999998,1,0.0,Promoter,0
13121,0,3,0,4.0,5,283.73,50,1,1,1,29.0,254.73,283.73,2,0.5,Detractor,1
13122,1,2,0,1.0,7,922.39,54,2,2,0,0.0,922.39,461.195,2,0.0,Detractor,0
13124,1,3,1,6.0,7,2500.01,146,2,2,0,0.0,2500.01,1250.005,2,0.0,Detractor,0
13126,0,1,1,5.0,8,1876.2,117,6,6,2,43.349999999999994,1832.85,312.7,8,0.25,Detractor,1
13127,1,3,1,2.0,6,259.17,15,1,1,0,0.0,259.17,259.17,1,0.0,Detractor,0
13130,1,5,0,3.0,3,64.0,2,1,1,0,0.0,64.0,64.0,1,0.0,Detractor,0
13131,1,3,1,4.0,6,1073.3,30,3,3,1,34.0,1039.3,357.76666666666665,4,0.25,Detractor,1
13132,1,2,0,8.0,8,77.3,3,1,1,0,0.0,77.3,77.3,1,0.0,Passive,0
13133,0,3,0,6.0,5,109.8,7,2,2,0,0.0,109.8,54.9,2,0.0,Detractor,0
13134,1,4,1,8.0,4,1793.58,94,4,4,3,52.95,1740.63,448.395,7,0.42857142857142855,Passive,1
13135,0,2,1,3.0,8,3096.0,1,1,1,0,0.0,3096.0,3096.0,1,0.0,Detractor,0
13136,0,3,0,3.0,2,2607.61,94,5,4,5,42.13000000000001,2565.48,521.522,10,0.5,Detractor,1
13137,0,3,1,7.0,4,3603.29,345,8,8,1,45.33,3557.96,450.41125,9,0.1111111111111111,Passive,1
13138,1,1,1,10.0,9,769.16,24,5,5,0,0.0,769.16,153.832,5,0.0,Promoter,0
13139,1,2,0,8.0,5,5064.94,132,7,6,1,9.15,5055.79,723.5628571428571,8,0.125,Passive,1
13140,0,5,0,6.0,2,264.21,26,2,2,0,0.0,264.21,132.105,2,0.0,Detractor,0
13141,0,3,1,7.0,6,2388.75,113,5,4,1,2.95,2385.8,477.75,6,0.16666666666666666,Passive,1
13142,0,3,1,7.0,2,307.09,23,1,1,0,0.0,307.09,307.09,1,0.0,Passive,0
13144,0,4,1,4.0,4,110.95,3,1,1,0,0.0,110.95,110.95,1,0.0,Detractor,0
13145,0,0,0,0.0,9,323.52000000000004,4,3,3,1,3.75,319.77000000000004,107.84000000000002,4,0.25,Detractor,1
13146,0,3,0,6.0,6,228.91,16,1,1,0,0.0,228.91,228.91,1,0.0,Detractor,0
13147,0,2,0,1.0,7,712.8000000000001,1,4,4,0,0.0,712.8000000000001,178.20000000000002,4,0.0,Detractor,0
13148,0,0,0,3.0,7,3373.86,221,11,6,4,316.59,3057.27,306.7145454545455,15,0.26666666666666666,Detractor,1
13149,0,3,0,4.0,3,1676.06,76,4,4,0,0.0,1676.06,419.015,4,0.0,Detractor,0
13151,0,1,0,1.0,5,1257.8700000000001,73,1,1,1,7.5,1250.3700000000001,1257.8700000000001,2,0.5,Detractor,1
13153,0,3,0,6.0,8,486.22,15,1,1,0,0.0,486.22,486.22,1,0.0,Detractor,0
13154,0,5,0,6.0,7,0.0,0,0,0,1,611.86,-611.86,0.0,1,1.0,Detractor,1
13155,0,5,1,6.0,3,592.06,26,3,3,0,0.0,592.06,197.35333333333332,3,0.0,Detractor,0
13157,0,2,0,8.0,8,1741.22,69,4,4,1,19.65,1721.57,435.305,5,0.2,Passive,1
13158,0,2,0,3.0,5,1201.06,59,4,4,0,0.0,1201.06,300.265,4,0.0,Detractor,0
13159,0,2,0,5.0,3,1429.35,114,4,4,1,58.10000000000001,1371.25,357.3375,5,0.2,Detractor,1
13160,0,2,0,6.0,4,91.8,4,1,1,0,0.0,91.8,91.8,1,0.0,Detractor,0
13161,0,4,0,5.0,8,112.75,8,1,1,0,0.0,112.75,112.75,1,0.0,Detractor,0
13162,0,2,1,3.0,5,1688.29,74,4,4,1,43.3,1644.99,422.0725,5,0.2,Detractor,1
13165,0,3,1,3.0,8,666.84,29,1,1,0,0.0,666.84,666.84,1,0.0,Detractor,0
13166,0,3,0,4.0,7,417.2,39,1,1,1,2.5,414.7,417.2,2,0.5,Detractor,1
13167,0,0,1,0.0,9,791.33,51,4,4,0,0.0,791.33,197.8325,4,0.0,Detractor,0
13168,0,4,1,4.0,6,1299.59,102,4,4,1,9.05,1290.54,324.8975,5,0.2,Detractor,1
13169,0,4,0,5.0,9,712.88,11,2,2,0,0.0,712.88,356.44,2,0.0,Detractor,0
13170,0,1,0,8.0,6,108.81,29,1,1,0,0.0,108.81,108.81,1,0.0,Passive,0
13171,0,2,1,6.0,7,468.41,37,3,3,2,41.6,426.81,156.13666666666668,5,0.4,Detractor,1
13173,0,4,0,2.0,3,187.71,20,1,1,0,0.0,187.71,187.71,1,0.0,Detractor,0
13174,0,4,0,2.0,9,1373.76,130,2,2,0,0.0,1373.76,686.88,2,0.0,Detractor,0
13176,0,5,1,8.0,3,481.49,66,1,1,0,0.0,481.49,481.49,1,0.0,Passive,0
13177,1,1,1,7.0,4,282.45,17,1,1,0,0.0,282.45,282.45,1,0.0,Passive,0
13178,0,3,1,2.0,4,5015.47,88,10,10,0,0.0,5015.47,501.547,10,0.0,Detractor,0
13182,0,3,0,3.0,3,121.18,11,1,1,0,0.0,121.18,121.18,1,0.0,Detractor,0
13183,1,1,0,1.0,8,3957.78,51,9,9,0,0.0,3957.78,439.75333333333333,9,0.0,Detractor,0
13184,1,4,0,7.0,7,1668.95,138,10,9,2,52.5,1616.45,166.895,12,0.16666666666666666,Passive,1
13185,1,0,1,7.0,8,71.4,1,1,1,0,0.0,71.4,71.4,1,0.0,Passive,0
13186,0,1,1,0.0,7,1575.89,69,3,3,2,36.2,1539.69,525.2966666666667,5,0.4,Detractor,1
13187,1,1,1,3.0,9,236.02,37,1,1,0,0.0,236.02,236.02,1,0.0,Detractor,0
13188,0,5,1,6.0,4,114.60000000000001,2,1,1,0,0.0,114.60000000000001,114.60000000000001,1,0.0,Detractor,0
13189,1,2,1,9.0,4,260.68,29,2,2,0,0.0,260.68,130.34,2,0.0,Promoter,0
13192,0,5,1,8.0,6,911.94,57,2,2,0,0.0,911.94,455.97,2,0.0,Passive,0
13193,1,0,1,9.0,6,112.08,22,1,1,0,0.0,112.08,112.08,1,0.0,Promoter,0
13194,0,5,0,8.0,6,60.7,3,1,1,0,0.0,60.7,60.7,1,0.0,Passive,0
13196,1,2,1,9.0,7,1797.78,97,4,3,0,0.0,1797.78,449.445,4,0.0,Promoter,0
13198,1,3,1,4.0,9,3016.69,181,5,5,1,6.2,3010.4900000000002,603.338,6,0.16666666666666666,Detractor,1
13199,0,3,0,5.0,2,9105.32,47,36,31,1,13.16,9092.16,252.92555555555555,37,0.02702702702702703,Detractor,1
13200,0,3,1,8.0,8,870.09,42,4,4,0,0.0,870.09,217.5225,4,0.0,Passive,0
13203,1,3,1,7.0,5,869.46,56,4,4,0,0.0,869.46,217.365,4,0.0,Passive,0
13207,1,0,1,6.0,8,250.26000000000002,7,2,2,0,0.0,250.26000000000002,125.13000000000001,2,0.0,Detractor,0
13208,0,3,1,5.0,3,1217.65,124,6,6,1,18.0,1199.65,202.9416666666667,7,0.14285714285714285,Detractor,1
13209,1,3,1,1.0,5,5572.76,246,7,5,2,57.45000000000001,5515.31,796.1085714285715,9,0.2222222222222222,Detractor,1
13210,1,0,1,2.0,2,353.48,22,1,1,0,0.0,353.48,353.48,1,0.0,Detractor,0
13211,0,0,1,7.0,4,984.72,44,2,2,0,0.0,984.72,492.36,2,0.0,Passive,0
13212,0,3,1,7.0,7,786.83,128,3,2,1,7.5,779.33,262.2766666666667,4,0.25,Passive,1
13213,1,4,0,10.0,7,1520.58,82,5,4,1,2.15,1518.43,304.116,6,0.16666666666666666,Promoter,1
13216,0,1,1,0.0,9,333.74,5,1,1,0,0.0,333.74,333.74,1,0.0,Detractor,0
13217,0,1,1,8.0,3,533.98,3,3,3,2,400.36,133.62,177.99333333333334,5,0.4,Passive,1
13218,1,0,1,9.0,6,62.63999999999999,5,1,1,0,0.0,62.63999999999999,62.63999999999999,1,0.0,Promoter,0
13220,1,2,1,0.0,4,819.2900000000001,18,4,4,0,0.0,819.2900000000001,204.82250000000002,4,0.0,Detractor,0
13221,0,2,1,7.0,7,349.25,31,1,1,0,0.0,349.25,349.25,1,0.0,Passive,0
13223,1,3,0,9.0,4,163.20000000000002,5,2,2,0,0.0,163.20000000000002,81.60000000000001,2,0.0,Promoter,0
13224,0,4,0,5.0,3,2155.95,101,2,2,1,5.1,2150.85,1077.975,3,0.3333333333333333,Detractor,1
13225,0,2,1,2.0,3,5257.12,19,6,6,1,380.8,4876.320000000001,876.1866666666666,7,0.14285714285714285,Detractor,1
13226,0,1,1,6.0,5,108.21000000000001,16,1,1,0,0.0,108.21000000000001,108.21000000000001,1,0.0,Detractor,0
13227,0,3,1,5.0,3,257.7,9,1,1,0,0.0,257.7,257.7,1,0.0,Detractor,0
13228,0,3,0,0.0,8,358.0,2,1,1,0,0.0,358.0,358.0,1,0.0,Detractor,0
13229,1,5,1,6.0,8,160.95,10,1,1,0,0.0,160.95,160.95,1,0.0,Detractor,0
13230,1,1,1,6.0,9,2662.18,389,13,12,1,43.559999999999995,2618.62,204.78307692307692,14,0.07142857142857142,Detractor,1
13232,1,1,1,10.0,8,1328.35,147,7,7,0,0.0,1328.35,189.7642857142857,7,0.0,Promoter,0
13233,1,0,1,4.0,7,605.12,43,2,2,0,0.0,605.12,302.56,2,0.0,Detractor,0
13235,0,2,1,3.0,5,1031.07,53,1,1,1,929.9,101.17000000000007,1031.07,2,0.5,Detractor,1
13236,1,4,1,10.0,9,744.85,34,2,2,1,17.58,727.27,372.425,3,0.3333333333333333,Promoter,1
13238,0,3,0,2.0,5,609.58,18,3,3,1,19.9,589.6800000000001,203.19333333333336,4,0.25,Detractor,1
13239,1,4,1,1.0,6,329.56,22,1,1,0,0.0,329.56,329.56,1,0.0,Detractor,0
13240,1,4,0,3.0,3,439.58,44,3,3,0,0.0,439.58,146.52666666666667,3,0.0,Detractor,0
13242,1,3,0,8.0,3,270.40000000000003,12,3,2,0,0.0,270.40000000000003,90.13333333333334,3,0.0,Passive,0
13243,1,3,1,2.0,5,585.12,56,1,1,0,0.0,585.12,585.12,1,0.0,Detractor,0
13244,1,4,1,8.0,4,121.74000000000001,27,1,1,0,0.0,121.74000000000001,121.74000000000001,1,0.0,Passive,0
13245,1,4,1,8.0,5,430.5,16,1,1,0,0.0,430.5,430.5,1,0.0,Passive,0
13246,0,3,0,3.0,3,1961.52,110,6,6,1,65.2,1896.32,326.92,7,0.14285714285714285,Detractor,1
13247,0,1,0,5.0,2,501.12,18,4,4,0,0.0,501.12,125.28,4,0.0,Detractor,0
13248,0,5,1,5.0,4,465.68,25,2,2,0,0.0,465.68,232.84,2,0.0,Detractor,0
13249,0,0,0,8.0,7,711.41,21,3,3,0,0.0,711.41,237.13666666666666,3,0.0,Passive,0
13253,1,4,0,3.0,2,1030.4,35,2,2,0,0.0,1030.4,515.2,2,0.0,Detractor,0
13255,0,4,0,8.0,3,173.81,7,1,1,1,8.850000000000001,164.96,173.81,2,0.5,Passive,1
13256,0,0,1,0.0,3,0.0,1,1,1,0,0.0,0.0,0.0,1,0.0,Detractor,0
13258,1,4,0,5.0,2,672.83,28,3,3,0,0.0,672.83,224.27666666666667,3,0.0,Detractor,0
13259,1,1,1,2.0,5,283.18,77,1,1,0,0.0,283.18,283.18,1,0.0,Detractor,0
13260,1,0,1,6.0,5,557.62,8,1,1,0,0.0,557.62,557.62,1,0.0,Detractor,0
13261,1,1,1,6.0,2,944.1,8,2,2,0,0.0,944.1,472.05,2,0.0,Detractor,0
13262,1,1,1,4.0,8,200.29,11,1,1,0,0.0,200.29,200.29,1,0.0,Detractor,0
13263,1,2,1,6.0,6,7436.93,450,35,33,0,0.0,7436.93,212.48371428571429,35,0.0,Detractor,0
13265,0,4,1,6.0,2,2092.66,66,5,5,0,0.0,2092.66,418.532,5,0.0,Detractor,0
13266,0,3,1,0.0,3,3834.2599999999998,82,12,12,6,71.59,3762.67,319.52166666666665,18,0.3333333333333333,Detractor,1
13267,0,5,0,5.0,8,3899.19,79,17,12,5,38.45,3860.7400000000002,229.36411764705883,22,0.22727272727272727,Detractor,1
13268,1,2,0,5.0,4,3174.75,257,11,10,4,47.050000000000004,3127.7,288.6136363636364,15,0.26666666666666666,Detractor,1
13269,0,3,0,2.0,4,4681.11,166,13,11,2,30.31,4650.8,360.0853846153846,15,0.13333333333333333,Detractor,1
13271,0,3,0,1.0,5,211.49,79,1,1,1,39.12,172.37,211.49,2,0.5,Detractor,1
13272,0,4,0,7.0,8,276.56,15,2,2,0,0.0,276.56,138.28,2,0.0,Passive,0
13273,0,2,1,6.0,6,138.98,16,1,1,0,0.0,138.98,138.98,1,0.0,Detractor,0
13276,1,4,1,0.0,3,590.9300000000001,30,2,2,0,0.0,590.9300000000001,295.46500000000003,2,0.0,Detractor,0
13277,1,5,1,2.0,2,258.4,5,4,4,0,0.0,258.4,64.6,4,0.0,Detractor,0
13278,1,2,0,0.0,8,542.73,46,1,1,0,0.0,542.73,542.73,1,0.0,Detractor,0
13279,1,0,1,7.0,6,137.75,9,1,1,1,11.45,126.30000000000001,137.75,2,0.5,Passive,1
13280,0,2,0,5.0,9,798.46,67,3,3,0,0.0,798.46,266.15333333333336,3,0.0,Detractor,0
13282,0,4,1,1.0,8,1132.14,29,3,3,3,84.3,1047.8400000000001,377.38000000000005,6,0.5,Detractor,1
13283,0,2,0,7.0,2,93.66,7,2,2,0,0.0,93.66,46.83,2,0.0,Passive,0
13284,1,2,0,3.0,3,201.19,13,1,1,1,5.04,196.15,201.19,2,0.5,Detractor,1
13285,0,1,0,2.0,4,2709.12,157,4,4,0,0.0,2709.12,677.28,4,0.0,Detractor,0
13291,0,5,1,2.0,9,361.11,41,1,1,0,0.0,361.11,361.11,1,0.0,Detractor,0
13292,0,3,1,2.0,5,578.9399999999999,29,2,2,0,0.0,578.9399999999999,289.46999999999997,2,0.0,Detractor,0
13294,1,2,1,3.0,4,873.74,48,2,2,0,0.0,873.74,436.87,2,0.0,Detractor,0
13296,0,1,1,8.0,9,87.4,5,1,1,0,0.0,87.4,87.4,1,0.0,Passive,0
13297,1,3,0,7.0,7,2089.85,52,4,3,0,0.0,2089.85,522.4625,4,0.0,Passive,0
13298,0,4,0,0.0,9,360.0,2,1,1,0,0.0,360.0,360.0,1,0.0,Detractor,0
13299,0,4,1,3.0,3,142.5,5,1,1,0,0.0,142.5,142.5,1,0.0,Detractor,0
13300,0,5,1,6.0,3,371.89,20,1,1,1,6.6,365.29,371.89,2,0.5,Detractor,1
13301,0,3,0,6.0,6,618.09,75,4,4,0,0.0,618.09,154.5225,4,0.0,Detractor,0
13302,1,0,1,8.0,3,63.75,1,1,1,0,0.0,63.75,63.75,1,0.0,Passive,0
13305,1,5,1,8.0,6,1864.66,47,9,9,0,0.0,1864.66,207.18444444444447,9,0.0,Passive,0
13307,1,1,0,1.0,8,15.0,1,1,1,0,0.0,15.0,15.0,1,0.0,Detractor,0
13308,1,2,1,1.0,3,1385.51,49,3,3,1,17.9,1367.6100000000001,461.83666666666664,4,0.25,Detractor,1
13309,0,2,1,1.0,2,1456.79,82,5,5,0,0.0,1456.79,291.358,5,0.0,Detractor,0
13310,1,5,1,3.0,7,1132.03,65,3,3,3,48.400000000000006,1083.63,377.3433333333333,6,0.5,Detractor,1
13311,0,1,1,3.0,4,598.57,25,2,2,0,0.0,598.57,299.285,2,0.0,Detractor,0
13313,0,3,1,1.0,8,1555.32,47,5,5,0,0.0,1555.32,311.06399999999996,5,0.0,Detractor,0
13314,0,0,1,3.0,5,775.94,55,3,3,1,182.42999999999998,593.51,258.6466666666667,4,0.25,Detractor,1
13316,1,3,1,10.0,6,5732.93,66,4,4,1,162.24,5570.6900000000005,1433.2325,5,0.2,Promoter,1
13317,0,4,0,6.0,8,2035.63,88,4,3,3,133.61,1902.02,508.9075,7,0.42857142857142855,Detractor,1
13318,0,3,0,7.0,4,640.76,14,3,3,0,0.0,640.76,213.58666666666667,3,0.0,Passive,0
13319,0,0,0,1.0,5,9294.47,191,22,15,8,131.10999999999999,9163.36,422.47590909090906,30,0.26666666666666666,Detractor,1
13320,1,1,0,1.0,5,1532.2,77,4,3,2,57.0,1475.2,383.05,6,0.3333333333333333,Detractor,1
13321,0,2,0,3.0,5,567.36,10,2,2,0,0.0,567.36,283.68,2,0.0,Detractor,0
13322,1,2,1,8.0,5,199.48000000000002,25,1,1,0,0.0,199.48000000000002,199.48000000000002,1,0.0,Passive,0
13323,1,4,1,1.0,5,787.85,6,5,5,0,0.0,787.85,157.57,5,0.0,Detractor,0
13324,0,3,1,6.0,6,6471.849999999999,24,9,5,2,49.14999999999999,6422.7,719.0944444444444,11,0.18181818181818182,Detractor,1
13325,0,1,0,4.0,3,675.3,12,1,1,0,0.0,675.3,675.3,1,0.0,Detractor,0
13327,1,3,1,9.0,9,2882.77,63,6,6,1,10.2,2872.57,480.46166666666664,7,0.14285714285714285,Promoter,1
13328,0,1,0,2.0,3,1308.48,17,1,1,0,0.0,1308.48,1308.48,1,0.0,Detractor,0
13329,1,4,1,7.0,8,484.79999999999995,10,1,1,0,0.0,484.79999999999995,484.79999999999995,1,0.0,Passive,0
13330,1,4,1,9.0,3,1140.93,37,3,3,0,0.0,1140.93,380.31,3,0.0,Promoter,0
13332,1,4,1,1.0,6,350.9,21,1,1,0,0.0,350.9,350.9,1,0.0,Detractor,0
13334,1,2,1,4.0,5,3502.32,207,3,3,0,0.0,3502.32,1167.44,3,0.0,Detractor,0
13336,1,4,1,3.0,7,795.12,51,1,1,0,0.0,795.12,795.12,1,0.0,Detractor,0
13338,1,0,0,10.0,3,487.02,19,1,1,2,55.2,431.82,487.02,3,0.6666666666666666,Promoter,1
13339,0,1,1,7.0,4,860.12,54,1,1,0,0.0,860.12,860.12,1,0.0,Passive,0
13340,0,0,0,2.0,3,10736.48,128,7,5,0,0.0,10736.48,1533.782857142857,7,0.0,Detractor,0
13341,1,2,1,1.0,5,775.85,42,1,1,0,0.0,775.85,775.85,1,0.0,Detractor,0
13343,1,0,0,2.0,7,353.43,19,1,1,1,49.5,303.93,353.43,2,0.5,Detractor,1
13344,0,1,0,5.0,5,2511.69,115,3,2,0,0.0,2511.69,837.23,3,0.0,Detractor,0
13345,1,3,0,1.0,6,389.5,20,1,1,1,11.899999999999999,377.6,389.5,2,0.5,Detractor,1
13347,0,2,1,2.0,8,341.36,8,1,1,0,0.0,341.36,341.36,1,0.0,Detractor,0
13348,1,4,0,9.0,5,233.76,14,1,1,0,0.0,233.76,233.76,1,0.0,Promoter,0
13349,0,1,1,0.0,6,247.32,16,1,1,0,0.0,247.32,247.32,1,0.0,Detractor,0
13350,0,4,1,4.0,7,979.12,36,2,2,1,68.4,910.72,489.56,3,0.3333333333333333,Detractor,1
13351,1,2,1,6.0,8,373.94,16,1,1,0,0.0,373.94,373.94,1,0.0,Detractor,0
13352,1,3,0,7.0,7,397.97999999999996,24,1,1,1,8.7,389.28,397.97999999999996,2,0.5,Passive,1
13354,1,5,1,4.0,6,743.53,51,1,1,0,0.0,743.53,743.53,1,0.0,Detractor,0
13355,0,4,1,5.0,3,674.7,32,1,1,0,0.0,674.7,674.7,1,0.0,Detractor,0
13356,0,1,1,4.0,8,768.24,42,1,1,0,0.0,768.24,768.24,1,0.0,Detractor,0
13357,1,2,1,7.0,9,609.4,85,1,1,0,0.0,609.4,609.4,1,0.0,Passive,0
13358,1,3,1,8.0,3,439.03,29,1,1,0,0.0,439.03,439.03,1,0.0,Passive,0
13359,0,2,1,8.0,6,439.56,23,1,1,1,8.3,431.26,439.56,2,0.5,Passive,1
13362,0,3,0,6.0,3,3090.7400000000002,128,4,4,1,5.25,3085.4900000000002,772.6850000000001,5,0.2,Detractor,1
13363,0,4,1,8.0,3,992.5,47,2,2,0,0.0,992.5,496.25,2,0.0,Passive,0
13364,0,3,0,2.0,2,134.95999999999998,10,1,1,1,134.96,0.0,134.95999999999998,2,0.5,Detractor,1
13365,0,3,0,1.0,3,2225.37,122,2,2,1,34.150000000000006,2191.22,1112.685,3,0.3333333333333333,Detractor,1
13366,1,3,1,8.0,4,56.160000000000004,1,1,1,0,0.0,56.160000000000004,56.160000000000004,1,0.0,Passive,0
13368,0,4,1,2.0,2,623.4,29,2,2,0,0.0,623.4,311.7,2,0.0,Detractor,0
13372,0,4,0,2.0,2,378.64,23,1,1,0,0.0,378.64,378.64,1,0.0,Detractor,0
13373,0,3,0,5.0,6,3312.25,135,3,3,0,0.0,3312.25,1104.0833333333333,3,0.0,Detractor,0
13375,1,1,1,8.0,8,778.65,37,1,1,1,5.75,772.9,778.65,2,0.5,Passive,1
13376,0,2,1,2.0,4,1019.76,45,3,3,0,0.0,1019.76,339.92,3,0.0,Detractor,0
13379,0,2,0,3.0,2,572.56,85,3,3,0,0.0,572.56,190.85333333333332,3,0.0,Detractor,0
13381,1,1,1,1.0,9,3639.31,77,6,6,1,12.5,3626.81,606.5516666666666,7,0.14285714285714285,Detractor,1
13382,0,2,0,4.0,5,222.99,15,1,1,0,0.0,222.99,222.99,1,0.0,Detractor,0
13384,1,5,1,1.0,5,4151.93,123,7,6,2,29.65,4122.28,593.1328571428572,9,0.2222222222222222,Detractor,1
13385,1,5,1,5.0,8,534.57,35,1,1,0,0.0,534.57,534.57,1,0.0,Detractor,0
13388,1,1,0,8.0,5,677.1,35,2,1,1,49.95,627.15,338.55,3,0.3333333333333333,Passive,1
13389,1,3,1,5.0,5,797.96,50,3,3,0,0.0,797.96,265.9866666666667,3,0.0,Detractor,0
13390,1,5,0,5.0,8,544.08,13,1,1,0,0.0,544.08,544.08,1,0.0,Detractor,0
13391,0,0,1,3.0,8,59.8,1,1,1,0,0.0,59.8,59.8,1,0.0,Detractor,0
13394,1,1,1,6.0,5,2520.02,124,8,8,2,207.22,2312.8,315.0025,10,0.2,Detractor,1
13395,1,1,0,0.0,8,307.72,21,1,1,0,0.0,307.72,307.72,1,0.0,Detractor,0
13396,1,4,1,6.0,5,1360.99,42,2,2,2,35.7,1325.29,680.495,4,0.5,Detractor,1
13397,1,3,1,2.0,9,1544.13,28,5,5,1,4.95,1539.18,308.826,6,0.16666666666666666,Detractor,1
13398,1,0,1,6.0,2,457.34,26,1,1,0,0.0,457.34,457.34,1,0.0,Detractor,0
13402,0,2,0,7.0,6,312.95,22,1,1,0,0.0,312.95,312.95,1,0.0,Passive,0
13403,1,2,0,2.0,8,75.0,3,1,1,0,0.0,75.0,75.0,1,0.0,Detractor,0
13404,1,0,0,6.0,4,252.49,11,2,2,0,0.0,252.49,126.245,2,0.0,Detractor,0
13405,1,2,1,7.0,9,572.451,25,3,3,0,0.0,572.451,190.817,3,0.0,Passive,0
13408,0,2,0,7.0,8,25085.84,222,57,37,17,600.28,24485.56,440.10245614035085,74,0.22972972972972974,Passive,1
13410,1,1,1,4.0,4,1003.06,15,5,5,2,14.15,988.91,200.612,7,0.2857142857142857,Detractor,1
13411,1,5,0,5.0,6,213.55,17,1,1,0,0.0,213.55,213.55,1,0.0,Detractor,0
13414,1,3,1,5.0,4,1390.5,23,3,3,0,0.0,1390.5,463.5,3,0.0,Detractor,0
13416,1,2,0,5.0,3,712.5,11,2,2,0,0.0,712.5,356.25,2,0.0,Detractor,0
13417,1,3,1,1.0,2,640.83,26,2,2,0,0.0,640.83,320.415,2,0.0,Detractor,0
13418,1,1,0,5.0,4,4547.81,194,13,10,5,281.98999999999995,4265.82,349.8315384615385,18,0.2777777777777778,Detractor,1
13419,0,2,1,4.0,2,221.06,16,1,1,0,0.0,221.06,221.06,1,0.0,Detractor,0
13420,1,3,1,8.0,8,159.85,8,2,2,2,19.5,140.35,79.925,4,0.5,Passive,1
13421,1,2,0,8.0,7,1833.71,88,2,2,1,2.1,1831.61,916.855,3,0.3333333333333333,Passive,1
13422,0,1,0,2.0,6,2626.3,127,1,1,1,24.75,2601.55,2626.3,2,0.5,Detractor,1
13425,1,1,1,4.0,4,1624.21,66,3,3,0,0.0,1624.21,541.4033333333333,3,0.0,Detractor,0
13426,0,3,0,6.0,8,3304.34,99,9,9,2,90.62,3213.7200000000003,367.1488888888889,11,0.18181818181818182,Detractor,1
13427,1,2,1,10.0,6,582.6,25,3,3,0,0.0,582.6,194.20000000000002,3,0.0,Promoter,0
13428,1,0,1,6.0,5,201.78,70,1,1,0,0.0,201.78,201.78,1,0.0,Detractor,0
13429,0,1,0,3.0,8,1006.8,55,4,4,0,0.0,1006.8,251.7,4,0.0,Detractor,0
13430,1,1,1,0.0,7,679.45,48,2,2,2,30.76,648.6899999999999,339.725,4,0.5,Detractor,1
13431,1,4,0,3.0,3,1269.1,44,2,2,0,0.0,1269.1,634.55,2,0.0,Detractor,0
13434,1,4,1,3.0,5,534.24,9,2,2,0,0.0,534.24,267.12,2,0.0,Detractor,0
13435,1,4,0,3.0,3,3809.8900000000003,68,7,7,2,15.4,3794.4900000000002,544.2700000000001,9,0.2222222222222222,Detractor,1
13436,0,2,1,3.0,3,196.89,12,1,1,0,0.0,196.89,196.89,1,0.0,Detractor,0
13437,0,2,1,0.0,9,3408.06,143,7,7,0,0.0,3408.06,486.86571428571426,7,0.0,Detractor,0
13439,1,1,0,4.0,5,283.71,54,1,1,0,0.0,283.71,283.71,1,0.0,Detractor,0
13441,1,4,0,3.0,7,296.64,13,1,1,0,0.0,296.64,296.64,1,0.0,Detractor,0
13447,1,1,1,8.0,4,1129.14,55,3,3,1,24.91,1104.23,376.38000000000005,4,0.25,Passive,1
13448,0,3,1,4.0,3,2705.15,129,3,3,2,32.7,2672.4500000000003,901.7166666666667,5,0.4,Detractor,1
13449,1,1,1,1.0,4,291.88,19,1,1,0,0.0,291.88,291.88,1,0.0,Detractor,0
13450,1,2,0,0.0,5,2043.7199999999998,32,6,6,0,0.0,2043.7199999999998,340.61999999999995,6,0.0,Detractor,0
13451,0,4,0,2.0,5,2898.2599999999998,315,5,5,1,59.699999999999996,2838.56,579.6519999999999,6,0.16666666666666666,Detractor,1
13452,1,0,1,5.0,2,590.0,1,2,2,0,0.0,590.0,295.0,2,0.0,Detractor,0
13453,0,4,1,4.0,3,356.97999999999996,16,2,2,0,0.0,356.97999999999996,178.48999999999998,2,0.0,Detractor,0
13455,0,4,1,7.0,8,365.4,16,1,1,2,50.99000000000001,314.40999999999997,365.4,3,0.6666666666666666,Passive,1
13456,0,2,1,3.0,5,1766.72,43,6,6,1,28.9,1737.8200000000002,294.4533333333333,7,0.14285714285714285,Detractor,1
13458,0,3,0,8.0,7,8460.71,229,13,13,7,92.15,8368.56,650.823846153846,20,0.35,Passive,1
13460,0,2,0,3.0,7,183.44,16,2,2,0,0.0,183.44,91.72,2,0.0,Detractor,0
13461,0,4,0,2.0,7,1445.0,14,3,3,0,0.0,1445.0,481.6666666666667,3,0.0,Detractor,0
13462,0,5,1,5.0,5,151.5,9,1,1,1,8.25,143.25,151.5,2,0.5,Detractor,1
13464,0,1,0,2.0,8,674.68,41,1,1,0,0.0,674.68,674.68,1,0.0,Detractor,0
13466,0,5,0,5.0,3,307.9,17,1,1,1,9.95,297.95,307.9,2,0.5,Detractor,1
13467,0,2,1,6.0,5,1071.91,89,2,2,0,0.0,1071.91,535.955,2,0.0,Detractor,0
13468,0,1,1,3.0,6,4793.97,165,33,33,4,48.22,4745.75,145.2718181818182,37,0.10810810810810811,Detractor,1
13470,0,3,0,4.0,7,165.0,7,2,2,0,0.0,165.0,82.5,2,0.0,Detractor,0
13471,0,1,0,2.0,7,2501.84,214,4,4,0,0.0,2501.84,625.46,4,0.0,Detractor,0
13473,0,4,1,3.0,9,422.64,21,2,2,1,5.1,417.54,211.32,3,0.3333333333333333,Detractor,1
13474,0,1,0,3.0,6,226.84,59,1,1,0,0.0,226.84,226.84,1,0.0,Detractor,0
13475,0,5,1,4.0,3,1431.78,64,4,4,0,0.0,1431.78,357.945,4,0.0,Detractor,0
13476,0,0,1,6.0,6,1238.47,56,2,2,2,145.7,1092.77,619.235,4,0.5,Detractor,1
13477,0,4,1,2.0,6,1454.58,57,6,6,2,13.05,1441.53,242.42999999999998,8,0.25,Detractor,1
13479,0,5,1,4.0,3,300.95,14,2,2,1,9.95,291.0,150.475,3,0.3333333333333333,Detractor,1
13481,0,4,0,4.0,3,1804.56,98,5,4,2,23.5,1781.06,360.912,7,0.2857142857142857,Detractor,1
13482,0,4,0,7.0,7,184.64,11,1,1,0,0.0,184.64,184.64,1,0.0,Passive,0
13483,0,2,0,4.0,7,140.34,10,1,1,0,0.0,140.34,140.34,1,0.0,Detractor,0
13484,0,0,0,3.0,8,313.8,8,1,1,0,0.0,313.8,313.8,1,0.0,Detractor,0
13485,0,2,1,2.0,4,454.24,23,1,1,0,0.0,454.24,454.24,1,0.0,Detractor,0
13486,0,4,0,7.0,8,1122.41,69,3,3,0,0.0,1122.41,374.1366666666667,3,0.0,Passive,0
13487,0,4,1,6.0,8,382.25,18,2,2,0,0.0,382.25,191.125,2,0.0,Detractor,0
13488,0,3,0,2.0,4,7586.39,244,12,11,4,57.7,7528.69,632.1991666666667,16,0.25,Detractor,1
13489,0,1,0,5.0,2,449.52,11,4,4,0,0.0,449.52,112.38,4,0.0,Detractor,0
13491,0,2,0,8.0,8,1019.42,68,8,8,0,0.0,1019.42,127.4275,8,0.0,Passive,0
13494,0,5,1,4.0,4,316.26000000000005,18,1,1,0,0.0,316.26000000000005,316.26000000000005,1,0.0,Detractor,0
13495,0,4,0,6.0,6,1179.44,22,3,3,0,0.0,1179.44,393.1466666666667,3,0.0,Detractor,0
13496,0,3,1,0.0,5,152.32,9,1,1,0,0.0,152.32,152.32,1,0.0,Detractor,0
13497,0,4,0,6.0,3,194.55,10,1,1,0,0.0,194.55,194.55,1,0.0,Detractor,0
13499,0,1,0,8.0,4,1159.11,31,5,5,2,12.149999999999999,1146.96,231.82199999999997,7,0.2857142857142857,Passive,1
13500,0,3,1,5.0,6,1166.77,60,3,3,1,30.0,1136.77,388.92333333333335,4,0.25,Detractor,1
13502,0,1,0,5.0,5,292.0,17,3,3,0,0.0,292.0,97.33333333333333,3,0.0,Detractor,0
13503,0,1,1,0.0,6,216.85,17,1,1,0,0.0,216.85,216.85,1,0.0,Detractor,0
13504,0,2,1,2.0,3,295.93,22,1,1,0,0.0,295.93,295.93,1,0.0,Detractor,0
13506,0,4,0,3.0,4,157.4,9,1,1,1,5.7,151.7,157.4,2,0.5,Detractor,1
13507,0,2,0,4.0,2,2479.16,146,4,4,0,0.0,2479.16,619.79,4,0.0,Detractor,0
13508,0,5,1,1.0,7,110.97,12,1,1,0,0.0,110.97,110.97,1,0.0,Detractor,0
13509,0,2,0,8.0,4,979.72,27,7,7,0,0.0,979.72,139.96,7,0.0,Passive,0
13510,0,2,1,6.0,2,1791.56,86,4,4,1,6.4,1785.16,447.89,5,0.2,Detractor,1
13512,0,5,1,1.0,6,251.21,15,1,1,0,0.0,251.21,251.21,1,0.0,Detractor,0
13513,0,4,0,2.0,6,205.1,10,1,1,0,0.0,205.1,205.1,1,0.0,Detractor,0
13514,0,0,0,7.0,3,152.20000000000002,4,1,1,0,0.0,152.20000000000002,152.20000000000002,1,0.0,Passive,0
13515,0,4,1,6.0,7,891.12,50,4,4,0,0.0,891.12,222.78,4,0.0,Detractor,0
13516,0,3,1,0.0,5,1389.41,43,3,3,0,0.0,1389.41,463.1366666666667,3,0.0,Detractor,0
13517,0,2,1,1.0,6,2128.42,125,3,3,2,19.35,2109.07,709.4733333333334,5,0.4,Detractor,1
13518,0,0,0,7.0,3,627.16,36,1,1,0,0.0,627.16,627.16,1,0.0,Passive,0
13519,0,4,0,5.0,8,122.75,8,1,1,1,11.95,110.80000000000001,122.75,2,0.5,Detractor,1
13521,0,1,1,1.0,3,1071.73,313,3,3,0,0.0,1071.73,357.24333333333334,3,0.0,Detractor,0
13522,0,3,0,5.0,3,125.80000000000001,5,1,1,0,0.0,125.80000000000001,125.80000000000001,1,0.0,Detractor,0
13523,0,2,0,2.0,2,3397.93,135,4,3,1,209.5,3188.43,849.4825,5,0.2,Detractor,1
13524,0,5,1,2.0,5,680.1800000000001,17,5,5,0,0.0,680.1800000000001,136.036,5,0.0,Detractor,0
13525,0,2,1,5.0,8,628.78,5,2,2,0,0.0,628.78,314.39,2,0.0,Detractor,0
13527,0,1,1,3.0,4,2242.36,153,7,6,1,23.75,2218.61,320.33714285714285,8,0.125,Detractor,1
13529,0,2,0,1.0,4,307.76,15,2,2,0,0.0,307.76,153.88,2,0.0,Detractor,0
13531,0,3,0,8.0,5,178.35,7,1,1,0,0.0,178.35,178.35,1,0.0,Passive,0
13532,0,0,0,4.0,5,210.31,66,1,1,0,0.0,210.31,210.31,1,0.0,Detractor,0
13533,0,1,1,7.0,8,269.09,61,3,2,0,0.0,269.09,89.69666666666666,3,0.0,Passive,0
13534,0,4,1,2.0,3,5586.88,117,23,17,17,225.64999999999998,5361.2300000000005,242.90782608695653,40,0.425,Detractor,1
13536,1,0,1,7.0,8,3444.39,91,7,7,0,0.0,3444.39,492.05571428571426,7,0.0,Passive,0
13538,0,4,1,8.0,8,1280.85,10,7,7,0,0.0,1280.85,182.97857142857143,7,0.0,Passive,0
13539,1,5,0,6.0,9,631.34,35,3,3,1,25.5,605.84,210.4466666666667,4,0.25,Detractor,1
13544,0,4,0,1.0,3,276.06,76,2,2,0,0.0,276.06,138.03,2,0.0,Detractor,0
13546,1,4,1,5.0,7,621.09,72,3,3,0,0.0,621.09,207.03,3,0.0,Detractor,0
13548,0,1,0,8.0,8,678.16,114,2,2,0,0.0,678.16,339.08,2,0.0,Passive,0
13549,1,2,0,3.0,9,918.2,37,7,7,1,2.08,916.12,131.17142857142858,8,0.125,Detractor,1
13551,0,3,1,1.0,8,91.80000000000001,4,1,1,0,0.0,91.80000000000001,91.80000000000001,1,0.0,Detractor,0
13552,0,3,0,3.0,2,3740.07,82,12,8,4,200.54000000000002,3539.53,311.6725,16,0.25,Detractor,1
13555,1,3,1,2.0,8,4098.88,128,4,2,0,0.0,4098.88,1024.72,4,0.0,Detractor,0
13557,0,4,1,0.0,7,584.06,31,2,2,0,0.0,584.06,292.03,2,0.0,Detractor,0
13558,0,2,1,1.0,7,594.52,123,4,4,0,0.0,594.52,148.63,4,0.0,Detractor,0
13560,0,2,1,0.0,6,171.42000000000002,32,1,1,0,0.0,171.42000000000002,171.42000000000002,1,0.0,Detractor,0
13561,1,5,0,5.0,5,141.85999999999999,14,1,1,0,0.0,141.85999999999999,141.85999999999999,1,0.0,Detractor,0
13562,1,3,1,4.0,9,1799.33,50,3,3,0,0.0,1799.33,599.7766666666666,3,0.0,Detractor,0
13563,0,1,0,8.0,8,777.53,49,2,2,0,0.0,777.53,388.765,2,0.0,Passive,0
13564,1,4,0,0.0,8,550.64,1,1,1,2,1101.28,-550.64,550.64,3,0.6666666666666666,Detractor,1
13565,0,2,0,4.0,6,240.22,35,2,2,0,0.0,240.22,120.11,2,0.0,Detractor,0
13566,0,2,0,6.0,9,856.84,134,2,2,0,0.0,856.84,428.42,2,0.0,Detractor,0
13568,1,2,1,9.0,5,187.05,41,1,1,0,0.0,187.05,187.05,1,0.0,Promoter,0
13569,0,3,0,1.0,2,228.8,54,1,1,0,0.0,228.8,228.8,1,0.0,Detractor,0
13570,0,3,0,2.0,2,239.49,27,1,1,0,0.0,239.49,239.49,1,0.0,Detractor,0
13571,1,0,0,0.0,9,2088.94,157,12,12,0,0.0,2088.94,174.07833333333335,12,0.0,Detractor,0
13572,1,2,0,4.0,7,1384.25,32,1,1,0,0.0,1384.25,1384.25,1,0.0,Detractor,0
13573,0,2,1,0.0,6,290.25,24,2,2,0,0.0,290.25,145.125,2,0.0,Detractor,0
13575,0,3,1,3.0,6,732.0699999999999,41,5,5,0,0.0,732.0699999999999,146.414,5,0.0,Detractor,0
13576,0,4,1,8.0,9,6368.1900000000005,70,17,17,2,14.040000000000001,6354.150000000001,374.5994117647059,19,0.10526315789473684,Passive,1
13577,1,5,1,6.0,6,1687.6000000000001,61,4,4,1,29.3,1658.3,421.90000000000003,5,0.2,Detractor,1
13579,1,2,1,7.0,5,302.34,14,1,1,0,0.0,302.34,302.34,1,0.0,Passive,0
13581,0,2,0,5.0,4,118.0,10,1,1,0,0.0,118.0,118.0,1,0.0,Detractor,0
13583,0,3,1,2.0,2,781.03,53,1,1,0,0.0,781.03,781.03,1,0.0,Detractor,0
13584,0,2,0,7.0,8,142.4,24,1,1,0,0.0,142.4,142.4,1,0.0,Passive,0
13587,0,1,0,3.0,2,712.4,8,1,1,2,365.4,347.0,712.4,3,0.6666666666666666,Detractor,1
13588,0,5,1,3.0,4,2478.95,131,9,9,4,33.830000000000005,2445.12,275.43888888888887,13,0.3076923076923077,Detractor,1
13589,0,2,0,1.0,7,379.65,21,2,2,0,0.0,379.65,189.825,2,0.0,Detractor,0
13590,1,3,1,9.0,5,1981.92,70,6,6,1,5.800000000000001,1976.12,330.32,7,0.14285714285714285,Promoter,1
13591,0,3,1,6.0,4,1117.13,56,3,3,0,0.0,1117.13,372.3766666666667,3,0.0,Detractor,0
13592,1,3,1,9.0,5,247.95999999999998,15,4,4,0,0.0,247.95999999999998,61.989999999999995,4,0.0,Promoter,0
13593,0,1,0,2.0,9,2011.88,77,5,5,1,46.8,1965.0800000000002,402.37600000000003,6,0.16666666666666666,Detractor,1
13594,0,0,1,6.0,2,396.97,26,1,1,0,0.0,396.97,396.97,1,0.0,Detractor,0
13596,1,1,1,1.0,5,664.11,133,2,2,0,0.0,664.11,332.055,2,0.0,Detractor,0
13598,0,2,1,2.0,5,160.04,33,1,1,1,12.75,147.29,160.04,2,0.5,Detractor,1
13599,1,1,1,5.0,6,4797.08,160,19,14,10,111.93,4685.150000000001,252.4778947368421,29,0.3448275862068966,Detractor,1
13600,0,4,0,5.0,8,219.52,19,1,1,0,0.0,219.52,219.52,1,0.0,Detractor,0
13601,0,5,0,1.0,9,693.32,90,2,2,0,0.0,693.32,346.66,2,0.0,Detractor,0
13602,1,1,0,4.0,4,428.89,23,1,1,0,0.0,428.89,428.89,1,0.0,Detractor,0
13603,1,0,0,5.0,6,164.34,27,1,1,0,0.0,164.34,164.34,1,0.0,Detractor,0
13606,1,4,1,10.0,6,276.75,40,3,3,0,0.0,276.75,92.25,3,0.0,Promoter,0
13607,1,2,1,1.0,4,675.51,93,1,1,0,0.0,675.51,675.51,1,0.0,Detractor,0
13610,1,1,1,4.0,3,1082.33,165,7,7,2,16.45,1065.88,154.6185714285714,9,0.2222222222222222,Detractor,1
13611,1,3,0,8.0,5,851.25,53,2,2,1,13.6,837.65,425.625,3,0.3333333333333333,Passive,1
13614,1,5,0,3.0,3,1585.46,171,4,4,0,0.0,1585.46,396.365,4,0.0,Detractor,0
13615,1,2,0,4.0,3,417.69,23,1,1,1,17.700000000000003,399.99,417.69,2,0.5,Detractor,1
13617,1,4,1,2.0,5,544.18,31,3,3,0,0.0,544.18,181.39333333333332,3,0.0,Detractor,0
13618,1,2,1,4.0,4,177.34,13,1,1,0,0.0,177.34,177.34,1,0.0,Detractor,0
13621,1,3,0,6.0,4,213.85,19,1,1,0,0.0,213.85,213.85,1,0.0,Detractor,0
13623,0,5,0,1.0,8,727.74,75,5,5,2,75.33999999999999,652.4,145.548,7,0.2857142857142857,Detractor,1
13626,0,3,0,3.0,2,257.23,19,1,1,0,0.0,257.23,257.23,1,0.0,Detractor,0
13627,1,5,1,7.0,8,1327.28,66,4,4,2,14.45,1312.83,331.82,6,0.3333333333333333,Passive,1
13629,1,3,1,8.0,4,7792.36,28,11,11,0,0.0,7792.36,708.3963636363636,11,0.0,Passive,0
13630,1,3,0,3.0,7,2031.78,51,7,7,4,36.1,1995.68,290.2542857142857,11,0.36363636363636365,Detractor,1
13631,0,4,1,2.0,5,3070.42,6,11,7,1,48.65,3021.77,279.1290909090909,12,0.08333333333333333,Detractor,1
13632,1,4,0,0.0,6,2118.93,121,5,5,1,4.25,2114.68,423.78599999999994,6,0.16666666666666666,Detractor,1
13634,1,2,1,1.0,6,1547.3600000000001,156,5,5,0,0.0,1547.3600000000001,309.47200000000004,5,0.0,Detractor,0
13635,0,3,1,2.0,5,1071.03,62,1,1,0,0.0,1071.03,1071.03,1,0.0,Detractor,0
13636,1,5,1,3.0,7,949.12,57,5,5,1,7.5,941.62,189.824,6,0.16666666666666666,Detractor,1
13637,0,1,0,7.0,8,804.3,79,3,3,0,0.0,804.3,268.09999999999997,3,0.0,Passive,0
13638,1,0,1,1.0,7,122.64,8,1,1,0,0.0,122.64,122.64,1,0.0,Detractor,0
13639,1,2,0,9.0,6,1033.34,39,1,1,0,0.0,1033.34,1033.34,1,0.0,Promoter,0
13642,0,2,0,6.0,6,312.28,57,1,1,0,0.0,312.28,312.28,1,0.0,Detractor,0
13643,0,3,0,4.0,4,519.44,24,3,3,0,0.0,519.44,173.14666666666668,3,0.0,Detractor,0
13644,0,5,0,7.0,6,2624.26,144,4,4,1,26.74,2597.52,656.065,5,0.2,Passive,1
13645,0,2,1,8.0,8,252.1,5,1,1,0,0.0,252.1,252.1,1,0.0,Passive,0
13647,0,2,1,5.0,3,1648.1200000000001,65,4,4,1,7.9,1640.22,412.03000000000003,5,0.2,Detractor,1
13649,0,2,0,3.0,4,148.8,8,1,1,0,0.0,148.8,148.8,1,0.0,Detractor,0
13650,0,0,1,4.0,5,1836.34,79,6,5,1,27.0,1809.34,306.0566666666667,7,0.14285714285714285,Detractor,1
13651,0,2,0,7.0,7,94.2,6,2,2,0,0.0,94.2,47.1,2,0.0,Passive,0
13652,0,5,0,1.0,5,786.28,44,2,2,0,0.0,786.28,393.14,2,0.0,Detractor,0
13654,1,3,1,7.0,7,2707.33,157,6,5,0,0.0,2707.33,451.22166666666664,6,0.0,Passive,0
13655,0,0,0,3.0,5,932.97,52,2,2,0,0.0,932.97,466.485,2,0.0,Detractor,0
13656,1,4,1,7.0,5,379.65,49,2,2,0,0.0,379.65,189.825,2,0.0,Passive,0
13657,1,2,0,8.0,7,382.14,16,2,2,0,0.0,382.14,191.07,2,0.0,Passive,0
13658,0,0,0,5.0,7,2639.17,91,5,3,2,217.7,2421.47,527.8340000000001,7,0.2857142857142857,Detractor,1
13659,1,2,1,6.0,5,1563.0,92,2,2,1,22.35,1540.65,781.5,3,0.3333333333333333,Detractor,1
13662,0,2,1,4.0,4,881.26,50,3,3,4,18.68,862.58,293.75333333333333,7,0.5714285714285714,Detractor,1
13663,1,3,0,5.0,7,189.47,13,1,1,0,0.0,189.47,189.47,1,0.0,Detractor,0
13666,0,0,1,2.0,4,84.65,12,3,2,0,0.0,84.65,28.21666666666667,3,0.0,Detractor,0
13667,1,4,1,3.0,9,299.05,82,1,1,0,0.0,299.05,299.05,1,0.0,Detractor,0
13668,0,3,0,1.0,3,6132.17,281,20,20,8,147.52,5984.65,306.6085,28,0.2857142857142857,Detractor,1
13669,1,4,1,3.0,6,218.55,9,2,2,0,0.0,218.55,109.275,2,0.0,Detractor,0
13670,1,4,1,5.0,4,349.7,25,1,1,0,0.0,349.7,349.7,1,0.0,Detractor,0
13672,0,5,1,5.0,4,186.39000000000001,4,2,2,4,257.85,-71.46,93.19500000000001,6,0.6666666666666666,Detractor,1
13673,0,1,1,6.0,8,387.44,47,2,2,0,0.0,387.44,193.72,2,0.0,Detractor,0
13675,0,5,1,3.0,3,486.82000000000005,25,2,2,0,0.0,486.82000000000005,243.41000000000003,2,0.0,Detractor,0
13678,0,0,0,2.0,4,232.6,16,1,1,0,0.0,232.6,232.6,1,0.0,Detractor,0
13680,1,2,1,10.0,8,3719.12,164,4,4,1,1520.1100000000001,2199.01,929.78,5,0.2,Promoter,1
13681,0,4,1,6.0,3,827.83,37,4,4,0,0.0,827.83,206.9575,4,0.0,Detractor,0
13682,0,3,0,3.0,4,59.5,3,1,1,0,0.0,59.5,59.5,1,0.0,Detractor,0
13684,0,4,0,3.0,3,65.13,29,1,1,1,3.0,62.13,65.13,2,0.5,Detractor,1
13685,0,4,1,6.0,2,3119.44,29,7,6,0,0.0,3119.44,445.63428571428574,7,0.0,Detractor,0
13686,1,1,0,1.0,6,72.0,8,1,1,0,0.0,72.0,72.0,1,0.0,Detractor,0
13689,0,0,0,7.0,6,910.0,6,1,1,0,0.0,910.0,910.0,1,0.0,Passive,0
13690,0,0,0,2.0,4,172.25,9,1,1,0,0.0,172.25,172.25,1,0.0,Detractor,0
13692,1,3,1,8.0,6,1488.32,48,3,3,2,21.45,1466.8700000000001,496.1066666666666,5,0.4,Passive,1
13693,1,1,1,3.0,6,0.0,0,0,0,2,32.0,-32.0,0.0,2,1.0,Detractor,1
13694,0,3,0,1.0,2,62142.58,339,48,33,9,2337.08,59805.5,1294.6370833333333,57,0.15789473684210525,Detractor,1
13695,0,2,1,3.0,6,2504.13,46,15,14,0,0.0,2504.13,166.942,15,0.0,Detractor,0
13697,1,2,1,10.0,4,151.29999999999998,12,1,1,0,0.0,151.29999999999998,151.29999999999998,1,0.0,Promoter,0
13699,0,3,1,5.0,2,308.58000000000004,14,1,1,0,0.0,308.58000000000004,308.58000000000004,1,0.0,Detractor,0
13700,1,2,0,6.0,7,2248.63,139,10,8,0,0.0,2248.63,224.863,10,0.0,Detractor,0
13703,0,2,0,8.0,5,99.5,1,1,1,0,0.0,99.5,99.5,1,0.0,Passive,0
13704,1,4,1,3.0,7,2308.06,111,9,9,1,12.75,2295.31,256.4511111111111,10,0.1,Detractor,1
13705,0,4,1,0.0,7,393.72,16,2,2,0,0.0,393.72,196.86,2,0.0,Detractor,0
13706,0,1,1,6.0,4,330.79,20,1,1,0,0.0,330.79,330.79,1,0.0,Detractor,0
13707,0,4,0,3.0,5,806.41,48,2,2,0,0.0,806.41,403.205,2,0.0,Detractor,0
13708,1,3,1,3.0,3,285.33,49,1,1,0,0.0,285.33,285.33,1,0.0,Detractor,0
13709,0,0,0,2.0,5,6307.650000000001,244,13,8,4,78.94,6228.71,485.2038461538462,17,0.23529411764705882,Detractor,1
13710,0,2,1,7.0,5,180.48,8,1,1,0,0.0,180.48,180.48,1,0.0,Passive,0
13711,0,1,1,5.0,5,252.06,11,2,1,0,0.0,252.06,126.03,2,0.0,Detractor,0
13712,1,3,1,5.0,5,228.84,10,1,1,0,0.0,228.84,228.84,1,0.0,Detractor,0
13715,0,1,0,0.0,6,582.71,57,2,2,1,5.0,577.71,291.355,3,0.3333333333333333,Detractor,1
13716,1,3,1,7.0,7,138.28,21,1,1,0,0.0,138.28,138.28,1,0.0,Passive,0
13717,0,4,1,6.0,5,1445.01,92,6,6,1,12.75,1432.26,240.835,7,0.14285714285714285,Detractor,1
13718,0,2,1,3.0,7,306.55,9,2,2,0,0.0,306.55,153.275,2,0.0,Detractor,0
13719,0,3,0,6.0,8,1041.68,56,5,5,0,0.0,1041.68,208.336,5,0.0,Detractor,0
13720,0,4,0,4.0,7,799.9,42,4,4,0,0.0,799.9,199.975,4,0.0,Detractor,0
13721,0,0,1,8.0,6,524.14,28,1,1,0,0.0,524.14,524.14,1,0.0,Passive,0
13722,1,4,1,9.0,8,2375.41,75,3,2,1,6.25,2369.16,791.8033333333333,4,0.25,Promoter,1
13723,0,3,1,3.0,2,199.85000000000002,6,1,1,0,0.0,199.85000000000002,199.85000000000002,1,0.0,Detractor,0
13725,0,0,1,2.0,3,1980.56,95,8,8,3,170.75,1809.81,247.57,11,0.2727272727272727,Detractor,1
13726,1,0,1,3.0,3,1079.6599999999999,39,2,2,0,0.0,1079.6599999999999,539.8299999999999,2,0.0,Detractor,0
13727,0,4,1,4.0,3,333.48,19,2,2,0,0.0,333.48,166.74,2,0.0,Detractor,0
13728,0,3,1,3.0,5,1016.14,38,6,6,0,0.0,1016.14,169.35666666666665,6,0.0,Detractor,0
13730,1,1,0,7.0,5,752.6,38,2,2,0,0.0,752.6,376.3,2,0.0,Passive,0
13731,0,5,1,2.0,3,610.59,36,2,2,0,0.0,610.59,305.295,2,0.0,Detractor,0
13732,0,5,0,7.0,6,491.86,33,1,1,0,0.0,491.86,491.86,1,0.0,Passive,0
13735,1,4,1,1.0,6,2883.54,158,4,4,4,119.06,2764.48,720.885,8,0.5,Detractor,1
13736,0,0,1,3.0,3,729.8,166,2,2,1,7.9,721.9,364.9,3,0.3333333333333333,Detractor,1
13737,0,3,1,4.0,5,339.59999999999997,29,1,1,0,0.0,339.59999999999997,339.59999999999997,1,0.0,Detractor,0
13739,0,2,0,7.0,9,216.9,3,1,1,0,0.0,216.9,216.9,1,0.0,Passive,0
13740,0,2,0,1.0,6,350.75,23,1,1,0,0.0,350.75,350.75,1,0.0,Detractor,0
13741,0,3,1,3.0,2,668.4300000000001,34,3,3,1,2.1,666.33,222.81000000000003,4,0.25,Detractor,1
13742,0,2,0,1.0,3,3107.87,200,12,11,2,28.599999999999998,3079.27,258.9891666666667,14,0.14285714285714285,Detractor,1
13743,0,0,0,2.0,2,1341.6,8,7,7,1,1.45,1340.1499999999999,191.65714285714284,8,0.125,Detractor,1
13744,0,4,0,4.0,3,1080.52,54,2,2,0,0.0,1080.52,540.26,2,0.0,Detractor,0
13745,0,0,0,2.0,3,300.04,25,1,1,1,8.5,291.54,300.04,2,0.5,Detractor,1
13748,0,0,1,2.0,4,744.25,24,4,3,0,0.0,744.25,186.0625,4,0.0,Detractor,0
13750,0,4,0,5.0,8,1647.26,20,5,5,0,0.0,1647.26,329.452,5,0.0,Detractor,0
13751,0,3,1,5.0,6,296.25,9,1,1,0,0.0,296.25,296.25,1,0.0,Detractor,0
13752,1,1,1,7.0,5,1175.38,64,6,6,0,0.0,1175.38,195.89666666666668,6,0.0,Passive,0
13753,1,2,0,5.0,7,741.26,35,1,1,0,0.0,741.26,741.26,1,0.0,Detractor,0
13754,1,3,1,5.0,2,282.59999999999997,11,2,2,0,0.0,282.59999999999997,141.29999999999998,2,0.0,Detractor,0
13755,1,4,1,10.0,8,2108.06,232,9,8,1,6.67,2101.39,234.2288888888889,10,0.1,Promoter,1
13756,0,1,0,3.0,2,4185.12,61,11,9,1,44.400000000000006,4140.72,380.4654545454545,12,0.08333333333333333,Detractor,1
13758,1,5,1,4.0,8,2471.7,85,5,5,0,0.0,2471.7,494.34,5,0.0,Detractor,0
13759,0,5,0,0.0,5,659.4100000000001,24,2,2,0,0.0,659.4100000000001,329.70500000000004,2,0.0,Detractor,0
13760,0,0,0,3.0,9,286.79,50,2,2,0,0.0,286.79,143.395,2,0.0,Detractor,0
13761,1,0,1,8.0,4,1070.65,68,2,2,0,0.0,1070.65,535.325,2,0.0,Passive,0
13762,0,1,1,5.0,2,306.72,7,1,1,1,306.71999999999997,3.552713678800501e-15,306.72,2,0.5,Detractor,1
13763,0,1,1,1.0,5,1714.96,15,1,1,2,25.5,1689.46,1714.96,3,0.6666666666666666,Detractor,1
13764,1,1,0,3.0,2,1519.42,183,3,3,0,0.0,1519.42,506.47333333333336,3,0.0,Detractor,0
13767,1,1,0,5.0,3,14781.0,48,31,25,14,272.55000000000007,14508.45,476.80645161290323,45,0.3111111111111111,Detractor,1
13769,0,3,1,4.0,7,2474.21,72,9,8,5,22.94,2451.27,274.9122222222222,14,0.35714285714285715,Detractor,1
13771,0,1,0,4.0,8,2634.45,114,4,3,1,2.75,2631.7,658.6125,5,0.2,Detractor,1
13772,0,4,1,3.0,3,1122.63,141,3,3,0,0.0,1122.63,374.21000000000004,3,0.0,Detractor,0
13774,1,3,1,0.0,6,345.0,22,1,1,0,0.0,345.0,345.0,1,0.0,Detractor,0
13777,1,3,1,9.0,5,19015.38,33,23,21,7,186.81,18828.57,826.7556521739131,30,0.23333333333333334,Promoter,1
13778,0,3,1,2.0,9,178.7,9,1,1,0,0.0,178.7,178.7,1,0.0,Detractor,0
13780,0,4,1,5.0,2,360.01,56,2,2,0,0.0,360.01,180.005,2,0.0,Detractor,0
13781,1,5,0,4.0,3,127.84,17,1,1,0,0.0,127.84,127.84,1,0.0,Detractor,0
13782,1,5,0,0.0,3,908.86,96,6,6,0,0.0,908.86,151.47666666666666,6,0.0,Detractor,0
13784,0,4,0,3.0,5,2462.79,9,11,11,0,0.0,2462.79,223.89,11,0.0,Detractor,0
13787,1,0,1,10.0,6,202.64000000000001,17,1,1,0,0.0,202.64000000000001,202.64000000000001,1,0.0,Promoter,0
13790,0,3,0,7.0,3,348.8,45,1,1,0,0.0,348.8,348.8,1,0.0,Passive,0
13791,1,2,1,4.0,9,1516.0,7,2,2,1,468.32000000000005,1047.68,758.0,3,0.3333333333333333,Detractor,1
13792,1,3,1,8.0,4,195.55,13,2,2,0,0.0,195.55,97.775,2,0.0,Passive,0
13798,0,1,1,6.0,3,32983.19,102,55,51,4,374.02000000000004,32609.170000000002,599.6943636363637,59,0.06779661016949153,Detractor,1
13799,0,2,1,7.0,4,688.86,32,2,2,0,0.0,688.86,344.43,2,0.0,Passive,0
13800,0,2,1,1.0,4,558.32,33,1,1,0,0.0,558.32,558.32,1,0.0,Detractor,0
13801,0,3,1,2.0,3,324.8,23,1,1,0,0.0,324.8,324.8,1,0.0,Detractor,0
13802,1,5,1,1.0,5,4599.42,55,3,3,2,575.7,4023.7200000000003,1533.14,5,0.4,Detractor,1
13803,1,1,1,2.0,5,277.07,17,1,1,0,0.0,277.07,277.07,1,0.0,Detractor,0
13804,1,1,1,2.0,5,2588.39,124,7,6,0,0.0,2588.39,369.77,7,0.0,Detractor,0
13805,1,3,0,7.0,6,924.6,10,2,2,0,0.0,924.6,462.3,2,0.0,Passive,0
13806,0,3,1,5.0,2,256.38,10,1,1,0,0.0,256.38,256.38,1,0.0,Detractor,0
13808,1,1,1,7.0,8,1747.66,70,5,5,0,0.0,1747.66,349.53200000000004,5,0.0,Passive,0
13819,1,3,1,1.0,3,1140.35,26,3,3,0,0.0,1140.35,380.1166666666666,3,0.0,Detractor,0
13821,0,3,0,6.0,3,385.64,51,2,2,0,0.0,385.64,192.82,2,0.0,Detractor,0
13822,0,3,1,5.0,6,632.0,90,2,2,0,0.0,632.0,316.0,2,0.0,Detractor,0
13823,0,1,1,2.0,2,957.66,39,2,2,0,0.0,957.66,478.83,2,0.0,Detractor,0
13824,1,2,0,1.0,9,1698.94,34,5,5,0,0.0,1698.94,339.788,5,0.0,Detractor,0
13826,0,5,1,6.0,5,189.5,10,1,1,1,14.85,174.65,189.5,2,0.5,Detractor,1
13827,1,1,1,2.0,3,409.8,83,3,3,0,0.0,409.8,136.6,3,0.0,Detractor,0
13828,1,3,1,1.0,6,209.49,15,1,1,0,0.0,209.49,209.49,1,0.0,Detractor,0
13831,1,1,1,1.0,4,1790.4499999999998,58,5,5,0,0.0,1790.4499999999998,358.09,5,0.0,Detractor,0
13832,0,3,1,1.0,7,52.199999999999996,3,1,1,1,11.25,40.949999999999996,52.199999999999996,2,0.5,Detractor,1
13833,0,1,0,3.0,4,383.85,28,1,1,0,0.0,383.85,383.85,1,0.0,Detractor,0
13835,0,3,0,1.0,2,834.57,48,4,4,0,0.0,834.57,208.6425,4,0.0,Detractor,0
13837,1,1,1,4.0,8,266.59000000000003,17,2,2,0,0.0,266.59000000000003,133.29500000000002,2,0.0,Detractor,0
13838,0,1,0,5.0,8,444.16,99,3,2,0,0.0,444.16,148.05333333333334,3,0.0,Detractor,0
13841,0,3,1,2.0,5,85.0,1,1,1,0,0.0,85.0,85.0,1,0.0,Detractor,0
13842,1,2,1,0.0,5,3075.05,147,8,8,0,0.0,3075.05,384.38125,8,0.0,Detractor,0
13844,0,4,1,3.0,4,361.62,20,1,1,0,0.0,361.62,361.62,1,0.0,Detractor,0
13845,0,1,1,0.0,9,312.98,9,1,1,0,0.0,312.98,312.98,1,0.0,Detractor,0
13846,1,5,1,4.0,5,453.66,27,2,2,1,17.45,436.21000000000004,226.83,3,0.3333333333333333,Detractor,1
13848,0,3,1,1.0,4,935.0,3,2,2,0,0.0,935.0,467.5,2,0.0,Detractor,0
13849,0,5,0,0.0,8,1537.95,97,2,2,0,0.0,1537.95,768.975,2,0.0,Detractor,0
13850,1,4,1,8.0,8,1595.48,93,1,1,1,8.67,1586.81,1595.48,2,0.5,Passive,1
13851,1,4,1,5.0,7,2651.46,77,3,3,0,0.0,2651.46,883.82,3,0.0,Detractor,0
13853,0,1,1,0.0,9,1090.14,23,1,1,1,33.2,1056.94,1090.14,2,0.5,Detractor,1
13854,1,4,1,3.0,8,7500.08,36,23,23,3,54.8,7445.28,326.09043478260867,26,0.11538461538461539,Detractor,1
13856,0,4,1,2.0,4,388.5,10,3,3,2,25.1,363.4,129.5,5,0.4,Detractor,1
13858,1,1,1,6.0,8,216.17,11,1,1,0,0.0,216.17,216.17,1,0.0,Detractor,0
13859,0,2,0,3.0,8,201.16,27,1,1,0,0.0,201.16,201.16,1,0.0,Detractor,0
13860,1,4,1,3.0,2,1245.9,58,5,4,1,5.9,1240.0,249.18,6,0.16666666666666666,Detractor,1
13862,0,1,0,6.0,8,2209.36,97,8,8,2,22.05,2187.31,276.17,10,0.2,Detractor,1
13863,0,0,0,3.0,3,305.78,20,1,1,1,6.22,299.56,305.78,2,0.5,Detractor,1
13865,0,1,0,6.0,2,501.56,26,4,4,0,0.0,501.56,125.39,4,0.0,Detractor,0
13866,1,3,0,1.0,3,145.67000000000002,7,1,1,0,0.0,145.67000000000002,145.67000000000002,1,0.0,Detractor,0
13867,1,3,1,7.0,3,1005.09,51,3,3,0,0.0,1005.09,335.03000000000003,3,0.0,Passive,0
13868,1,4,0,9.0,5,3192.54,32,2,2,0,0.0,3192.54,1596.27,2,0.0,Promoter,0
13869,1,2,1,9.0,8,2760.03,227,3,3,0,0.0,2760.03,920.0100000000001,3,0.0,Promoter,0
13870,0,0,0,0.0,5,2770.94,91,8,6,2,19.69,2751.25,346.3675,10,0.2,Detractor,1
13871,0,5,1,3.0,2,6403.25,155,13,12,1,13.450000000000001,6389.8,492.5576923076923,14,0.07142857142857142,Detractor,1
13873,0,2,1,3.0,9,389.6,21,3,3,1,7.9,381.7,129.86666666666667,4,0.25,Detractor,1
13875,0,2,0,4.0,8,1786.79,79,5,5,0,0.0,1786.79,357.358,5,0.0,Detractor,0
13876,0,2,0,2.0,4,122.7,7,1,1,0,0.0,122.7,122.7,1,0.0,Detractor,0
13877,0,5,0,7.0,4,117.24,3,1,1,0,0.0,117.24,117.24,1,0.0,Passive,0
13878,0,1,1,0.0,7,1271.57,35,1,1,0,0.0,1271.57,1271.57,1,0.0,Detractor,0
13880,0,3,1,7.0,3,3121.97,122,12,9,0,0.0,3121.97,260.16416666666663,12,0.0,Passive,0
13881,1,2,1,6.0,4,17159.52,72,20,16,2,170.0,16989.52,857.976,22,0.09090909090909091,Detractor,1
13882,1,3,1,1.0,6,1191.13,54,5,5,1,59.849999999999994,1131.28,238.22600000000003,6,0.16666666666666666,Detractor,1
13883,0,2,1,7.0,4,2674.48,108,5,3,4,135.73000000000002,2538.75,534.896,9,0.4444444444444444,Passive,1
13884,1,4,1,9.0,7,787.6,45,5,4,1,6.300000000000001,781.3000000000001,157.52,6,0.16666666666666666,Promoter,1
13885,1,2,1,2.0,9,506.8,28,2,2,0,0.0,506.8,253.4,2,0.0,Detractor,0
13886,1,3,0,9.0,2,243.56,16,1,1,0,0.0,243.56,243.56,1,0.0,Promoter,0
13887,1,4,1,2.0,6,349.55,19,1,1,0,0.0,349.55,349.55,1,0.0,Detractor,0
13888,1,4,1,9.0,7,595.67,38,2,2,0,0.0,595.67,297.835,2,0.0,Promoter,0
13889,1,2,1,4.0,6,416.90000000000003,15,1,1,0,0.0,416.90000000000003,416.90000000000003,1,0.0,Detractor,0
13890,1,3,0,7.0,3,1693.46,69,9,8,4,22.95,1670.51,188.16222222222223,13,0.3076923076923077,Passive,1
13892,1,1,0,9.0,8,632.97,26,4,4,0,0.0,632.97,158.2425,4,0.0,Promoter,0
13893,0,2,1,8.0,3,821.1,21,1,1,0,0.0,821.1,821.1,1,0.0,Passive,0
13894,0,3,0,0.0,3,564.62,25,3,2,2,28.65,535.97,188.20666666666668,5,0.4,Detractor,1
13895,1,4,1,7.0,3,2593.07,97,4,4,1,4.95,2588.12,648.2675,5,0.2,Passive,1
13897,1,2,1,2.0,8,311.16,17,1,1,0,0.0,311.16,311.16,1,0.0,Detractor,0
13898,0,3,0,5.0,8,155.93,12,1,1,0,0.0,155.93,155.93,1,0.0,Detractor,0
13899,0,3,1,6.0,8,388.52,19,2,2,0,0.0,388.52,194.26,2,0.0,Detractor,0
13900,1,1,1,6.0,4,740.95,42,3,3,0,0.0,740.95,246.98333333333335,3,0.0,Detractor,0
13901,0,5,0,2.0,3,2867.2,144,5,5,0,0.0,2867.2,573.4399999999999,5,0.0,Detractor,0
13904,0,1,1,4.0,5,332.64,24,2,2,0,0.0,332.64,166.32,2,0.0,Detractor,0
13908,1,4,1,7.0,3,2369.55,104,4,4,1,22.500000000000004,2347.05,592.3875,5,0.2,Passive,1
13911,1,1,1,8.0,4,2580.91,120,9,9,0,0.0,2580.91,286.7677777777778,9,0.0,Passive,0
13914,1,1,1,3.0,6,626.45,28,2,2,1,12.5,613.95,313.225,3,0.3333333333333333,Detractor,1
13917,0,3,1,7.0,6,272.04,16,2,2,0,0.0,272.04,136.02,2,0.0,Passive,0
13918,0,2,1,8.0,7,1212.8400000000001,30,2,2,0,0.0,1212.8400000000001,606.4200000000001,2,0.0,Passive,0
13923,0,2,1,2.0,5,351.13,20,1,1,0,0.0,351.13,351.13,1,0.0,Detractor,0
13924,1,1,0,7.0,2,1838.8500000000001,90,6,6,5,156.77,1682.08,306.475,11,0.45454545454545453,Passive,1
13925,0,1,0,2.0,9,678.25,28,4,3,2,61.599999999999994,616.65,169.5625,6,0.3333333333333333,Detractor,1
13926,0,2,0,3.0,3,223.85000000000002,11,1,1,0,0.0,223.85000000000002,223.85000000000002,1,0.0,Detractor,0
13927,0,1,1,1.0,3,348.99,21,1,1,0,0.0,348.99,348.99,1,0.0,Detractor,0
13928,1,0,1,9.0,6,464.57,23,4,4,0,0.0,464.57,116.1425,4,0.0,Promoter,0
13929,1,4,0,3.0,4,842.65,8,2,2,1,39.8,802.85,421.325,3,0.3333333333333333,Detractor,1
13930,0,3,0,4.0,4,337.34,15,2,2,0,0.0,337.34,168.67,2,0.0,Detractor,0
13931,0,5,1,0.0,4,1237.53,56,2,2,1,6.6,1230.93,618.765,3,0.3333333333333333,Detractor,1
13932,0,2,0,6.0,8,307.4,16,1,1,0,0.0,307.4,307.4,1,0.0,Detractor,0
13933,1,4,1,7.0,4,608.7900000000001,23,2,2,0,0.0,608.7900000000001,304.39500000000004,2,0.0,Passive,0
13934,1,3,1,1.0,6,922.1,31,1,1,0,0.0,922.1,922.1,1,0.0,Detractor,0
13936,1,3,0,6.0,6,376.58,26,1,1,1,15.299999999999999,361.28,376.58,2,0.5,Detractor,1
13937,1,5,0,3.0,7,158.85,9,1,1,0,0.0,158.85,158.85,1,0.0,Detractor,0
13938,1,4,0,6.0,3,71.66,7,1,1,0,0.0,71.66,71.66,1,0.0,Detractor,0
13939,1,0,1,5.0,6,568.55,43,3,3,1,11.8,556.75,189.51666666666665,4,0.25,Detractor,1
13940,0,3,1,3.0,3,839.14,39,4,4,0,0.0,839.14,209.785,4,0.0,Detractor,0
13941,0,2,0,2.0,4,4017.84,20,4,4,1,124.95,3892.8900000000003,1004.46,5,0.2,Detractor,1
13946,0,4,0,8.0,7,561.5699999999999,11,3,3,0,0.0,561.5699999999999,187.18999999999997,3,0.0,Passive,0
13947,1,2,0,6.0,5,90.6,5,1,1,0,0.0,90.6,90.6,1,0.0,Detractor,0
13949,1,4,1,2.0,7,2427.32,124,6,6,0,0.0,2427.32,404.55333333333334,6,0.0,Detractor,0
13950,0,3,1,2.0,3,745.06,33,4,4,1,16.5,728.56,186.265,5,0.2,Detractor,1
13951,0,3,0,6.0,8,674.45,38,3,3,0,0.0,674.45,224.8166666666667,3,0.0,Detractor,0
13952,1,3,0,,5,3251.071,120,2,2,1,4.9799999999999995,3246.091,1625.5355,3,0.3333333333333333,,1
13953,1,3,0,6.0,7,3015.68,8,6,6,0,0.0,3015.68,502.6133333333333,6,0.0,Detractor,0
13954,0,4,1,8.0,5,439.92,24,2,2,1,61.33,378.59,219.96,3,0.3333333333333333,Passive,1
13955,0,4,1,1.0,9,322.96,33,2,2,0,0.0,322.96,161.48,2,0.0,Detractor,0
13956,0,0,1,3.0,6,1019.27,123,5,5,0,0.0,1019.27,203.85399999999998,5,0.0,Detractor,0
13959,1,2,1,4.0,6,379.3,68,2,2,0,0.0,379.3,189.65,2,0.0,Detractor,0
13960,1,1,1,0.0,8,230.22,11,2,2,0,0.0,230.22,115.11,2,0.0,Detractor,0
13962,0,0,1,3.0,6,169.55,11,2,2,0,0.0,169.55,84.775,2,0.0,Detractor,0
13963,0,4,0,5.0,3,513.24,28,3,3,0,0.0,513.24,171.08,3,0.0,Detractor,0
13967,0,5,0,4.0,7,80.7,2,1,1,0,0.0,80.7,80.7,1,0.0,Detractor,0
13969,1,2,1,9.0,9,8706.58,322,17,16,2,67.25,8639.33,512.1517647058823,19,0.10526315789473684,Promoter,1
13971,0,3,0,3.0,4,2758.26,118,8,8,3,56.040000000000006,2702.2200000000003,344.7825,11,0.2727272727272727,Detractor,1
13972,0,3,0,3.0,3,190.25,15,2,2,0,0.0,190.25,95.125,2,0.0,Detractor,0
13973,1,4,1,9.0,3,264.7,11,1,1,0,0.0,264.7,264.7,1,0.0,Promoter,0
13974,1,2,1,9.0,8,413.59000000000003,28,1,1,0,0.0,413.59000000000003,413.59000000000003,1,0.0,Promoter,0
13975,1,1,0,2.0,8,2461.2400000000002,240,6,5,1,23.05,2438.19,410.2066666666667,7,0.14285714285714285,Detractor,1
13976,0,1,1,3.0,5,357.98,10,1,1,0,0.0,357.98,357.98,1,0.0,Detractor,0
13978,0,4,1,0.0,4,196.79000000000002,14,2,2,0,0.0,196.79000000000002,98.39500000000001,2,0.0,Detractor,0
13979,0,5,0,8.0,3,869.87,54,1,1,0,0.0,869.87,869.87,1,0.0,Passive,0
13980,0,1,0,8.0,3,200.14,11,1,1,0,0.0,200.14,200.14,1,0.0,Passive,0
13982,0,2,0,2.0,6,1443.21,67,3,3,1,10.700000000000001,1432.51,481.07,4,0.25,Detractor,1
13983,0,1,1,1.0,6,2274.07,78,11,9,1,12.969999999999999,2261.1,206.73363636363638,12,0.08333333333333333,Detractor,1
13984,1,5,1,5.0,2,765.71,10,4,4,1,432.48,333.22999999999996,191.4275,5,0.2,Detractor,1
13985,1,2,1,8.0,5,7060.13,108,15,15,1,35.6,7024.53,470.67533333333336,16,0.0625,Passive,1
13986,0,2,0,2.0,5,320.46,12,1,1,0,0.0,320.46,320.46,1,0.0,Detractor,0
13988,1,1,1,2.0,8,4147.96,188,6,6,3,49.160000000000004,4098.8,691.3266666666667,9,0.3333333333333333,Detractor,1
13989,1,2,1,3.0,9,1266.08,33,2,2,0,0.0,1266.08,633.04,2,0.0,Detractor,0
13990,0,3,0,4.0,4,311.3,16,1,1,0,0.0,311.3,311.3,1,0.0,Detractor,0
13991,1,5,0,6.0,4,852.88,58,6,5,1,5.34,847.54,142.14666666666668,7,0.14285714285714285,Detractor,1
13992,1,4,1,6.0,8,76.8,5,1,1,0,0.0,76.8,76.8,1,0.0,Detractor,0
13993,0,1,1,3.0,8,3466.36,66,9,9,3,56.7,3409.66,385.1511111111111,12,0.25,Detractor,1
13994,0,2,1,7.0,6,2274.14,122,6,6,0,0.0,2274.14,379.0233333333333,6,0.0,Passive,0
13995,1,2,0,6.0,5,1393.69,55,5,5,1,10.2,1383.49,278.738,6,0.16666666666666666,Detractor,1
13999,0,1,0,3.0,5,3599.71,95,11,11,3,36.55,3563.16,327.24636363636364,14,0.21428571428571427,Detractor,1
14000,0,2,1,6.0,4,635.66,15,1,1,1,1.9500000000000002,633.71,635.66,2,0.5,Detractor,1
14001,1,2,0,5.0,8,1741.8400000000001,28,2,2,1,12.75,1729.0900000000001,870.9200000000001,3,0.3333333333333333,Detractor,1
14002,1,0,0,4.0,3,529.73,47,2,2,0,0.0,529.73,264.865,2,0.0,Detractor,0
14004,0,1,0,4.0,9,4582.64,102,7,7,0,0.0,4582.64,654.6628571428572,7,0.0,Detractor,0
14005,0,2,0,3.0,5,2874.72,53,5,5,0,0.0,2874.72,574.944,5,0.0,Detractor,0
14006,1,0,1,1.0,7,962.19,22,3,3,0,0.0,962.19,320.73,3,0.0,Detractor,0
14009,0,5,0,2.0,8,695.61,42,2,2,1,9.680000000000001,685.9300000000001,347.805,3,0.3333333333333333,Detractor,1
14012,0,2,1,7.0,2,328.8,11,1,1,0,0.0,328.8,328.8,1,0.0,Passive,0
14013,1,4,0,9.0,2,473.02,30,3,3,0,0.0,473.02,157.67333333333332,3,0.0,Promoter,0
14014,0,0,0,2.0,5,505.18,39,1,1,0,0.0,505.18,505.18,1,0.0,Detractor,0
14015,0,3,1,8.0,5,917.34,20,1,1,0,0.0,917.34,917.34,1,0.0,Passive,0
14019,0,2,0,2.0,3,1421.61,37,3,3,1,22.65,1398.96,473.86999999999995,4,0.25,Detractor,1
14020,1,4,1,9.0,9,642.8,37,2,2,0,0.0,642.8,321.4,2,0.0,Promoter,0
14021,0,0,1,2.0,7,631.9,22,3,3,0,0.0,631.9,210.63333333333333,3,0.0,Detractor,0
14022,1,3,1,6.0,8,440.0,28,1,1,0,0.0,440.0,440.0,1,0.0,Detractor,0
14023,1,2,1,2.0,3,584.07,30,2,2,0,0.0,584.07,292.035,2,0.0,Detractor,0
14024,1,0,1,9.0,3,327.7,16,2,2,0,0.0,327.7,163.85,2,0.0,Promoter,0
14027,1,0,0,1.0,4,104.82,6,1,1,0,0.0,104.82,104.82,1,0.0,Detractor,0
14029,1,4,0,7.0,2,467.66,15,2,2,0,0.0,467.66,233.83,2,0.0,Passive,0
14030,0,1,1,2.0,6,1682.34,183,6,6,0,0.0,1682.34,280.39,6,0.0,Detractor,0
14031,0,0,1,5.0,3,14717.91,109,16,14,3,2650.27,12067.64,919.869375,19,0.15789473684210525,Detractor,1
14032,0,3,0,6.0,7,2356.17,45,9,9,5,36.6,2319.5699999999997,261.7966666666667,14,0.35714285714285715,Detractor,1
14034,1,2,1,0.0,5,648.89,82,3,2,1,139.8,509.09,216.29666666666665,4,0.25,Detractor,1
14035,1,3,1,10.0,8,1428.02,41,5,5,0,0.0,1428.02,285.604,5,0.0,Promoter,0
14036,0,1,1,5.0,3,626.65,38,1,1,0,0.0,626.65,626.65,1,0.0,Detractor,0
14037,0,2,1,3.0,5,35.400000000000006,2,1,1,0,0.0,35.400000000000006,35.400000000000006,1,0.0,Detractor,0
14038,0,5,1,2.0,7,1560.38,64,3,3,1,5.9,1554.48,520.1266666666667,4,0.25,Detractor,1
14039,0,1,1,8.0,2,152.2,6,1,1,0,0.0,152.2,152.2,1,0.0,Passive,0
14040,1,5,0,1.0,2,3560.32,146,12,11,3,72.72999999999999,3487.59,296.6933333333333,15,0.2,Detractor,1
14041,0,0,1,1.0,4,141.41,21,1,1,0,0.0,141.41,141.41,1,0.0,Detractor,0
14044,1,2,1,9.0,7,646.42,165,4,4,0,0.0,646.42,161.605,4,0.0,Promoter,0
14045,1,2,1,3.0,3,1333.35,4,3,2,0,0.0,1333.35,444.45,3,0.0,Detractor,0
14046,1,2,0,9.0,6,154.99,14,1,1,0,0.0,154.99,154.99,1,0.0,Promoter,0
14047,0,4,0,3.0,9,1021.69,15,4,4,1,9.3,1012.3900000000001,255.4225,5,0.2,Detractor,1
14048,1,4,1,1.0,2,409.93,83,1,1,1,34.8,375.13,409.93,2,0.5,Detractor,1
14049,1,2,1,7.0,3,5578.72,348,4,4,2,42.57,5536.15,1394.68,6,0.3333333333333333,Passive,1
14050,1,2,1,5.0,2,746.36,49,2,2,0,0.0,746.36,373.18,2,0.0,Detractor,0
14051,1,4,0,6.0,9,13782.23,43,20,19,3,133.05,13649.18,689.1115,23,0.13043478260869565,Detractor,1
14052,0,1,1,6.0,7,225.36,56,1,1,0,0.0,225.36,225.36,1,0.0,Detractor,0
14053,0,1,0,1.0,3,260.25,2,2,2,0,0.0,260.25,130.125,2,0.0,Detractor,0
14054,0,4,0,3.0,4,92.46,6,1,1,0,0.0,92.46,92.46,1,0.0,Detractor,0
14055,0,1,1,2.0,4,725.6400000000001,10,1,1,0,0.0,725.6400000000001,725.6400000000001,1,0.0,Detractor,0
14056,0,5,1,2.0,4,8152.71,320,23,23,6,90.25000000000001,8062.46,354.46565217391304,29,0.20689655172413793,Detractor,1
14057,1,0,0,8.0,7,5285.74,146,15,13,1,70.56,5215.18,352.38266666666664,16,0.0625,Passive,1
14059,1,4,1,6.0,3,183.6,8,1,1,0,0.0,183.6,183.6,1,0.0,Detractor,0
14060,0,5,1,3.0,4,5266.38,80,16,16,1,5.04,5261.34,329.14875,17,0.058823529411764705,Detractor,1
14062,0,2,1,2.0,3,9020.73,38,9,9,0,0.0,9020.73,1002.3033333333333,9,0.0,Detractor,0
14064,0,3,0,0.0,7,1334.34,59,5,5,2,165.42,1168.92,266.868,7,0.2857142857142857,Detractor,1
14066,0,4,1,3.0,8,152.55,7,1,1,0,0.0,152.55,152.55,1,0.0,Detractor,0
14067,0,0,0,6.0,3,374.7,51,2,2,0,0.0,374.7,187.35,2,0.0,Detractor,0
14068,0,3,1,8.0,5,265.85,22,1,1,0,0.0,265.85,265.85,1,0.0,Passive,0
14071,0,4,0,1.0,2,1437.57,271,8,7,1,131.41,1306.16,179.69625,9,0.1111111111111111,Detractor,1
14073,0,0,0,1.0,4,151.04,13,1,1,1,11.5,139.54,151.04,2,0.5,Detractor,1
14075,0,4,0,7.0,9,942.26,33,3,3,0,0.0,942.26,314.08666666666664,3,0.0,Passive,0
14076,0,5,0,5.0,5,118.67,43,1,1,0,0.0,118.67,118.67,1,0.0,Detractor,0
14077,0,2,1,7.0,2,499.41999999999996,33,5,5,0,0.0,499.41999999999996,99.88399999999999,5,0.0,Passive,0
14078,0,5,0,2.0,2,913.13,39,5,5,0,0.0,913.13,182.626,5,0.0,Detractor,0
14079,0,5,0,5.0,6,375.1,12,1,1,0,0.0,375.1,375.1,1,0.0,Detractor,0
14080,0,3,0,3.0,6,45.599999999999994,4,1,1,0,0.0,45.599999999999994,45.599999999999994,1,0.0,Detractor,0
14081,0,1,0,2.0,3,498.1,78,1,1,2,29.849999999999998,468.25,498.1,3,0.6666666666666666,Detractor,1
14083,0,5,0,7.0,4,558.54,85,6,6,0,0.0,558.54,93.08999999999999,6,0.0,Passive,0
14085,0,4,0,8.0,4,3255.8,230,15,13,0,0.0,3255.8,217.05333333333334,15,0.0,Passive,0
14087,0,0,0,1.0,2,191.47,61,1,1,1,12.75,178.72,191.47,2,0.5,Detractor,1
14088,0,3,0,2.0,9,50491.81,379,13,12,1,76.32000000000001,50415.49,3883.9853846153846,14,0.07142857142857142,Detractor,1
14089,0,2,1,7.0,4,158.75,13,1,1,0,0.0,158.75,158.75,1,0.0,Passive,0
14090,0,2,0,2.0,7,76.32000000000001,1,1,1,0,0.0,76.32000000000001,76.32000000000001,1,0.0,Detractor,0
14092,0,2,1,6.0,2,3475.18,99,12,10,2,7.91,3467.27,289.5983333333333,14,0.14285714285714285,Detractor,1
14093,0,1,0,4.0,8,433.86,95,1,1,0,0.0,433.86,433.86,1,0.0,Detractor,0
14096,0,0,0,7.0,9,65164.79,1119,17,17,17,8043.880000000001,57120.909999999996,3833.2229411764706,34,0.5,Passive,1
14098,0,0,0,0.0,9,147.35,21,1,1,0,0.0,147.35,147.35,1,0.0,Detractor,0
14099,0,1,1,2.0,7,2720.65,144,10,10,1,11.2,2709.4500000000003,272.065,11,0.09090909090909091,Detractor,1
14100,0,2,0,2.0,4,191.95000000000002,24,1,1,0,0.0,191.95000000000002,191.95000000000002,1,0.0,Detractor,0
14101,0,2,1,2.0,3,5976.79,15,6,6,0,0.0,5976.79,996.1316666666667,6,0.0,Detractor,0
14102,0,1,0,1.0,4,1105.8799999999999,35,5,5,3,45.55,1060.33,221.176,8,0.375,Detractor,1
14104,0,3,0,2.0,4,216.20999999999998,21,2,2,0,0.0,216.20999999999998,108.10499999999999,2,0.0,Detractor,0
14105,0,4,0,2.0,3,1266.23,74,1,1,1,5.9,1260.33,1266.23,2,0.5,Detractor,1
14107,0,2,1,4.0,6,2339.9900000000002,56,6,6,0,0.0,2339.9900000000002,389.9983333333334,6,0.0,Detractor,0
14108,0,3,1,1.0,7,597.91,33,2,2,1,3.75,594.16,298.955,3,0.3333333333333333,Detractor,1
14109,0,3,0,5.0,5,144.2,9,1,1,1,64.0,80.2,144.2,2,0.5,Detractor,1
14110,0,3,0,2.0,3,5683.15,94,12,12,1,13.5,5669.65,473.5958333333333,13,0.07692307692307693,Detractor,1
14111,0,4,1,2.0,6,692.85,10,4,4,1,4.25,688.6,173.2125,5,0.2,Detractor,1
14112,0,1,0,1.0,7,2915.15,117,7,5,5,140.98000000000002,2774.17,416.45,12,0.4166666666666667,Detractor,1
14113,0,1,0,7.0,5,1406.92,25,3,3,3,437.25,969.6700000000001,468.97333333333336,6,0.5,Passive,1
14114,0,2,1,8.0,3,386.53,15,2,2,0,0.0,386.53,193.265,2,0.0,Passive,0
14116,0,0,1,5.0,4,1382.74,61,5,5,0,0.0,1382.74,276.548,5,0.0,Detractor,0
14117,0,5,0,2.0,9,90.0,3,1,1,0,0.0,90.0,90.0,1,0.0,Detractor,0
14121,0,4,0,6.0,8,2780.15,148,4,4,2,39.85,2740.3,695.0375,6,0.3333333333333333,Detractor,1
14124,0,5,1,1.0,3,419.58000000000004,4,1,1,0,0.0,419.58000000000004,419.58000000000004,1,0.0,Detractor,0
14125,0,2,1,0.0,6,2720.63,159,3,3,0,0.0,2720.63,906.8766666666667,3,0.0,Detractor,0
14126,0,3,1,6.0,8,706.1300000000001,14,3,2,1,62.5,643.6300000000001,235.3766666666667,4,0.25,Detractor,1
14127,0,4,1,7.0,3,709.71,39,3,3,0,0.0,709.71,236.57000000000002,3,0.0,Passive,0
14128,0,2,1,4.0,6,637.5,40,2,2,0,0.0,637.5,318.75,2,0.0,Detractor,0
14129,1,3,1,10.0,8,1123.8600000000001,31,5,4,0,0.0,1123.8600000000001,224.77200000000002,5,0.0,Promoter,0
14130,1,4,1,8.0,2,480.91,66,1,1,0,0.0,480.91,480.91,1,0.0,Passive,0
14132,1,2,1,5.0,8,3586.0299999999997,100,11,11,1,5.9,3580.13,326.00272727272727,12,0.08333333333333333,Detractor,1
14133,1,4,0,6.0,6,605.64,25,3,2,2,15.3,590.3399999999999,201.88,5,0.4,Detractor,1
14135,1,5,0,3.0,5,3743.26,70,11,11,0,0.0,3743.26,340.29636363636365,11,0.0,Detractor,0
14138,0,1,1,2.0,7,965.8800000000001,40,2,2,0,0.0,965.8800000000001,482.94000000000005,2,0.0,Detractor,0
14139,1,0,1,2.0,4,415.82,26,1,1,0,0.0,415.82,415.82,1,0.0,Detractor,0
14140,0,3,1,6.0,5,935.05,60,2,2,1,15.0,920.05,467.525,3,0.3333333333333333,Detractor,1
14141,0,2,1,2.0,5,915.13,27,4,4,2,36.1,879.0300000000001,228.7825,6,0.3333333333333333,Detractor,1
14143,1,4,1,8.0,3,115.8,7,1,1,0,0.0,115.8,115.8,1,0.0,Passive,0
14145,0,1,0,1.0,6,3742.2,6,4,4,1,594.0,3148.2,935.55,5,0.2,Detractor,1
14146,0,1,1,0.0,2,2949.57,161,4,3,1,1241.4299999999998,1708.14,737.3925,5,0.2,Detractor,1
14147,1,4,1,9.0,3,483.4,4,2,2,1,15.0,468.4,241.7,3,0.3333333333333333,Promoter,1
14148,1,1,0,5.0,8,157.2,3,1,1,0,0.0,157.2,157.2,1,0.0,Detractor,0
14149,1,4,1,1.0,4,446.62,28,1,1,2,187.19,259.43,446.62,3,0.6666666666666666,Detractor,1
14150,0,1,0,0.0,8,352.46000000000004,14,1,1,0,0.0,352.46000000000004,352.46000000000004,1,0.0,Detractor,0
14152,1,0,1,5.0,4,621.29,47,2,2,1,10.2,611.09,310.645,3,0.3333333333333333,Detractor,1
14154,0,0,1,1.0,6,1345.62,52,2,1,0,0.0,1345.62,672.81,2,0.0,Detractor,0
14155,0,5,1,2.0,4,118.75,6,1,1,0,0.0,118.75,118.75,1,0.0,Detractor,0
14157,1,3,1,3.0,3,424.89000000000004,45,2,2,1,32.45,392.44,212.44500000000002,3,0.3333333333333333,Detractor,1
14158,1,0,1,1.0,4,507.66,41,1,1,0,0.0,507.66,507.66,1,0.0,Detractor,0
14159,0,1,1,3.0,7,4440.43,488,10,10,3,14.71,4425.72,444.043,13,0.23076923076923078,Detractor,1
14161,0,4,0,8.0,6,814.47,69,2,2,0,0.0,814.47,407.235,2,0.0,Passive,0
14162,0,5,1,3.0,8,289.36,25,2,2,0,0.0,289.36,144.68,2,0.0,Detractor,0
14163,1,1,0,8.0,4,2445.91,36,4,4,0,0.0,2445.91,611.4775,4,0.0,Passive,0
14164,0,5,1,3.0,2,1631.77,28,2,2,0,0.0,1631.77,815.885,2,0.0,Detractor,0
14165,0,0,0,3.0,4,120.44,23,1,1,0,0.0,120.44,120.44,1,0.0,Detractor,0
14167,1,1,1,1.0,8,562.59,27,4,4,0,0.0,562.59,140.6475,4,0.0,Detractor,0
14171,0,1,0,3.0,2,363.79,57,1,1,0,0.0,363.79,363.79,1,0.0,Detractor,0
14173,1,5,0,7.0,7,450.84,28,4,3,0,0.0,450.84,112.71,4,0.0,Passive,0
14174,1,2,1,2.0,4,134.46,26,1,1,0,0.0,134.46,134.46,1,0.0,Detractor,0
14175,0,2,1,3.0,3,3222.3,139,3,3,4,114.23999999999998,3108.06,1074.1000000000001,7,0.5714285714285714,Detractor,1
14176,1,2,1,8.0,6,417.35,22,3,2,0,0.0,417.35,139.11666666666667,3,0.0,Passive,0
14177,0,1,1,2.0,5,549.46,37,4,3,1,4.95,544.51,137.365,5,0.2,Detractor,1
14178,1,2,1,9.0,7,1600.26,191,7,7,0,0.0,1600.26,228.60857142857142,7,0.0,Promoter,0
14179,1,5,0,8.0,4,701.57,135,2,2,0,0.0,701.57,350.785,2,0.0,Passive,0
14180,1,4,1,3.0,6,3852.27,98,21,21,6,107.75,3744.52,183.44142857142856,27,0.2222222222222222,Detractor,1
14184,0,3,1,6.0,4,452.89,24,1,1,0,0.0,452.89,452.89,1,0.0,Detractor,0
14185,1,0,1,6.0,9,197.65,3,1,1,0,0.0,197.65,197.65,1,0.0,Detractor,0
14188,0,2,0,2.0,4,2054.36,34,6,6,4,35.45,2018.91,342.3933333333334,10,0.4,Detractor,1
14189,1,4,1,10.0,6,4342.84,172,14,13,9,49.769999999999996,4293.07,310.20285714285717,23,0.391304347826087,Promoter,1
14191,1,4,1,6.0,7,4684.76,145,13,13,1,24.75,4660.01,360.36615384615385,14,0.07142857142857142,Detractor,1
14193,0,1,1,4.0,9,853.39,35,2,2,0,0.0,853.39,426.695,2,0.0,Detractor,0
14194,0,2,1,3.0,5,11349.52,269,21,15,11,132.77,11216.75,540.4533333333334,32,0.34375,Detractor,1
14195,0,1,1,5.0,7,1012.0,7,2,2,1,49.3,962.7,506.0,3,0.3333333333333333,Detractor,1
14196,0,2,0,8.0,6,335.52,6,1,1,0,0.0,335.52,335.52,1,0.0,Passive,0
14198,0,4,1,7.0,8,701.4,35,4,4,3,37.900000000000006,663.5,175.35,7,0.42857142857142855,Passive,1
14199,0,1,0,7.0,5,185.39999999999998,2,1,1,0,0.0,185.39999999999998,185.39999999999998,1,0.0,Passive,0
14201,0,3,0,5.0,2,680.2,28,6,6,2,59.400000000000006,620.8,113.36666666666667,8,0.25,Detractor,1
14204,0,4,1,1.0,6,150.61,36,1,1,0,0.0,150.61,150.61,1,0.0,Detractor,0
14205,1,4,0,1.0,4,466.7,23,2,2,1,9.72,456.98,233.35,3,0.3333333333333333,Detractor,1
14206,1,1,0,10.0,6,328.15999999999997,20,1,1,0,0.0,328.15999999999997,328.15999999999997,1,0.0,Promoter,0
14208,0,2,0,0.0,6,151.74,10,1,1,0,0.0,151.74,151.74,1,0.0,Detractor,0
14209,0,4,1,8.0,6,2073.43,55,6,6,1,6.300000000000001,2067.13,345.57166666666666,7,0.14285714285714285,Passive,1
14210,1,2,1,2.0,3,1600.89,60,5,5,1,4.95,1595.94,320.178,6,0.16666666666666666,Detractor,1
14211,1,1,1,6.0,8,2241.1,87,9,9,4,32.8,2208.3,249.0111111111111,13,0.3076923076923077,Detractor,1
14212,0,1,0,2.0,2,1070.48,9,1,1,0,0.0,1070.48,1070.48,1,0.0,Detractor,0
14214,1,5,0,3.0,7,1004.38,64,5,5,2,4.15,1000.23,200.876,7,0.2857142857142857,Detractor,1
14215,1,2,1,2.0,9,1623.72,92,5,5,1,11.8,1611.92,324.744,6,0.16666666666666666,Detractor,1
14216,1,1,0,6.0,6,1839.3,47,4,4,0,0.0,1839.3,459.825,4,0.0,Detractor,0
14217,1,2,1,6.0,9,1886.68,73,16,15,6,62.670000000000016,1824.01,117.9175,22,0.2727272727272727,Detractor,1
14218,1,4,1,5.0,5,169.48000000000002,12,1,1,0,0.0,169.48000000000002,169.48000000000002,1,0.0,Detractor,0
14219,1,3,1,7.0,7,89.94,7,1,1,0,0.0,89.94,89.94,1,0.0,Passive,0
14220,0,5,0,3.0,5,319.42,10,1,1,0,0.0,319.42,319.42,1,0.0,Detractor,0
14221,1,3,1,3.0,6,3432.8,123,9,7,1,4.95,3427.85,381.4222222222222,10,0.1,Detractor,1
14222,0,3,0,7.0,5,683.17,41,1,1,0,0.0,683.17,683.17,1,0.0,Passive,0
14223,0,5,0,5.0,5,991.13,50,3,3,1,15.9,975.23,330.37666666666667,4,0.25,Detractor,1
14224,0,4,0,3.0,8,1009.73,105,4,4,0,0.0,1009.73,252.4325,4,0.0,Detractor,0
14226,0,3,1,3.0,4,2214.79,64,5,5,2,30.549999999999997,2184.2400000000002,442.95799999999997,7,0.2857142857142857,Detractor,1
14227,0,2,0,3.0,7,3350.96,117,10,6,5,35.25,3315.71,335.096,15,0.3333333333333333,Detractor,1
14229,1,2,1,1.0,8,1547.2,29,3,3,2,96.6,1450.6,515.7333333333333,5,0.4,Detractor,1
14231,1,1,1,1.0,8,925.71,47,3,3,2,103.65,822.0600000000001,308.57,5,0.4,Detractor,1
14232,1,3,1,8.0,6,2048.07,81,5,5,3,4.14,2043.93,409.61400000000003,8,0.375,Passive,1
14233,0,2,0,7.0,5,1462.72,30,4,4,1,15.209999999999999,1447.51,365.68,5,0.2,Passive,1
14234,0,3,1,3.0,3,754.12,122,4,4,0,0.0,754.12,188.53,4,0.0,Detractor,0
14235,1,1,0,0.0,3,3144.86,65,5,4,1,51.0,3093.86,628.972,6,0.16666666666666666,Detractor,1
14236,1,1,1,4.0,4,301.56,12,1,1,0,0.0,301.56,301.56,1,0.0,Detractor,0
14238,1,5,1,7.0,8,146.85,8,1,1,0,0.0,146.85,146.85,1,0.0,Passive,0
14239,1,1,1,8.0,6,2380.85,83,11,11,2,57.35,2323.5,216.4409090909091,13,0.15384615384615385,Passive,1
14240,0,3,0,4.0,3,890.34,37,2,2,0,0.0,890.34,445.17,2,0.0,Detractor,0
14241,0,4,1,5.0,3,213.70000000000002,10,1,1,0,0.0,213.70000000000002,213.70000000000002,1,0.0,Detractor,0
14242,1,2,0,3.0,7,280.55,13,2,2,0,0.0,280.55,140.275,2,0.0,Detractor,0
14243,0,4,0,2.0,3,2116.77,92,8,8,4,52.89,2063.88,264.59625,12,0.3333333333333333,Detractor,1
14245,0,4,0,1.0,7,1693.45,107,2,2,3,15.969999999999999,1677.48,846.725,5,0.6,Detractor,1
14246,1,1,1,5.0,8,1474.06,57,3,3,0,0.0,1474.06,491.3533333333333,3,0.0,Detractor,0
14247,1,1,0,8.0,4,136.76999999999998,19,1,1,0,0.0,136.76999999999998,136.76999999999998,1,0.0,Passive,0
14248,1,1,1,9.0,6,302.58,8,1,1,0,0.0,302.58,302.58,1,0.0,Promoter,0
14250,1,1,1,6.0,2,1904.05,94,3,2,0,0.0,1904.05,634.6833333333333,3,0.0,Detractor,0
14251,0,1,1,5.0,7,2879.7000000000003,37,5,5,0,0.0,2879.7000000000003,575.94,5,0.0,Detractor,0
14256,1,3,1,8.0,7,445.2,21,1,1,1,34.0,411.2,445.2,2,0.5,Passive,1
14257,0,5,0,8.0,7,3099.7200000000003,88,5,5,1,12.450000000000001,3087.27,619.9440000000001,6,0.16666666666666666,Passive,1
14258,0,3,0,4.0,6,12669.98,58,9,8,1,19.9,12650.08,1407.7755555555555,10,0.1,Detractor,1
14259,1,0,1,6.0,7,120.0,5,1,1,0,0.0,120.0,120.0,1,0.0,Detractor,0
14261,1,1,1,5.0,4,1163.45,52,2,2,0,0.0,1163.45,581.725,2,0.0,Detractor,0
14262,1,3,1,1.0,4,2618.23,87,8,8,0,0.0,2618.23,327.27875,8,0.0,Detractor,0
14264,1,3,1,3.0,4,333.97,15,2,2,0,0.0,333.97,166.985,2,0.0,Detractor,0
14267,1,1,1,0.0,7,1516.24,25,3,2,4,237.15000000000003,1279.09,505.41333333333336,7,0.5714285714285714,Detractor,1
14270,0,2,1,4.0,6,492.65000000000003,29,1,1,0,0.0,492.65000000000003,492.65000000000003,1,0.0,Detractor,0
14271,0,5,0,2.0,3,112.32,10,1,1,0,0.0,112.32,112.32,1,0.0,Detractor,0
14272,0,2,1,0.0,7,437.96,33,2,2,0,0.0,437.96,218.98,2,0.0,Detractor,0
14273,1,1,1,3.0,6,559.97,22,4,4,0,0.0,559.97,139.9925,4,0.0,Detractor,0
14276,0,0,0,1.0,5,1119.74,52,3,3,2,100.35,1019.39,373.24666666666667,5,0.4,Detractor,1
14280,0,0,0,6.0,8,134.04,8,1,1,0,0.0,134.04,134.04,1,0.0,Detractor,0
14282,1,2,1,3.0,3,3130.44,68,14,14,0,0.0,3130.44,223.60285714285715,14,0.0,Detractor,0
14284,1,4,1,1.0,6,595.25,24,2,2,1,16.8,578.45,297.625,3,0.3333333333333333,Detractor,1
14285,1,1,1,6.0,9,1910.01,18,4,4,0,0.0,1910.01,477.5025,4,0.0,Detractor,0
14286,1,1,1,8.0,5,4628.75,220,3,3,2,32.94,4595.81,1542.9166666666667,5,0.4,Passive,1
14287,1,4,1,6.0,4,176.63,9,3,2,1,25.4,151.23000000000002,58.876666666666665,4,0.25,Detractor,1
14288,1,3,0,9.0,7,426.6,16,1,1,1,12.75,413.85,426.6,2,0.5,Promoter,1
14289,1,3,1,1.0,9,911.26,33,6,6,0,0.0,911.26,151.87666666666667,6,0.0,Detractor,0
14290,0,2,0,1.0,5,1537.0900000000001,70,4,4,1,7.2,1529.89,384.27250000000004,5,0.2,Detractor,1
14291,0,0,0,1.0,8,3883.25,145,11,7,1,9.95,3873.3,353.02272727272725,12,0.08333333333333333,Detractor,1
14292,0,0,0,6.0,4,4871.93,64,9,6,5,52.60000000000001,4819.33,541.3255555555556,14,0.35714285714285715,Detractor,1
14293,0,2,0,7.0,7,681.64,41,3,3,0,0.0,681.64,227.21333333333334,3,0.0,Passive,0
14295,1,0,0,7.0,4,166.20000000000002,5,1,1,1,11.5,154.70000000000002,166.20000000000002,2,0.5,Passive,1
14297,0,1,1,5.0,8,1305.33,48,4,4,2,21.270000000000003,1284.06,326.3325,6,0.3333333333333333,Detractor,1
14298,0,1,1,1.0,5,46837.84,847,39,23,1,664.86,46172.98,1200.9702564102563,40,0.025,Detractor,1
14299,0,4,0,7.0,4,3536.38,91,8,8,7,660.4200000000002,2875.96,442.0475,15,0.4666666666666667,Passive,1
14300,0,3,1,7.0,7,43.2,3,1,1,0,0.0,43.2,43.2,1,0.0,Passive,0
14301,1,4,1,5.0,5,640.14,13,1,1,1,8.1,632.04,640.14,2,0.5,Detractor,1
14304,0,1,0,2.0,3,383.45,17,1,1,1,186.35000000000002,197.1,383.45,2,0.5,Detractor,1
14305,1,1,1,1.0,4,1858.96,96,3,3,2,55.20000000000001,1803.76,619.6533333333333,5,0.4,Detractor,1
14306,0,2,0,5.0,4,2093.32,33,2,2,1,9.9,2083.42,1046.66,3,0.3333333333333333,Detractor,1
14307,1,2,1,8.0,3,2212.61,118,5,4,0,0.0,2212.61,442.52200000000005,5,0.0,Passive,0
14309,0,3,0,4.0,2,2204.78,70,8,8,1,32.85,2171.93,275.5975,9,0.1111111111111111,Detractor,1
14311,1,4,1,1.0,3,310.26,20,1,1,1,80.55,229.71,310.26,2,0.5,Detractor,1
14312,0,3,1,1.0,6,1611.59,74,6,6,0,0.0,1611.59,268.5983333333333,6,0.0,Detractor,0
14314,0,1,0,8.0,7,120.0,8,1,1,0,0.0,120.0,120.0,1,0.0,Passive,0
14315,0,3,1,4.0,8,2481.13,64,6,6,1,24.15,2456.98,413.5216666666667,7,0.14285714285714285,Detractor,1
14317,0,2,1,2.0,2,508.58000000000004,24,1,1,0,0.0,508.58000000000004,508.58000000000004,1,0.0,Detractor,0
14320,1,4,1,7.0,2,477.79,29,2,2,1,134.68,343.11,238.895,3,0.3333333333333333,Passive,1
14321,0,1,0,4.0,4,1530.75,111,5,5,0,0.0,1530.75,306.15,5,0.0,Detractor,0
14323,1,2,1,7.0,8,605.0600000000001,32,2,2,2,30.800000000000004,574.26,302.53000000000003,4,0.5,Passive,1
14326,1,0,1,4.0,6,183.85,8,1,1,1,17.0,166.85,183.85,2,0.5,Detractor,1
14327,0,1,1,4.0,2,311.65,12,1,1,0,0.0,311.65,311.65,1,0.0,Detractor,0
14329,1,4,1,8.0,9,4975.24,218,7,6,7,86.1,4889.14,710.7485714285714,14,0.5,Passive,1
14331,0,3,1,7.0,6,462.65999999999997,27,2,2,0,0.0,462.65999999999997,231.32999999999998,2,0.0,Passive,0
14332,1,3,1,9.0,4,840.21,22,3,3,0,0.0,840.21,280.07,3,0.0,Promoter,0
14333,0,5,1,4.0,6,415.2,15,1,1,1,63.75,351.45,415.2,2,0.5,Detractor,1
14334,1,0,1,3.0,7,2232.06,86,7,7,1,12.75,2219.31,318.86571428571426,8,0.125,Detractor,1
14336,1,3,0,2.0,6,1614.91,77,4,4,0,0.0,1614.91,403.7275,4,0.0,Detractor,0
14338,0,1,0,2.0,4,588.22,30,2,2,2,34.0,554.22,294.11,4,0.5,Detractor,1
14339,0,4,1,4.0,2,309.52,14,1,1,3,19.61,289.90999999999997,309.52,4,0.75,Detractor,1
14340,1,1,1,2.0,6,134.7,6,1,1,0,0.0,134.7,134.7,1,0.0,Detractor,0
14341,1,4,1,6.0,2,2166.98,109,8,5,1,15.9,2151.08,270.8725,9,0.1111111111111111,Detractor,1
14342,1,2,1,7.0,5,668.5600000000001,18,4,4,2,60.85000000000001,607.71,167.14000000000001,6,0.3333333333333333,Passive,1
14344,0,4,0,0.0,8,534.28,46,5,5,0,0.0,534.28,106.856,5,0.0,Detractor,0
14345,0,1,0,3.0,8,108.97999999999999,6,1,1,0,0.0,108.97999999999999,108.97999999999999,1,0.0,Detractor,0
14346,0,2,1,7.0,4,1021.58,55,2,2,0,0.0,1021.58,510.79,2,0.0,Passive,0
14348,0,2,1,3.0,3,409.57,18,1,1,0,0.0,409.57,409.57,1,0.0,Detractor,0
14349,0,0,1,4.0,8,133.5,31,1,1,0,0.0,133.5,133.5,1,0.0,Detractor,0
14350,1,2,0,1.0,8,282.93,18,1,1,1,24.229999999999997,258.7,282.93,2,0.5,Detractor,1
14351,0,4,0,7.0,7,51.0,1,1,1,0,0.0,51.0,51.0,1,0.0,Passive,0
14352,0,5,1,7.0,6,1078.96,44,4,3,0,0.0,1078.96,269.74,4,0.0,Passive,0
14353,1,3,1,6.0,7,90.6,6,1,1,0,0.0,90.6,90.6,1,0.0,Detractor,0
14354,0,4,1,6.0,7,163.62,9,2,2,0,0.0,163.62,81.81,2,0.0,Detractor,0
14356,0,5,1,1.0,7,701.23,33,2,2,2,34.28999999999999,666.9399999999999,350.615,4,0.5,Detractor,1
14357,0,4,0,1.0,4,225.12,39,1,1,0,0.0,225.12,225.12,1,0.0,Detractor,0
14359,0,1,0,5.0,7,912.18,44,3,3,3,29.6,882.58,304.06,6,0.5,Detractor,1
14360,1,1,1,9.0,7,2118.03,104,4,3,0,0.0,2118.03,529.5075,4,0.0,Promoter,0
14362,0,3,1,4.0,8,151.5,37,1,1,0,0.0,151.5,151.5,1,0.0,Detractor,0
14364,1,3,1,1.0,5,3717.35,61,8,7,0,0.0,3717.35,464.66875,8,0.0,Detractor,0
14367,0,4,0,3.0,4,9227.82,270,16,13,3,93.7,9134.12,576.73875,19,0.15789473684210525,Detractor,1
14368,1,4,1,4.0,5,155.0,8,1,1,0,0.0,155.0,155.0,1,0.0,Detractor,0
14371,1,2,1,8.0,7,100.5,4,1,1,0,0.0,100.5,100.5,1,0.0,Passive,0
14375,1,3,1,9.0,5,235.56,57,1,1,0,0.0,235.56,235.56,1,0.0,Promoter,0
14377,1,2,0,2.0,4,617.05,11,2,2,0,0.0,617.05,308.525,2,0.0,Detractor,0
14379,1,1,1,9.0,7,348.1,39,2,2,0,0.0,348.1,174.05,2,0.0,Promoter,0
14381,0,2,1,4.0,6,202.68,56,1,1,0,0.0,202.68,202.68,1,0.0,Detractor,0
14382,0,0,1,0.0,8,615.49,121,1,1,0,0.0,615.49,615.49,1,0.0,Detractor,0
14383,0,2,0,3.0,2,1247.69,49,3,3,0,0.0,1247.69,415.8966666666667,3,0.0,Detractor,0
14385,1,2,1,1.0,4,202.11,13,3,3,0,0.0,202.11,67.37,3,0.0,Detractor,0
14386,0,2,1,4.0,8,142.4,7,1,1,0,0.0,142.4,142.4,1,0.0,Detractor,0
14387,0,4,1,2.0,9,1727.6,125,3,3,0,0.0,1727.6,575.8666666666667,3,0.0,Detractor,0
14388,1,2,0,9.0,7,2900.04,108,7,7,1,27.349999999999998,2872.69,414.2914285714286,8,0.125,Promoter,1
14389,0,3,1,4.0,5,1043.46,33,2,2,3,43.739999999999995,999.72,521.73,5,0.6,Detractor,1
14390,1,4,1,4.0,4,4418.87,128,8,7,3,54.400000000000006,4364.47,552.35875,11,0.2727272727272727,Detractor,1
14393,0,3,0,1.0,3,67.95,5,1,1,0,0.0,67.95,67.95,1,0.0,Detractor,0
14395,0,5,0,1.0,5,3171.23,173,8,8,3,35.8,3135.43,396.40375,11,0.2727272727272727,Detractor,1
14396,0,4,0,7.0,5,377.64,39,1,1,0,0.0,377.64,377.64,1,0.0,Passive,0
14397,0,4,0,6.0,3,2612.96,18,19,19,4,56.28,2556.68,137.52421052631578,23,0.17391304347826086,Detractor,1
14400,0,4,1,4.0,9,574.7,25,1,1,1,15.0,559.7,574.7,2,0.5,Detractor,1
14401,0,5,1,6.0,8,3804.1,99,12,12,1,11.5,3792.6,317.0083333333333,13,0.07692307692307693,Detractor,1
14403,1,3,1,2.0,6,1475.81,17,4,4,1,49.5,1426.31,368.9525,5,0.2,Detractor,1
14404,0,0,0,2.0,7,1320.09,57,5,5,1,39.6,1280.49,264.018,6,0.16666666666666666,Detractor,1
14406,0,3,0,8.0,5,156.75,8,1,1,0,0.0,156.75,156.75,1,0.0,Passive,0
14407,1,4,1,4.0,6,2157.73,67,6,6,3,46.65,2111.08,359.62166666666667,9,0.3333333333333333,Detractor,1
14408,0,5,0,7.0,5,2599.03,60,7,7,0,0.0,2599.03,371.29,7,0.0,Passive,0
14409,0,5,1,8.0,8,1730.65,39,4,4,0,0.0,1730.65,432.6625,4,0.0,Passive,0
14410,1,3,1,7.0,6,1100.27,153,9,7,6,526.8199999999999,573.45,122.25222222222222,15,0.4,Passive,1
14411,1,2,1,4.0,2,1063.0,14,1,1,0,0.0,1063.0,1063.0,1,0.0,Detractor,0
14412,0,1,1,8.0,5,770.03,43,2,2,1,8.7,761.3299999999999,385.015,3,0.3333333333333333,Passive,1
14414,0,4,1,6.0,5,1279.78,71,6,6,1,11.850000000000001,1267.93,213.29666666666665,7,0.14285714285714285,Detractor,1
14415,0,1,1,1.0,6,5002.89,250,12,12,4,75.82000000000001,4927.07,416.9075,16,0.25,Detractor,1
14416,1,4,1,0.0,7,490.22,13,2,2,0,0.0,490.22,245.11,2,0.0,Detractor,0
14418,0,1,1,7.0,4,1937.25,114,3,3,0,0.0,1937.25,645.75,3,0.0,Passive,0
14419,1,5,1,0.0,7,927.69,106,5,5,0,0.0,927.69,185.538,5,0.0,Detractor,0
14420,0,5,0,2.0,6,387.52,29,1,1,1,1.65,385.87,387.52,2,0.5,Detractor,1
14421,1,2,1,2.0,7,813.11,25,2,2,0,0.0,813.11,406.555,2,0.0,Detractor,0
14422,1,1,1,7.0,4,4263.64,189,6,6,0,0.0,4263.64,710.6066666666667,6,0.0,Passive,0
14423,0,1,0,6.0,8,265.2,3,1,1,0,0.0,265.2,265.2,1,0.0,Detractor,0
14424,0,1,1,8.0,3,322.08,1,1,1,0,0.0,322.08,322.08,1,0.0,Passive,0
14426,0,2,0,4.0,7,4481.67,183,10,7,5,551.57,3930.1,448.16700000000003,15,0.3333333333333333,Detractor,1
14427,0,4,0,3.0,4,363.34000000000003,16,2,2,0,0.0,363.34000000000003,181.67000000000002,2,0.0,Detractor,0
14428,1,3,1,9.0,9,1224.06,108,5,5,2,14.69,1209.3700000000001,244.81199999999998,7,0.2857142857142857,Promoter,1
14431,0,4,1,1.0,6,470.36,17,1,1,1,47.1,423.26,470.36,2,0.5,Detractor,1
14432,0,3,1,5.0,3,2248.5,256,6,6,0,0.0,2248.5,374.75,6,0.0,Detractor,0
14434,0,3,1,6.0,6,1372.8,3,6,6,0,0.0,1372.8,228.79999999999998,6,0.0,Detractor,0
14436,1,4,0,2.0,9,89.06,9,1,1,0,0.0,89.06,89.06,1,0.0,Detractor,0
14437,0,4,0,3.0,5,0.0,0,0,0,1,106.4,-106.4,0.0,1,1.0,Detractor,1
14438,0,4,1,7.0,7,131.9,9,1,1,0,0.0,131.9,131.9,1,0.0,Passive,0
14440,0,4,1,1.0,5,1700.98,29,4,4,0,0.0,1700.98,425.245,4,0.0,Detractor,0
14441,1,1,1,1.0,5,1712.89,43,4,4,5,159.25,1553.64,428.2225,9,0.5555555555555556,Detractor,1
14443,1,5,1,6.0,8,1116.7,70,3,3,1,3.75,1112.95,372.23333333333335,4,0.25,Detractor,1
14446,0,3,0,7.0,6,1010.35,233,4,4,0,0.0,1010.35,252.5875,4,0.0,Passive,0
14447,0,2,1,5.0,4,1163.23,54,5,4,0,0.0,1163.23,232.64600000000002,5,0.0,Detractor,0
14448,0,5,0,6.0,8,273.0,2,1,1,0,0.0,273.0,273.0,1,0.0,Detractor,0
14449,1,2,0,9.0,8,675.56,163,3,3,0,0.0,675.56,225.18666666666664,3,0.0,Promoter,0
14450,1,1,0,10.0,5,483.25,32,3,3,0,0.0,483.25,161.08333333333334,3,0.0,Promoter,0
14451,0,4,0,4.0,3,643.9,86,2,2,0,0.0,643.9,321.95,2,0.0,Detractor,0
14452,1,4,1,4.0,6,259.05,55,2,2,0,0.0,259.05,129.525,2,0.0,Detractor,0
14453,0,0,0,1.0,3,119.93,22,1,1,0,0.0,119.93,119.93,1,0.0,Detractor,0
14456,1,2,0,4.0,7,3017.28,580,9,8,5,14.77,3002.5099999999998,335.25333333333333,14,0.35714285714285715,Detractor,1
14457,0,0,1,4.0,8,113.64,4,1,1,0,0.0,113.64,113.64,1,0.0,Detractor,0
14459,1,1,1,8.0,4,1837.92,37,1,1,0,0.0,1837.92,1837.92,1,0.0,Passive,0
14460,0,3,1,0.0,9,434.34,14,3,3,1,51.0,383.34,144.78,4,0.25,Detractor,1
14461,0,2,0,2.0,5,2103.06,173,3,3,0,0.0,2103.06,701.02,3,0.0,Detractor,0
14462,0,3,1,8.0,9,1980.57,150,11,9,4,38.120000000000005,1942.45,180.05181818181816,15,0.26666666666666666,Passive,1
14463,1,0,0,2.0,6,529.62,6,3,3,0,0.0,529.62,176.54,3,0.0,Detractor,0
14465,1,2,1,4.0,7,1038.44,107,3,2,0,0.0,1038.44,346.1466666666667,3,0.0,Detractor,0
14466,1,1,1,1.0,9,1892.65,32,6,6,0,0.0,1892.65,315.44166666666666,6,0.0,Detractor,0
14467,0,3,0,0.0,4,596.26,67,4,4,0,0.0,596.26,149.065,4,0.0,Detractor,0
14470,1,1,1,0.0,7,461.19,43,2,2,0,0.0,461.19,230.595,2,0.0,Detractor,0
14472,1,2,1,10.0,7,1606.29,141,7,7,0,0.0,1606.29,229.47,7,0.0,Promoter,0
14473,1,1,1,8.0,9,234.34000000000003,7,2,2,0,0.0,234.34000000000003,117.17000000000002,2,0.0,Passive,0
14474,0,2,1,4.0,2,547.66,29,1,1,1,9.95,537.71,547.66,2,0.5,Detractor,1
14475,1,4,0,0.0,4,925.85,35,3,3,3,126.03,799.82,308.6166666666667,6,0.5,Detractor,1
14476,0,0,1,8.0,7,193.0,17,1,1,0,0.0,193.0,193.0,1,0.0,Passive,0
14477,0,3,1,6.0,5,1309.6,7,4,4,1,1.79,1307.81,327.4,5,0.2,Detractor,1
14479,1,2,0,5.0,5,141.85,8,1,1,0,0.0,141.85,141.85,1,0.0,Detractor,0
14480,1,2,0,6.0,8,279.05,13,1,1,0,0.0,279.05,279.05,1,0.0,Detractor,0
14481,0,2,1,7.0,6,636.51,25,2,2,0,0.0,636.51,318.255,2,0.0,Passive,0
14482,0,3,1,8.0,8,2022.81,110,6,6,0,0.0,2022.81,337.135,6,0.0,Passive,0
14483,0,5,0,7.0,8,137.1,9,1,1,1,7.9,129.2,137.1,2,0.5,Passive,1
14484,1,5,0,0.0,6,321.92,14,1,1,0,0.0,321.92,321.92,1,0.0,Detractor,0
14485,0,2,0,5.0,5,162.8,44,1,1,0,0.0,162.8,162.8,1,0.0,Detractor,0
14487,0,1,0,4.0,5,1040.3799999999999,99,5,4,0,0.0,1040.3799999999999,208.07599999999996,5,0.0,Detractor,0
14488,0,3,0,3.0,4,1064.28,46,1,1,1,16.85,1047.43,1064.28,2,0.5,Detractor,1
14489,1,4,1,9.0,6,463.38,30,1,1,0,0.0,463.38,463.38,1,0.0,Promoter,0
14491,0,3,0,2.0,6,213.73,13,1,1,0,0.0,213.73,213.73,1,0.0,Detractor,0
14493,0,4,1,7.0,2,2383.2400000000002,95,5,5,2,20.4,2362.84,476.648,7,0.2857142857142857,Passive,1
14494,1,4,0,8.0,7,139.56,7,1,1,0,0.0,139.56,139.56,1,0.0,Passive,0
14495,0,1,0,8.0,6,123.8,6,2,2,0,0.0,123.8,61.9,2,0.0,Passive,0
14496,1,1,1,7.0,5,234.47,14,1,1,0,0.0,234.47,234.47,1,0.0,Passive,0
14497,0,2,0,3.0,8,475.37,29,1,1,1,17.9,457.47,475.37,2,0.5,Detractor,1
14498,1,1,1,3.0,5,1791.1,151,4,4,0,0.0,1791.1,447.775,4,0.0,Detractor,0
14499,0,0,0,4.0,4,808.44,146,3,3,0,0.0,808.44,269.48,3,0.0,Detractor,0
14500,1,1,0,7.0,5,356.85,6,3,3,0,0.0,356.85,118.95,3,0.0,Passive,0
14501,0,3,0,6.0,5,251.21,9,2,2,1,60.89999999999999,190.31,125.605,3,0.3333333333333333,Detractor,1
14502,0,1,0,7.0,9,2429.83,368,11,9,3,119.65,2310.18,220.89363636363635,14,0.21428571428571427,Passive,1
14503,0,4,0,2.0,3,3543.26,113,6,6,0,0.0,3543.26,590.5433333333334,6,0.0,Detractor,0
14504,0,3,0,3.0,2,673.26,85,4,4,0,0.0,673.26,168.315,4,0.0,Detractor,0
14505,0,2,0,7.0,6,4820.83,465,7,7,3,86.94,4733.89,688.6899999999999,10,0.3,Passive,1
14506,0,4,1,5.0,8,1703.65,190,4,4,0,0.0,1703.65,425.9125,4,0.0,Detractor,0
14507,0,2,1,4.0,4,1367.88,79,6,5,1,15.0,1352.88,227.98000000000002,7,0.14285714285714285,Detractor,1
14508,0,4,1,4.0,3,268.05,52,2,2,0,0.0,268.05,134.025,2,0.0,Detractor,0
14511,0,3,0,8.0,3,1314.81,53,5,5,1,47.400000000000006,1267.4099999999999,262.962,6,0.16666666666666666,Passive,1
14512,0,3,0,3.0,2,275.28,19,2,2,0,0.0,275.28,137.64,2,0.0,Detractor,0
14513,0,3,1,2.0,4,455.59000000000003,11,3,3,1,17.099999999999998,438.49,151.86333333333334,4,0.25,Detractor,1
14514,0,5,0,5.0,7,990.2,65,3,3,0,0.0,990.2,330.06666666666666,3,0.0,Detractor,0
14515,0,3,0,2.0,4,2076.89,68,6,5,0,0.0,2076.89,346.1483333333333,6,0.0,Detractor,0
14517,0,3,1,2.0,4,330.45,17,2,2,0,0.0,330.45,165.225,2,0.0,Detractor,0
14518,0,4,0,2.0,2,174.37,16,1,1,0,0.0,174.37,174.37,1,0.0,Detractor,0
14520,0,2,0,3.0,8,270.6,3,2,2,0,0.0,270.6,135.3,2,0.0,Detractor,0
14522,0,4,1,4.0,8,974.54,15,4,4,0,0.0,974.54,243.635,4,0.0,Detractor,0
14523,0,5,0,5.0,4,241.09,12,1,1,0,0.0,241.09,241.09,1,0.0,Detractor,0
14524,0,3,0,4.0,4,1568.38,143,8,5,0,0.0,1568.38,196.0475,8,0.0,Detractor,0
14525,0,4,1,4.0,7,3753.6,211,8,8,4,110.83000000000001,3642.77,469.2,12,0.3333333333333333,Detractor,1
14527,0,2,1,2.0,6,7581.64,308,51,50,27,699.8399999999999,6881.8,148.65960784313725,78,0.34615384615384615,Detractor,1
14528,0,2,1,2.0,3,364.21999999999997,18,1,1,0,0.0,364.21999999999997,364.21999999999997,1,0.0,Detractor,0
14529,0,0,0,2.0,5,578.61,177,3,3,0,0.0,578.61,192.87,3,0.0,Detractor,0
14530,0,4,1,3.0,5,2862.11,140,6,6,0,0.0,2862.11,477.0183333333334,6,0.0,Detractor,0
14532,0,0,1,3.0,6,710.25,42,3,3,0,0.0,710.25,236.75,3,0.0,Detractor,0
14533,0,2,0,4.0,5,1516.22,45,6,6,2,137.10000000000002,1379.12,252.70333333333335,8,0.25,Detractor,1
14534,0,4,1,7.0,9,4397.3,331,18,18,7,371.7,4025.6,244.29444444444445,25,0.28,Passive,1
14535,0,3,0,5.0,2,2854.84,280,3,3,1,23.1,2831.7400000000002,951.6133333333333,4,0.25,Detractor,1
14536,0,2,0,7.0,8,170.95,18,1,1,0,0.0,170.95,170.95,1,0.0,Passive,0
14537,0,3,0,4.0,3,355.56,10,1,1,0,0.0,355.56,355.56,1,0.0,Detractor,0
14538,0,4,1,2.0,3,388.25,19,2,2,0,0.0,388.25,194.125,2,0.0,Detractor,0
14539,0,5,0,4.0,4,537.48,31,2,2,0,0.0,537.48,268.74,2,0.0,Detractor,0
14540,0,1,1,3.0,7,952.66,64,3,3,0,0.0,952.66,317.55333333333334,3,0.0,Detractor,0
14541,0,4,0,2.0,6,1453.35,71,8,7,0,0.0,1453.35,181.66875,8,0.0,Detractor,0
14542,0,4,1,5.0,4,103.25,5,1,1,0,0.0,103.25,103.25,1,0.0,Detractor,0
14543,0,3,1,2.0,3,3345.33,40,15,14,5,683.56,2661.77,223.022,20,0.25,Detractor,1
14544,0,5,1,4.0,6,902.53,57,1,1,0,0.0,902.53,902.53,1,0.0,Detractor,0
14546,0,2,1,6.0,5,2573.93,250,5,5,4,91.07,2482.86,514.786,9,0.4444444444444444,Detractor,1
14547,0,1,1,2.0,7,3974.75,198,8,8,1,20.8,3953.9500000000003,496.84375,9,0.1111111111111111,Detractor,1
14548,0,5,0,2.0,8,652.8,2,2,2,0,0.0,652.8,326.4,2,0.0,Detractor,0
14549,0,3,0,5.0,4,289.24,56,1,1,0,0.0,289.24,289.24,1,0.0,Detractor,0
14550,0,2,0,3.0,3,757.37,38,2,2,0,0.0,757.37,378.685,2,0.0,Detractor,0
14551,1,2,1,8.0,4,186.23,9,2,2,0,0.0,186.23,93.115,2,0.0,Passive,0
14552,0,2,1,8.0,8,164.22,57,1,1,0,0.0,164.22,164.22,1,0.0,Passive,0
14553,1,3,1,8.0,6,859.27,103,5,4,0,0.0,859.27,171.85399999999998,5,0.0,Passive,0
14554,0,4,1,4.0,4,2279.4900000000002,147,4,4,0,0.0,2279.4900000000002,569.8725000000001,4,0.0,Detractor,0
14555,1,3,1,2.0,5,312.54,18,2,2,0,0.0,312.54,156.27,2,0.0,Detractor,0
14557,1,5,0,6.0,4,788.38,16,1,1,1,788.3800000000001,0.0,788.38,2,0.5,Detractor,1
14560,0,5,0,6.0,2,1829.6,33,21,19,1,53.64,1775.96,87.12380952380951,22,0.045454545454545456,Detractor,1
14561,0,1,1,5.0,7,1080.76,67,3,3,0,0.0,1080.76,360.25333333333333,3,0.0,Detractor,0
14562,0,4,1,2.0,4,5006.77,187,18,17,4,330.15,4676.62,278.1538888888889,22,0.18181818181818182,Detractor,1
14565,1,3,1,1.0,5,1931.71,68,3,3,2,25.35,1906.3600000000001,643.9033333333333,5,0.4,Detractor,1
14567,0,2,0,6.0,4,1530.3600000000001,33,2,2,1,5.9,1524.46,765.1800000000001,3,0.3333333333333333,Detractor,1
14569,0,3,1,1.0,3,227.39,10,1,1,0,0.0,227.39,227.39,1,0.0,Detractor,0
14570,0,2,1,0.0,4,218.06,29,2,1,0,0.0,218.06,109.03,2,0.0,Detractor,0
14572,0,5,1,6.0,8,2804.54,190,7,7,3,29.15,2775.39,400.6485714285714,10,0.3,Detractor,1
14573,1,4,0,5.0,4,1237.82,85,8,7,4,49.7,1188.12,154.7275,12,0.3333333333333333,Detractor,1
14577,1,2,1,7.0,8,512.8100000000001,68,3,3,0,0.0,512.8100000000001,170.9366666666667,3,0.0,Passive,0
14578,0,1,1,3.0,3,168.63,24,1,1,0,0.0,168.63,168.63,1,0.0,Detractor,0
14581,1,0,1,9.0,6,138.6,16,1,1,0,0.0,138.6,138.6,1,0.0,Promoter,0
14582,0,4,1,2.0,5,114.11,6,1,1,0,0.0,114.11,114.11,1,0.0,Detractor,0
14583,0,4,1,2.0,2,986.96,243,5,5,0,0.0,986.96,197.392,5,0.0,Detractor,0
14584,1,2,1,5.0,7,1033.06,68,4,4,1,13.0,1020.06,258.265,5,0.2,Detractor,1
14585,1,1,1,6.0,6,157.05,29,1,1,0,0.0,157.05,157.05,1,0.0,Detractor,0
14586,0,3,0,8.0,3,237.36,19,1,1,2,103.2,134.16,237.36,3,0.6666666666666666,Passive,1
14587,0,3,1,2.0,3,1580.29,170,9,9,1,2.9,1577.39,175.58777777777777,10,0.1,Detractor,1
14591,0,5,1,8.0,6,1320.21,138,4,2,0,0.0,1320.21,330.0525,4,0.0,Passive,0
14592,0,4,1,0.0,8,557.94,132,3,3,0,0.0,557.94,185.98000000000002,3,0.0,Detractor,0
14593,1,4,1,4.0,2,617.15,127,3,2,0,0.0,617.15,205.71666666666667,3,0.0,Detractor,0
14594,1,5,1,2.0,8,108.33,20,1,1,0,0.0,108.33,108.33,1,0.0,Detractor,0
14595,0,3,1,7.0,3,1740.6,94,6,6,0,0.0,1740.6,290.09999999999997,6,0.0,Passive,0
14597,1,2,0,1.0,3,866.24,45,2,2,0,0.0,866.24,433.12,2,0.0,Detractor,0
14598,0,5,0,6.0,7,221.97,49,1,1,0,0.0,221.97,221.97,1,0.0,Detractor,0
14600,1,2,0,3.0,9,393.33000000000004,25,1,1,0,0.0,393.33000000000004,393.33000000000004,1,0.0,Detractor,0
14601,0,4,0,5.0,3,213.96,7,1,1,0,0.0,213.96,213.96,1,0.0,Detractor,0
14603,1,2,1,5.0,5,660.0,2,1,1,0,0.0,660.0,660.0,1,0.0,Detractor,0
14606,1,2,0,7.0,4,10842.39,773,85,82,32,421.9,10420.49,127.5575294117647,117,0.27350427350427353,Passive,1
14607,0,4,0,4.0,6,16209.5,38,14,7,3,5228.400000000001,10981.1,1157.8214285714287,17,0.17647058823529413,Detractor,1
14608,0,4,0,4.0,7,1581.15,8,3,3,0,0.0,1581.15,527.0500000000001,3,0.0,Detractor,0
14609,1,2,0,8.0,4,601.56,2,4,4,0,0.0,601.56,150.39,4,0.0,Passive,0
14616,0,2,1,2.0,2,406.08000000000004,2,3,3,0,0.0,406.08000000000004,135.36,3,0.0,Detractor,0
14618,1,3,1,4.0,7,553.44,10,3,3,0,0.0,553.44,184.48000000000002,3,0.0,Detractor,0
14619,1,2,0,7.0,8,394.44,20,1,1,1,14.93,379.51,394.44,2,0.5,Passive,1
14620,1,4,0,2.0,6,412.78000000000003,26,2,2,1,19.5,393.28000000000003,206.39000000000001,3,0.3333333333333333,Detractor,1
14621,0,3,1,3.0,5,1482.66,66,4,4,1,22.6,1460.06,370.665,5,0.2,Detractor,1
14622,1,3,0,7.0,6,320.58000000000004,21,1,1,0,0.0,320.58000000000004,320.58000000000004,1,0.0,Passive,0
14623,1,3,1,1.0,6,886.7,108,5,5,1,19.9,866.8000000000001,177.34,6,0.16666666666666666,Detractor,1
14624,1,1,1,4.0,2,225.85,13,2,2,0,0.0,225.85,112.925,2,0.0,Detractor,0
14625,0,2,1,5.0,8,314.1,19,1,1,2,13.5,300.6,314.1,3,0.6666666666666666,Detractor,1
14626,1,3,1,10.0,4,2791.27,108,4,4,3,34.2,2757.07,697.8175,7,0.42857142857142855,Promoter,1
14627,0,2,0,5.0,3,0.0,0,0,0,1,21.849999999999998,-21.85,0.0,1,1.0,Detractor,1
14628,0,0,0,3.0,4,671.96,22,2,2,0,0.0,671.96,335.98,2,0.0,Detractor,0
14629,0,1,0,4.0,2,955.26,133,2,2,1,19.8,935.46,477.63,3,0.3333333333333333,Detractor,1
14631,0,4,0,6.0,6,1006.98,38,3,3,0,0.0,1006.98,335.66,3,0.0,Detractor,0
14632,1,2,1,10.0,9,114.56,8,1,1,0,0.0,114.56,114.56,1,0.0,Promoter,0
14633,1,0,0,3.0,4,344.90000000000003,20,1,1,0,0.0,344.90000000000003,344.90000000000003,1,0.0,Detractor,0
14636,1,3,0,10.0,4,609.85,27,2,2,0,0.0,609.85,304.925,2,0.0,Promoter,0
14638,1,0,1,2.0,6,443.6,16,1,1,0,0.0,443.6,443.6,1,0.0,Detractor,0
14639,0,4,0,0.0,3,2307.95,118,5,3,1,21.2,2286.75,461.59,6,0.16666666666666666,Detractor,1
14640,1,4,1,3.0,6,2107.38,87,6,6,2,82.92999999999999,2024.45,351.23,8,0.25,Detractor,1
14641,0,4,0,2.0,5,110.46,7,1,1,0,0.0,110.46,110.46,1,0.0,Detractor,0
14642,0,0,1,7.0,5,96.12,2,1,1,0,0.0,96.12,96.12,1,0.0,Passive,0
14643,0,3,0,1.0,4,335.87,16,1,1,0,0.0,335.87,335.87,1,0.0,Detractor,0
14644,0,3,1,7.0,9,830.76,26,2,2,2,50.3,780.46,415.38,4,0.5,Passive,1
14645,0,5,0,1.0,2,597.09,28,2,2,0,0.0,597.09,298.545,2,0.0,Detractor,0
14647,0,5,1,6.0,6,236.04000000000002,24,1,1,0,0.0,236.04000000000002,236.04000000000002,1,0.0,Detractor,0
14649,1,0,1,7.0,5,1402.59,148,4,3,0,0.0,1402.59,350.6475,4,0.0,Passive,0
14651,1,2,1,1.0,8,653.75,95,2,2,0,0.0,653.75,326.875,2,0.0,Detractor,0
14652,1,2,1,3.0,8,114.18,29,1,1,0,0.0,114.18,114.18,1,0.0,Detractor,0
14653,1,3,1,7.0,6,1926.65,154,7,6,0,0.0,1926.65,275.2357142857143,7,0.0,Passive,0
14655,1,4,1,2.0,7,1932.23,35,4,4,1,2.08,1930.15,483.0575,5,0.2,Detractor,1
14656,1,2,1,2.0,8,291.05,73,2,2,0,0.0,291.05,145.525,2,0.0,Detractor,0
14657,1,0,0,2.0,5,848.22,103,4,4,1,9.95,838.27,212.055,5,0.2,Detractor,1
14658,1,1,1,3.0,9,247.15,27,2,2,0,0.0,247.15,123.575,2,0.0,Detractor,0
14659,0,4,1,1.0,6,2529.93,147,9,9,3,73.4,2456.53,281.1033333333333,12,0.25,Detractor,1
14660,0,1,1,5.0,4,285.74,24,2,2,0,0.0,285.74,142.87,2,0.0,Detractor,0
14661,0,2,1,4.0,4,107.95,4,1,1,0,0.0,107.95,107.95,1,0.0,Detractor,0
14662,0,3,1,1.0,4,741.37,143,4,4,0,0.0,741.37,185.3425,4,0.0,Detractor,0
14664,0,2,1,1.0,3,636.24,78,2,2,0,0.0,636.24,318.12,2,0.0,Detractor,0
14665,0,0,1,6.0,7,1835.7,63,5,4,2,577.32,1258.38,367.14,7,0.2857142857142857,Detractor,1
14666,1,1,1,10.0,5,195.25,14,1,1,0,0.0,195.25,195.25,1,0.0,Promoter,0
14667,0,3,1,4.0,7,7203.0,259,20,19,2,10.0,7193.0,360.15,22,0.09090909090909091,Detractor,1
14669,0,4,1,1.0,5,1259.24,158,3,2,0,0.0,1259.24,419.74666666666667,3,0.0,Detractor,0
14670,0,2,0,3.0,2,392.86,107,2,1,0,0.0,392.86,196.43,2,0.0,Detractor,0
14672,1,5,0,6.0,3,765.55,58,2,2,0,0.0,765.55,382.775,2,0.0,Detractor,0
14673,1,2,1,8.0,3,1362.91,29,4,4,0,0.0,1362.91,340.7275,4,0.0,Passive,0
14675,1,5,0,6.0,2,596.36,93,1,1,0,0.0,596.36,596.36,1,0.0,Detractor,0
14676,0,2,1,8.0,8,2548.2400000000002,29,6,6,2,5.0,2543.2400000000002,424.7066666666667,8,0.25,Passive,1
14680,0,1,0,4.0,5,25878.71,66,14,14,6,1781.5700000000002,24097.14,1848.4792857142857,20,0.3,Detractor,1
14681,1,1,1,6.0,5,498.95,6,3,2,0,0.0,498.95,166.31666666666666,3,0.0,Detractor,0
14682,0,5,1,8.0,6,52.0,1,2,2,0,0.0,52.0,26.0,2,0.0,Passive,0
14684,0,2,1,8.0,9,1033.15,218,4,4,0,0.0,1033.15,258.2875,4,0.0,Passive,0
14687,1,1,1,8.0,8,628.38,15,1,1,0,0.0,628.38,628.38,1,0.0,Passive,0
14688,1,0,1,7.0,7,5134.12,140,20,19,6,523.49,4610.63,256.706,26,0.23076923076923078,Passive,1
14689,1,2,1,8.0,8,112.8,13,1,1,0,0.0,112.8,112.8,1,0.0,Passive,0
14690,1,2,0,5.0,6,355.05,40,2,2,1,13.09,341.96,177.525,3,0.3333333333333333,Detractor,1
14691,0,2,0,3.0,9,2114.33,50,5,4,0,0.0,2114.33,422.866,5,0.0,Detractor,0
14692,0,2,0,1.0,6,591.55,53,4,4,1,9.5,582.05,147.8875,5,0.2,Detractor,1
14693,0,5,0,0.0,5,172.9,8,1,1,0,0.0,172.9,172.9,1,0.0,Detractor,0
14696,1,2,0,1.0,4,1784.33,103,6,6,1,6.73,1777.6,297.3883333333333,7,0.14285714285714285,Detractor,1
14697,1,1,1,8.0,7,188.60999999999999,22,2,1,0,0.0,188.60999999999999,94.30499999999999,2,0.0,Passive,0
14698,0,3,1,6.0,3,1217.27,148,5,5,0,0.0,1217.27,243.454,5,0.0,Detractor,0
14699,1,4,1,3.0,8,109.13000000000001,8,1,1,0,0.0,109.13000000000001,109.13000000000001,1,0.0,Detractor,0
14700,1,2,1,3.0,6,2195.1,80,3,3,0,0.0,2195.1,731.6999999999999,3,0.0,Detractor,0
14701,1,4,1,10.0,7,2526.09,268,9,7,3,63.150000000000006,2462.94,280.6766666666667,12,0.25,Promoter,1
14702,1,3,1,10.0,7,2941.34,187,16,16,1,41.5,2899.84,183.83375,17,0.058823529411764705,Promoter,1
14703,1,5,1,8.0,6,318.17,22,1,1,0,0.0,318.17,318.17,1,0.0,Passive,0
14704,1,5,0,8.0,8,1493.96,288,9,9,0,0.0,1493.96,165.99555555555557,9,0.0,Passive,0
14705,0,5,1,3.0,2,179.0,1,1,1,0,0.0,179.0,179.0,1,0.0,Detractor,0
14708,1,3,0,0.0,3,707.31,15,2,2,0,0.0,707.31,353.655,2,0.0,Detractor,0
14709,1,3,0,9.0,7,4606.9400000000005,67,12,11,1,9.9,4597.04,383.9116666666667,13,0.07692307692307693,Promoter,1
14710,0,3,1,2.0,5,599.48,124,4,4,0,0.0,599.48,149.87,4,0.0,Detractor,0
14711,0,3,1,6.0,2,2839.62,221,11,11,1,30.599999999999998,2809.02,258.1472727272727,12,0.08333333333333333,Detractor,1
14712,1,5,0,3.0,4,917.07,21,3,3,0,0.0,917.07,305.69,3,0.0,Detractor,0
14713,0,5,0,5.0,3,2236.35,133,9,9,1,2.1,2234.25,248.48333333333332,10,0.1,Detractor,1
14714,0,0,1,1.0,8,160.19,10,1,1,0,0.0,160.19,160.19,1,0.0,Detractor,0
14715,0,2,0,6.0,7,867.38,60,4,4,0,0.0,867.38,216.845,4,0.0,Detractor,0
14716,0,1,1,8.0,6,307.51,46,2,2,0,0.0,307.51,153.755,2,0.0,Passive,0
14719,1,1,0,10.0,2,1581.84,177,5,5,1,9.95,1571.89,316.368,6,0.16666666666666666,Promoter,1
14720,0,4,1,3.0,8,663.81,34,3,3,0,0.0,663.81,221.26999999999998,3,0.0,Detractor,0
14722,0,0,1,6.0,3,180.42000000000002,28,1,1,0,0.0,180.42000000000002,180.42000000000002,1,0.0,Detractor,0
14723,0,5,1,6.0,7,666.71,139,3,3,0,0.0,666.71,222.23666666666668,3,0.0,Detractor,0
14725,0,4,1,1.0,6,655.58,45,1,1,0,0.0,655.58,655.58,1,0.0,Detractor,0
14727,0,4,0,8.0,6,268.58,10,1,1,0,0.0,268.58,268.58,1,0.0,Passive,0
14730,0,1,1,7.0,6,1897.57,317,8,7,0,0.0,1897.57,237.19625,8,0.0,Passive,0
14731,0,2,0,2.0,2,380.02,38,3,3,0,0.0,380.02,126.67333333333333,3,0.0,Detractor,0
14732,0,4,0,5.0,8,2702.4900000000002,105,8,8,2,16.15,2686.34,337.81125000000003,10,0.2,Detractor,1
14733,0,5,0,7.0,6,5228.6900000000005,76,9,9,3,134.37,5094.32,580.9655555555556,12,0.25,Passive,1
14735,1,4,1,8.0,5,5813.49,98,31,19,2,258.0,5555.49,187.53193548387097,33,0.06060606060606061,Passive,1
14737,1,4,0,5.0,5,730.55,9,2,2,0,0.0,730.55,365.275,2,0.0,Detractor,0
14738,1,3,1,2.0,5,1314.45,39,7,7,2,24.509999999999998,1289.94,187.77857142857144,9,0.2222222222222222,Detractor,1
14739,1,4,0,6.0,9,3188.4,40,6,6,1,3.18,3185.22,531.4,7,0.14285714285714285,Detractor,1
14740,0,0,1,3.0,8,1448.21,85,3,3,1,25.0,1423.21,482.7366666666667,4,0.25,Detractor,1
14741,0,1,0,3.0,4,905.04,25,4,4,0,0.0,905.04,226.26,4,0.0,Detractor,0
14744,1,5,1,5.0,7,874.98,21,6,5,2,11.45,863.53,145.83,8,0.25,Detractor,1
14745,0,3,0,5.0,3,1220.26,46,5,4,1,53.1,1167.16,244.052,6,0.16666666666666666,Detractor,1
14747,1,1,1,9.0,4,328.2,18,1,1,1,33.9,294.3,328.2,2,0.5,Promoter,1
14748,0,4,0,5.0,3,945.33,56,3,3,1,103.96,841.37,315.11,4,0.25,Detractor,1
14752,0,3,1,3.0,4,389.64,5,1,1,0,0.0,389.64,389.64,1,0.0,Detractor,0
14753,0,4,1,0.0,7,563.15,30,1,1,0,0.0,563.15,563.15,1,0.0,Detractor,0
14754,1,3,1,3.0,5,638.05,38,2,2,0,0.0,638.05,319.025,2,0.0,Detractor,0
14755,0,4,1,7.0,3,5010.28,128,11,11,1,44.900000000000006,4965.38,455.47999999999996,12,0.08333333333333333,Passive,1
14756,1,3,0,2.0,6,738.96,38,1,1,0,0.0,738.96,738.96,1,0.0,Detractor,0
14757,0,3,1,4.0,3,420.5,19,1,1,0,0.0,420.5,420.5,1,0.0,Detractor,0
14758,0,1,1,7.0,5,1484.06,54,4,4,0,0.0,1484.06,371.015,4,0.0,Passive,0
14759,1,4,0,4.0,4,1625.97,92,3,3,0,0.0,1625.97,541.99,3,0.0,Detractor,0
14760,0,1,1,2.0,4,89.2,5,1,1,1,35.400000000000006,53.8,89.2,2,0.5,Detractor,1
14761,0,1,1,5.0,2,255.9,11,2,2,0,0.0,255.9,127.95,2,0.0,Detractor,0
14762,0,3,1,8.0,5,300.52,21,1,1,0,0.0,300.52,300.52,1,0.0,Passive,0
14764,0,4,0,1.0,5,278.3,6,1,1,1,27.75,250.55,278.3,2,0.5,Detractor,1
14765,0,3,0,4.0,4,254.11,38,3,3,0,0.0,254.11,84.70333333333333,3,0.0,Detractor,0
14766,0,1,0,8.0,5,2292.97,109,5,5,0,0.0,2292.97,458.59399999999994,5,0.0,Passive,0
14768,0,5,1,5.0,2,192.60000000000002,4,2,2,1,53.1,139.5,96.30000000000001,3,0.3333333333333333,Detractor,1
14769,1,2,1,7.0,4,10069.97,713,7,7,1,23.0,10046.97,1438.5671428571427,8,0.125,Passive,1
14770,0,0,0,6.0,9,876.42,49,2,2,0,0.0,876.42,438.21,2,0.0,Detractor,0
14772,1,4,1,3.0,3,139.26,9,1,1,0,0.0,139.26,139.26,1,0.0,Detractor,0
14775,1,0,1,9.0,6,605.3399999999999,39,2,2,0,0.0,605.3399999999999,302.66999999999996,2,0.0,Promoter,0
14776,1,4,0,10.0,5,2538.3,44,11,9,2,342.72,2195.58,230.75454545454548,13,0.15384615384615385,Promoter,1
14777,1,1,0,5.0,7,0.0,0,0,0,1,2.95,-2.95,0.0,1,1.0,Detractor,1
14778,0,2,0,5.0,5,730.86,34,2,2,0,0.0,730.86,365.43,2,0.0,Detractor,0
14779,1,2,1,5.0,5,386.15,40,3,3,0,0.0,386.15,128.71666666666667,3,0.0,Detractor,0
14780,0,2,1,2.0,2,447.68,26,2,2,0,0.0,447.68,223.84,2,0.0,Detractor,0
14782,0,5,0,5.0,9,200.10000000000002,6,1,1,0,0.0,200.10000000000002,200.10000000000002,1,0.0,Detractor,0
14784,1,2,1,6.0,6,289.99,15,2,2,0,0.0,289.99,144.995,2,0.0,Detractor,0
14785,0,1,0,2.0,3,77.4,2,2,2,0,0.0,77.4,38.7,2,0.0,Detractor,0
14788,0,0,0,5.0,6,679.4399999999999,26,2,2,0,0.0,679.4399999999999,339.71999999999997,2,0.0,Detractor,0
14789,0,4,0,8.0,8,197.64,6,1,1,0,0.0,197.64,197.64,1,0.0,Passive,0
14790,1,4,1,9.0,6,745.06,30,4,4,0,0.0,745.06,186.265,4,0.0,Promoter,0
14792,1,2,1,7.0,8,6.2,2,1,1,1,6.2,0.0,6.2,2,0.5,Passive,1
14793,0,0,0,2.0,2,228.99,14,1,1,1,14.850000000000001,214.14,228.99,2,0.5,Detractor,1
14794,0,0,0,2.0,2,1319.91,68,7,7,2,47.8,1272.11,188.55857142857144,9,0.2222222222222222,Detractor,1
14795,0,3,0,2.0,3,131.45000000000002,6,1,1,0,0.0,131.45000000000002,131.45000000000002,1,0.0,Detractor,0
14796,0,1,0,3.0,4,6946.67,381,15,15,8,116.68,6829.99,463.11133333333333,23,0.34782608695652173,Detractor,1
14798,1,0,0,8.0,8,173.74,11,3,3,0,0.0,173.74,57.913333333333334,3,0.0,Passive,0
14799,1,4,0,8.0,6,157.7,13,1,1,0,0.0,157.7,157.7,1,0.0,Passive,0
14800,1,4,1,9.0,5,3111.94,209,10,10,4,103.4,3008.54,311.194,14,0.2857142857142857,Promoter,1
14801,0,3,0,8.0,3,189.34,56,1,1,0,0.0,189.34,189.34,1,0.0,Passive,0
14803,0,4,0,2.0,6,845.55,35,3,3,0,0.0,845.55,281.84999999999997,3,0.0,Detractor,0
14804,0,0,1,6.0,7,353.27,12,1,1,0,0.0,353.27,353.27,1,0.0,Detractor,0
14805,0,0,0,7.0,8,546.4,30,4,4,0,0.0,546.4,136.6,4,0.0,Passive,0
14806,1,4,0,5.0,5,193.39000000000001,11,1,1,0,0.0,193.39000000000001,193.39000000000001,1,0.0,Detractor,0
14808,0,3,0,5.0,5,2718.6,176,8,6,7,565.8,2152.8,339.825,15,0.4666666666666667,Detractor,1
14810,1,1,1,3.0,2,1907.44,98,10,10,0,0.0,1907.44,190.744,10,0.0,Detractor,0
14815,0,3,1,5.0,5,778.5,53,2,2,0,0.0,778.5,389.25,2,0.0,Detractor,0
14816,0,3,0,4.0,8,271.85,4,1,1,0,0.0,271.85,271.85,1,0.0,Detractor,0
14817,1,2,0,9.0,5,1110.34,52,2,2,0,0.0,1110.34,555.17,2,0.0,Promoter,0
14818,0,3,1,1.0,4,657.8,41,3,3,0,0.0,657.8,219.26666666666665,3,0.0,Detractor,0
14819,0,3,0,3.0,3,272.07,13,2,2,0,0.0,272.07,136.035,2,0.0,Detractor,0
14820,1,3,1,6.0,4,507.29,24,4,4,0,0.0,507.29,126.8225,4,0.0,Detractor,0
14823,0,5,1,1.0,3,321.43,56,3,2,0,0.0,321.43,107.14333333333333,3,0.0,Detractor,0
14824,0,4,1,1.0,5,1127.71,19,4,4,0,0.0,1127.71,281.9275,4,0.0,Detractor,0
14825,0,1,1,2.0,2,1824.5800000000002,71,10,10,0,0.0,1824.5800000000002,182.45800000000003,10,0.0,Detractor,0
14828,1,0,0,6.0,4,2139.76,17,3,3,0,0.0,2139.76,713.2533333333334,3,0.0,Detractor,0
14829,1,3,1,6.0,6,312.21999999999997,16,2,2,0,0.0,312.21999999999997,156.10999999999999,2,0.0,Detractor,0
14830,0,4,1,8.0,8,188.88,39,1,1,0,0.0,188.88,188.88,1,0.0,Passive,0
14834,1,3,0,8.0,8,1720.3,43,6,6,2,21.95,1698.35,286.71666666666664,8,0.25,Passive,1
14836,0,2,1,2.0,6,102.44999999999999,5,3,3,0,0.0,102.44999999999999,34.15,3,0.0,Detractor,0
14837,0,3,1,8.0,7,1649.5,96,4,4,1,8.3,1641.2,412.375,5,0.2,Passive,1
14840,1,1,1,0.0,7,62.85,4,1,1,0,0.0,62.85,62.85,1,0.0,Detractor,0
14841,0,1,0,2.0,6,2900.6,87,5,5,0,0.0,2900.6,580.12,5,0.0,Detractor,0
14842,0,3,1,3.0,8,2824.69,128,4,4,4,367.88999999999993,2456.8,706.1725,8,0.5,Detractor,1
14844,1,0,0,4.0,7,3189.81,87,4,4,0,0.0,3189.81,797.4525,4,0.0,Detractor,0
14847,0,1,1,5.0,8,309.4,13,1,1,0,0.0,309.4,309.4,1,0.0,Detractor,0
14849,0,5,0,5.0,5,7363.650000000001,156,20,11,3,26.259999999999998,7337.39,368.1825,23,0.13043478260869565,Detractor,1
14850,0,3,0,0.0,3,325.75,21,1,1,0,0.0,325.75,325.75,1,0.0,Detractor,0
14851,0,4,1,6.0,3,511.35,28,2,2,0,0.0,511.35,255.675,2,0.0,Detractor,0
14852,0,1,0,2.0,3,2836.69,96,6,5,0,0.0,2836.69,472.7816666666667,6,0.0,Detractor,0
14853,0,3,1,0.0,8,475.8,8,2,2,1,12.75,463.05,237.9,3,0.3333333333333333,Detractor,1
14854,0,4,1,6.0,4,2740.03,110,7,7,1,9.939999999999998,2730.09,391.4328571428572,8,0.125,Detractor,1
14855,0,3,0,3.0,4,645.65,13,2,2,0,0.0,645.65,322.825,2,0.0,Detractor,0
14856,0,5,0,2.0,4,1290.53,65,3,2,0,0.0,1290.53,430.1766666666667,3,0.0,Detractor,0
14857,0,4,1,6.0,3,1173.12,58,2,2,1,7.47,1165.65,586.56,3,0.3333333333333333,Detractor,1
14859,0,1,0,8.0,4,1353.74,47,4,3,1,1.7,1352.04,338.435,5,0.2,Passive,1
14860,0,4,1,7.0,5,170.32,11,1,1,1,1.7,168.62,170.32,2,0.5,Passive,1
14861,1,2,0,9.0,2,125.79,6,1,1,0,0.0,125.79,125.79,1,0.0,Promoter,0
14862,1,2,1,5.0,2,841.1999999999999,47,2,2,0,0.0,841.1999999999999,420.59999999999997,2,0.0,Detractor,0
14863,1,1,1,0.0,8,266.76,11,1,1,0,0.0,266.76,266.76,1,0.0,Detractor,0
14865,0,3,1,5.0,5,15.0,1,1,1,0,0.0,15.0,15.0,1,0.0,Detractor,0
14866,1,3,1,5.0,5,14286.22,30,11,10,1,192.45000000000002,14093.77,1298.7472727272727,12,0.08333333333333333,Detractor,1
14867,1,2,0,8.0,4,710.28,31,3,3,0,0.0,710.28,236.76,3,0.0,Passive,0
14868,1,3,1,2.0,8,2953.59,96,8,7,1,13.95,2939.64,369.19875,9,0.1111111111111111,Detractor,1
14869,1,4,1,6.0,5,721.45,66,2,2,1,3.75,717.7,360.725,3,0.3333333333333333,Detractor,1
14870,1,4,1,1.0,2,327.25,13,1,1,0,0.0,327.25,327.25,1,0.0,Detractor,0
14871,0,4,1,2.0,7,380.33,60,3,3,0,0.0,380.33,126.77666666666666,3,0.0,Detractor,0
14873,0,3,0,4.0,3,519.68,28,1,1,0,0.0,519.68,519.68,1,0.0,Detractor,0
14875,1,3,1,3.0,6,1465.3200000000002,46,2,2,3,16.6,1448.72,732.6600000000001,5,0.6,Detractor,1
14878,1,4,0,9.0,3,1154.08,59,8,8,0,0.0,1154.08,144.26,8,0.0,Promoter,0
14880,0,1,0,4.0,3,690.59,45,3,3,0,0.0,690.59,230.1966666666667,3,0.0,Detractor,0
14881,1,4,1,9.0,8,255.4,17,1,1,0,0.0,255.4,255.4,1,0.0,Promoter,0
14882,0,3,0,4.0,5,589.7,6,2,2,0,0.0,589.7,294.85,2,0.0,Detractor,0
14883,1,2,0,1.0,7,761.59,39,6,5,1,4.95,756.64,126.93166666666667,7,0.14285714285714285,Detractor,1
14885,1,3,1,6.0,7,765.3199999999999,15,1,1,0,0.0,765.3199999999999,765.3199999999999,1,0.0,Detractor,0
14886,0,1,1,5.0,8,364.8,18,1,1,0,0.0,364.8,364.8,1,0.0,Detractor,0
14887,1,3,1,2.0,6,1862.0,6,1,1,0,0.0,1862.0,1862.0,1,0.0,Detractor,0
14888,1,5,0,3.0,3,369.2,20,1,1,0,0.0,369.2,369.2,1,0.0,Detractor,0
14889,1,3,1,4.0,6,135.9,10,1,1,0,0.0,135.9,135.9,1,0.0,Detractor,0
14890,1,2,0,8.0,8,125.65,7,1,1,0,0.0,125.65,125.65,1,0.0,Passive,0
14891,0,3,0,6.0,5,554.38,30,2,2,0,0.0,554.38,277.19,2,0.0,Detractor,0
14893,1,4,1,8.0,4,1237.8500000000001,72,2,2,0,0.0,1237.8500000000001,618.9250000000001,2,0.0,Passive,0
14894,0,2,1,3.0,8,655.75,23,1,1,0,0.0,655.75,655.75,1,0.0,Detractor,0
14895,0,3,0,3.0,2,11138.710000000001,273,20,11,4,118.45,11020.26,556.9355,24,0.16666666666666666,Detractor,1
14896,0,3,1,7.0,4,211.55,11,1,1,0,0.0,211.55,211.55,1,0.0,Passive,0
14897,1,1,1,10.0,9,1366.38,43,4,4,0,0.0,1366.38,341.595,4,0.0,Promoter,0
14898,1,2,0,8.0,5,1170.81,85,5,5,0,0.0,1170.81,234.16199999999998,5,0.0,Passive,0
14901,0,5,0,6.0,2,924.24,45,6,6,0,0.0,924.24,154.04,6,0.0,Detractor,0
14902,0,3,1,7.0,6,332.66,20,1,1,1,18.55,314.11,332.66,2,0.5,Passive,1
14903,0,3,1,7.0,2,2795.33,227,5,5,5,66.14999999999999,2729.18,559.066,10,0.5,Passive,1
14904,0,4,1,4.0,4,1025.44,66,2,2,0,0.0,1025.44,512.72,2,0.0,Detractor,0
14905,0,0,0,0.0,9,616.15,14,2,2,1,16.25,599.9,308.075,3,0.3333333333333333,Detractor,1
14907,0,3,0,6.0,6,2540.41,98,4,4,2,21.0,2519.41,635.1025,6,0.3333333333333333,Detractor,1
14908,0,2,0,1.0,7,277.8,9,1,1,0,0.0,277.8,277.8,1,0.0,Detractor,0
14910,0,0,0,3.0,7,434.35,25,4,4,3,44.489999999999995,389.86,108.5875,7,0.42857142857142855,Detractor,1
14913,0,3,0,4.0,3,926.56,61,3,3,0,0.0,926.56,308.8533333333333,3,0.0,Detractor,0
14915,0,1,0,1.0,5,307.48,12,2,2,1,48.65,258.83,153.74,3,0.3333333333333333,Detractor,1
14916,0,3,0,6.0,8,1268.98,72,4,4,1,4.14,1264.84,317.245,5,0.2,Detractor,1
14918,0,5,0,6.0,7,1610.15,39,2,2,0,0.0,1610.15,805.075,2,0.0,Detractor,0
14920,0,5,1,6.0,3,977.77,57,2,1,0,0.0,977.77,488.885,2,0.0,Detractor,0
14921,0,2,0,8.0,8,1316.07,78,2,2,0,0.0,1316.07,658.035,2,0.0,Passive,0
14923,0,2,0,3.0,5,749.1,44,1,1,0,0.0,749.1,749.1,1,0.0,Detractor,0
14924,0,2,0,5.0,3,310.05,10,1,1,0,0.0,310.05,310.05,1,0.0,Detractor,0
14929,0,2,0,6.0,4,223.88,11,1,1,0,0.0,223.88,223.88,1,0.0,Detractor,0
14944,0,4,0,5.0,8,5900.25,101,12,7,1,17.700000000000003,5882.55,491.6875,13,0.07692307692307693,Detractor,1
14946,0,2,1,3.0,5,100.9,3,1,1,0,0.0,100.9,100.9,1,0.0,Detractor,0
14947,0,3,1,3.0,8,290.82,14,2,2,0,0.0,290.82,145.41,2,0.0,Detractor,0
14948,0,3,0,4.0,7,1101.97,56,6,6,1,35.400000000000006,1066.57,183.66166666666666,7,0.14285714285714285,Detractor,1
14950,0,0,1,0.0,9,371.2,19,1,1,1,9.95,361.25,371.2,2,0.5,Detractor,1
14951,0,4,1,4.0,6,311.69,20,1,1,0,0.0,311.69,311.69,1,0.0,Detractor,0
14952,0,4,0,5.0,9,7413.33,112,10,7,3,83.7,7329.63,741.333,13,0.23076923076923078,Detractor,1
14953,0,1,0,8.0,6,285.67,54,1,1,0,0.0,285.67,285.67,1,0.0,Passive,0
14954,0,2,1,6.0,7,294.85,75,1,1,0,0.0,294.85,294.85,1,0.0,Detractor,0
14957,0,4,0,2.0,3,58.49,12,1,1,0,0.0,58.49,58.49,1,0.0,Detractor,0
14958,0,4,0,2.0,9,483.72999999999996,33,3,3,0,0.0,483.72999999999996,161.2433333333333,3,0.0,Detractor,0
14959,0,5,1,8.0,3,695.42,37,4,4,1,10.45,684.97,173.855,5,0.2,Passive,1
14960,1,1,1,7.0,4,221.27,23,2,2,0,0.0,221.27,110.635,2,0.0,Passive,0
14961,0,3,1,2.0,4,5861.9800000000005,172,7,7,3,38.099999999999994,5823.88,837.4257142857143,10,0.3,Detractor,1
14962,0,3,0,3.0,3,126.7,5,1,1,0,0.0,126.7,126.7,1,0.0,Detractor,0
14963,1,1,0,1.0,8,1472.34,149,5,5,0,0.0,1472.34,294.46799999999996,5,0.0,Detractor,0
14964,1,4,0,7.0,7,206.21,13,1,1,0,0.0,206.21,206.21,1,0.0,Passive,0
14965,1,0,1,7.0,8,596.09,80,2,1,0,0.0,596.09,298.045,2,0.0,Passive,0
14966,0,1,1,0.0,7,183.02,35,1,1,0,0.0,183.02,183.02,1,0.0,Detractor,0
14967,1,1,1,3.0,9,463.8,6,1,1,0,0.0,463.8,463.8,1,0.0,Detractor,0
14968,0,5,1,6.0,4,147.59,37,1,1,0,0.0,147.59,147.59,1,0.0,Detractor,0
14970,1,2,1,9.0,4,1592.06,24,4,4,0,0.0,1592.06,398.015,4,0.0,Promoter,0
14971,0,5,1,8.0,6,1097.98,144,3,2,0,0.0,1097.98,365.99333333333334,3,0.0,Passive,0
14972,1,2,1,7.0,8,114.77,18,1,1,0,0.0,114.77,114.77,1,0.0,Passive,0
14973,0,1,1,3.0,3,1314.45,29,3,3,0,0.0,1314.45,438.15000000000003,3,0.0,Detractor,0
14974,1,0,1,9.0,6,89.94,17,1,1,0,0.0,89.94,89.94,1,0.0,Promoter,0
14975,0,4,1,2.0,5,279.94,11,1,1,0,0.0,279.94,279.94,1,0.0,Detractor,0
14976,0,4,1,2.0,2,790.86,47,7,5,1,25.0,765.86,112.98,8,0.125,Detractor,1
14978,1,2,1,5.0,7,1921.3700000000001,136,5,5,0,0.0,1921.3700000000001,384.274,5,0.0,Detractor,0
14981,1,1,1,6.0,6,102.12,8,1,1,0,0.0,102.12,102.12,1,0.0,Detractor,0
14984,0,3,0,8.0,3,202.37,37,2,2,0,0.0,202.37,101.185,2,0.0,Passive,0
14985,0,3,1,2.0,3,172.24,37,1,1,0,0.0,172.24,172.24,1,0.0,Detractor,0
14987,0,5,1,8.0,6,163.2,2,1,1,0,0.0,163.2,163.2,1,0.0,Passive,0
14988,0,4,1,0.0,8,334.54,40,1,1,0,0.0,334.54,334.54,1,0.0,Detractor,0
14995,1,4,1,4.0,2,231.98000000000002,53,2,2,0,0.0,231.98000000000002,115.99000000000001,2,0.0,Detractor,0
14997,1,5,1,2.0,8,546.1999999999999,25,3,3,1,5.22,540.98,182.06666666666663,4,0.25,Detractor,1
14998,0,3,1,7.0,3,414.87,70,2,2,0,0.0,414.87,207.435,2,0.0,Passive,0
15000,1,2,0,1.0,3,490.52,76,1,1,0,0.0,490.52,490.52,1,0.0,Detractor,0
15002,0,5,0,6.0,7,1010.11,68,3,3,0,0.0,1010.11,336.7033333333333,3,0.0,Detractor,0
15004,1,2,0,3.0,9,1220.77,154,1,1,0,0.0,1220.77,1220.77,1,0.0,Detractor,0
15005,0,4,0,5.0,3,5824.96,345,26,26,7,134.83,5690.13,224.03692307692307,33,0.21212121212121213,Detractor,1
15006,1,2,1,5.0,5,480.38,121,1,1,0,0.0,480.38,480.38,1,0.0,Detractor,0
15007,1,2,0,7.0,4,156.91,12,1,1,0,0.0,156.91,156.91,1,0.0,Passive,0
15009,0,4,0,4.0,6,1259.43,148,3,3,0,0.0,1259.43,419.81,3,0.0,Detractor,0
15010,0,4,0,4.0,7,308.94,20,1,1,0,0.0,308.94,308.94,1,0.0,Detractor,0
15012,1,2,0,8.0,4,216.48,68,1,1,0,0.0,216.48,216.48,1,0.0,Passive,0
15014,0,2,1,2.0,2,257.67,29,2,2,0,0.0,257.67,128.835,2,0.0,Detractor,0
15016,1,3,1,4.0,7,170.04,20,1,1,0,0.0,170.04,170.04,1,0.0,Detractor,0
15017,1,2,0,7.0,8,125.58,20,1,1,0,0.0,125.58,125.58,1,0.0,Passive,0
15018,1,4,0,2.0,6,384.96,26,2,2,1,39.95,345.01,192.48,3,0.3333333333333333,Detractor,1
15019,0,3,1,3.0,5,252.81,64,1,1,0,0.0,252.81,252.81,1,0.0,Detractor,0
15021,1,3,0,7.0,6,1673.68,265,8,7,2,26.54,1647.14,209.21,10,0.2,Passive,1
15022,1,3,1,1.0,6,852.39,96,4,3,0,0.0,852.39,213.0975,4,0.0,Detractor,0
15023,1,1,1,4.0,2,6291.01,324,10,10,1,39.6,6251.41,629.101,11,0.09090909090909091,Detractor,1
15024,0,2,1,5.0,8,1145.21,78,8,6,0,0.0,1145.21,143.15125,8,0.0,Detractor,0
15025,1,3,1,10.0,4,361.96,66,1,1,0,0.0,361.96,361.96,1,0.0,Promoter,0
15026,0,2,0,5.0,3,469.0,57,3,3,0,0.0,469.0,156.33333333333334,3,0.0,Detractor,0
15027,0,0,0,3.0,4,1066.1499999999999,30,4,4,2,14.2,1051.95,266.53749999999997,6,0.3333333333333333,Detractor,1
15028,0,1,0,4.0,2,441.16,28,3,2,0,0.0,441.16,147.05333333333334,3,0.0,Detractor,0
15030,0,4,0,6.0,6,518.28,7,2,2,0,0.0,518.28,259.14,2,0.0,Detractor,0
15031,1,2,1,10.0,9,653.19,74,4,4,0,0.0,653.19,163.2975,4,0.0,Promoter,0
15032,1,0,0,3.0,4,2188.5,22,1,1,2,495.0,1693.5,2188.5,3,0.6666666666666666,Detractor,1
15033,1,3,0,10.0,4,2557.18,315,10,10,1,15.65,2541.53,255.718,11,0.09090909090909091,Promoter,1
15034,1,0,1,2.0,6,3453.76,277,7,6,3,30.95,3422.81,493.39428571428573,10,0.3,Detractor,1
15035,0,4,0,0.0,3,252.73000000000002,26,1,1,0,0.0,252.73000000000002,252.73000000000002,1,0.0,Detractor,0
15036,1,4,1,3.0,6,429.56,107,3,3,0,0.0,429.56,143.18666666666667,3,0.0,Detractor,0
15038,0,4,0,2.0,5,566.86,78,5,5,1,39.9,526.96,113.372,6,0.16666666666666666,Detractor,1
15039,0,0,1,7.0,5,18474.93,385,45,40,5,128.0,18346.93,410.55400000000003,50,0.1,Passive,1
15041,0,3,0,1.0,4,179.93,66,1,1,0,0.0,179.93,179.93,1,0.0,Detractor,0
15042,0,3,1,7.0,9,135.93,5,1,1,0,0.0,135.93,135.93,1,0.0,Passive,0
15043,0,5,0,1.0,2,537.0,3,1,1,0,0.0,537.0,537.0,1,0.0,Detractor,0
15044,0,5,1,6.0,6,5545.18,193,13,12,3,56.099999999999994,5489.08,426.5523076923077,16,0.1875,Detractor,1
15045,1,0,1,7.0,5,735.66,11,2,2,1,102.0,633.66,367.83,3,0.3333333333333333,Passive,1
15046,1,2,1,1.0,8,5090.42,147,15,15,1,149.76,4940.66,339.36133333333333,16,0.0625,Detractor,1
15047,1,2,1,3.0,8,343.62,22,1,1,0,0.0,343.62,343.62,1,0.0,Detractor,0
15048,1,3,1,7.0,6,282.3,67,3,3,1,3.4799999999999995,278.82,94.10000000000001,4,0.25,Passive,1
15049,1,4,1,2.0,7,121.17000000000002,3,1,1,0,0.0,121.17000000000002,121.17000000000002,1,0.0,Detractor,0
15050,1,2,1,2.0,8,1737.69,68,3,2,2,54.919999999999995,1682.77,579.23,5,0.4,Detractor,1
15051,1,0,0,2.0,5,1383.3600000000001,130,3,3,0,0.0,1383.3600000000001,461.12000000000006,3,0.0,Detractor,0
15052,1,1,1,3.0,9,207.73000000000002,27,1,1,0,0.0,207.73000000000002,207.73000000000002,1,0.0,Detractor,0
15053,0,4,1,1.0,6,693.95,49,3,3,0,0.0,693.95,231.3166666666667,3,0.0,Detractor,0
15054,0,1,1,5.0,4,302.1,105,2,2,0,0.0,302.1,151.05,2,0.0,Detractor,0
15057,0,2,1,4.0,4,1489.5,25,2,2,0,0.0,1489.5,744.75,2,0.0,Detractor,0
15058,0,3,1,1.0,4,2102.54,199,11,8,0,0.0,2102.54,191.14,11,0.0,Detractor,0
15059,0,2,1,1.0,3,1337.72,161,9,7,2,11.9,1325.82,148.63555555555556,11,0.18181818181818182,Detractor,1
15060,0,0,1,6.0,7,294.25,81,4,2,0,0.0,294.25,73.5625,4,0.0,Detractor,0
15061,1,1,1,10.0,5,34583.479999999996,46,36,25,7,305.4,34278.08,960.6522222222221,43,0.16279069767441862,Promoter,1
15062,0,3,1,4.0,7,778.78,42,3,3,0,0.0,778.78,259.5933333333333,3,0.0,Detractor,0
15063,0,4,1,1.0,5,370.79999999999995,5,1,1,0,0.0,370.79999999999995,370.79999999999995,1,0.0,Detractor,0
15065,0,2,0,3.0,2,3158.13,148,4,4,2,22.15,3135.98,789.5325,6,0.3333333333333333,Detractor,1
15066,1,5,0,6.0,3,893.59,42,1,1,1,133.0,760.59,893.59,2,0.5,Detractor,1
15067,1,2,1,8.0,3,1744.76,82,3,2,0,0.0,1744.76,581.5866666666667,3,0.0,Passive,0
15068,1,5,0,6.0,2,553.36,96,2,2,0,0.0,553.36,276.68,2,0.0,Detractor,0
15069,0,2,1,8.0,8,1109.53,70,1,1,0,0.0,1109.53,1109.53,1,0.0,Passive,0
15071,0,1,0,4.0,5,982.07,25,2,2,0,0.0,982.07,491.035,2,0.0,Detractor,0
15073,1,1,1,6.0,5,1043.41,31,3,3,1,430.97999999999996,612.43,347.80333333333334,4,0.25,Detractor,1
15074,0,5,1,8.0,6,735.67,41,1,1,0,0.0,735.67,735.67,1,0.0,Passive,0
15075,0,2,1,8.0,9,773.03,27,1,1,0,0.0,773.03,773.03,1,0.0,Passive,0
15076,1,1,1,8.0,8,880.85,49,1,1,0,0.0,880.85,880.85,1,0.0,Passive,0
15078,1,0,1,7.0,7,8924.460000000001,94,28,18,5,109.00999999999999,8815.45,318.7307142857143,33,0.15151515151515152,Passive,1
15079,1,2,1,8.0,8,753.66,43,3,2,1,1.95,751.71,251.22,4,0.25,Passive,1
15081,1,2,0,5.0,6,393.65,19,4,4,1,17.45,376.2,98.4125,5,0.2,Detractor,1
15083,0,2,0,3.0,9,88.2,5,1,1,0,0.0,88.2,88.2,1,0.0,Detractor,0
15087,0,2,0,1.0,6,306.94,15,1,1,0,0.0,306.94,306.94,1,0.0,Detractor,0
15088,0,5,0,0.0,5,1160.07,53,2,2,1,19.8,1140.27,580.035,3,0.3333333333333333,Detractor,1
15089,1,2,0,1.0,4,2420.84,139,6,6,0,0.0,2420.84,403.47333333333336,6,0.0,Detractor,0
15090,1,1,1,8.0,7,381.32,23,1,1,0,0.0,381.32,381.32,1,0.0,Passive,0
15091,0,3,1,6.0,3,480.71,30,1,1,1,3.75,476.96,480.71,2,0.5,Detractor,1
15092,1,4,1,3.0,8,457.81,23,2,2,0,0.0,457.81,228.905,2,0.0,Detractor,0
15093,1,2,1,3.0,6,3973.29,48,5,5,2,7.73,3965.56,794.658,7,0.2857142857142857,Detractor,1
15095,1,4,1,10.0,7,1370.6,30,4,3,1,5.9,1364.7,342.65,5,0.2,Promoter,1
15096,1,3,1,10.0,7,219.39000000000001,11,1,1,0,0.0,219.39000000000001,219.39000000000001,1,0.0,Promoter,0
15097,1,5,1,8.0,6,248.08,25,1,1,0,0.0,248.08,248.08,1,0.0,Passive,0
15098,1,5,0,8.0,8,39916.5,1,3,1,2,39267.0,649.5,13305.5,5,0.4,Passive,1
15099,0,5,1,3.0,2,410.48,23,1,1,0,0.0,410.48,410.48,1,0.0,Detractor,0
15100,1,3,0,0.0,3,175.2,1,1,1,1,32.849999999999994,142.35,175.2,2,0.5,Detractor,1
15101,1,3,0,9.0,7,215.25,4,1,1,1,7.5,207.75,215.25,2,0.5,Promoter,1
15103,0,3,1,2.0,5,703.36,35,2,2,0,0.0,703.36,351.68,2,0.0,Detractor,0
15104,0,3,1,6.0,2,993.54,66,2,2,1,24.9,968.64,496.77,3,0.3333333333333333,Detractor,1
15105,1,5,0,3.0,4,2298.93,90,7,5,0,0.0,2298.93,328.4185714285714,7,0.0,Detractor,0
15106,0,5,0,5.0,3,1422.52,90,5,5,2,14.79,1407.73,284.504,7,0.2857142857142857,Detractor,1
15107,0,0,1,1.0,8,142.45,6,4,4,1,8.5,133.95,35.6125,5,0.2,Detractor,1
15109,0,2,0,6.0,7,484.95,28,1,1,1,21.2,463.75,484.95,2,0.5,Detractor,1
15110,0,1,1,8.0,6,996.1,17,4,4,3,22.9,973.2,249.025,7,0.42857142857142855,Passive,1
15111,1,1,0,10.0,2,1278.98,62,2,2,0,0.0,1278.98,639.49,2,0.0,Promoter,0
15113,0,4,1,3.0,8,3509.43,77,3,3,1,169.92000000000002,3339.5099999999998,1169.81,4,0.25,Detractor,1
15114,0,0,1,6.0,3,2760.56,136,10,10,0,0.0,2760.56,276.056,10,0.0,Detractor,0
15115,0,5,1,6.0,7,340.11,21,1,1,0,0.0,340.11,340.11,1,0.0,Detractor,0
15116,0,4,1,1.0,6,1352.75,37,4,4,0,0.0,1352.75,338.1875,4,0.0,Detractor,0
15117,0,4,0,8.0,6,1551.78,63,5,5,1,1.65,1550.13,310.356,6,0.16666666666666666,Passive,1
15118,0,1,1,7.0,6,244.8,1,1,1,0,0.0,244.8,244.8,1,0.0,Passive,0
15119,0,2,0,2.0,2,266.4,14,1,1,0,0.0,266.4,266.4,1,0.0,Detractor,0
15120,0,4,0,5.0,8,358.82,21,1,1,1,15.0,343.82,358.82,2,0.5,Detractor,1
15121,0,5,0,7.0,6,457.72,28,2,2,0,0.0,457.72,228.86,2,0.0,Passive,0
15122,1,4,1,8.0,5,1633.78,65,3,3,3,21.650000000000002,1612.13,544.5933333333334,6,0.5,Passive,1
15123,1,4,0,5.0,5,2199.31,93,2,2,0,0.0,2199.31,1099.655,2,0.0,Detractor,0
15124,1,3,1,2.0,5,184.19,14,2,2,0,0.0,184.19,92.095,2,0.0,Detractor,0
15125,1,4,0,6.0,9,11528.48,102,15,10,8,411.42999999999995,11117.05,768.5653333333333,23,0.34782608695652173,Detractor,1
15127,0,0,1,3.0,8,406.53,16,1,1,0,0.0,406.53,406.53,1,0.0,Detractor,0
15128,0,1,0,3.0,4,1471.0,74,4,4,4,51.459999999999994,1419.54,367.75,8,0.5,Detractor,1
15129,1,5,1,5.0,7,3447.4,54,11,10,0,0.0,3447.4,313.40000000000003,11,0.0,Detractor,0
15130,0,3,0,5.0,3,330.11,22,1,1,0,0.0,330.11,330.11,1,0.0,Detractor,0
15132,1,1,1,9.0,4,977.9300000000001,49,5,5,0,0.0,977.9300000000001,195.586,5,0.0,Promoter,0
15133,0,4,0,5.0,3,982.42,27,3,3,0,0.0,982.42,327.4733333333333,3,0.0,Detractor,0
15134,0,3,1,3.0,4,1387.99,44,8,8,0,0.0,1387.99,173.49875,8,0.0,Detractor,0
15135,0,4,1,0.0,7,139.05,9,1,1,1,11.9,127.15,139.05,2,0.5,Detractor,1
15136,1,3,1,3.0,5,1286.7,61,4,3,1,4.25,1282.45,321.675,5,0.2,Detractor,1
15139,0,4,1,7.0,3,178.96,13,2,2,0,0.0,178.96,89.48,2,0.0,Passive,0
15140,1,3,0,2.0,6,2354.25,74,7,6,1,4.25,2350.0,336.32142857142856,8,0.125,Detractor,1
15142,0,3,1,4.0,3,498.74,26,1,1,0,0.0,498.74,498.74,1,0.0,Detractor,0
15143,0,1,1,7.0,5,259.45,14,1,1,0,0.0,259.45,259.45,1,0.0,Passive,0
15144,1,4,0,4.0,4,6580.44,132,17,14,1,50.400000000000006,6530.04,387.0847058823529,18,0.05555555555555555,Detractor,1
15145,0,1,1,2.0,4,1194.73,54,4,4,0,0.0,1194.73,298.6825,4,0.0,Detractor,0
15146,0,1,1,5.0,2,1327.16,90,2,2,1,13.5,1313.66,663.58,3,0.3333333333333333,Detractor,1
15147,0,3,1,8.0,5,623.5,28,1,1,1,14.850000000000001,608.65,623.5,2,0.5,Passive,1
15148,0,4,0,1.0,5,301.29,20,1,1,0,0.0,301.29,301.29,1,0.0,Detractor,0
15149,0,3,0,4.0,4,520.8000000000001,23,1,1,0,0.0,520.8000000000001,520.8000000000001,1,0.0,Detractor,0
15150,0,1,0,8.0,5,5291.33,282,10,10,1,10.5,5280.83,529.133,11,0.09090909090909091,Passive,1
15152,0,5,1,5.0,2,4745.69,196,13,13,3,61.45,4684.24,365.0530769230769,16,0.1875,Detractor,1
15153,1,2,1,7.0,4,329.25,22,1,1,0,0.0,329.25,329.25,1,0.0,Passive,0
15154,0,0,0,6.0,9,254.28,66,1,1,1,29.55,224.73,254.28,2,0.5,Detractor,1
15156,1,4,1,3.0,3,961.49,51,3,3,0,0.0,961.49,320.49666666666667,3,0.0,Detractor,0
15157,1,0,1,9.0,6,850.61,71,2,2,1,36.33,814.28,425.305,3,0.3333333333333333,Promoter,1
15158,1,4,0,10.0,5,401.40000000000003,7,1,1,0,0.0,401.40000000000003,401.40000000000003,1,0.0,Promoter,0
15159,1,1,0,5.0,7,16780.03,331,28,18,4,67.33,16712.7,599.2867857142857,32,0.125,Detractor,1
15163,0,2,0,5.0,5,304.47,29,2,2,0,0.0,304.47,152.235,2,0.0,Detractor,0
15164,1,2,1,5.0,5,824.58,79,3,3,0,0.0,824.58,274.86,3,0.0,Detractor,0
15167,0,2,1,2.0,2,158.8,39,1,1,0,0.0,158.8,158.8,1,0.0,Detractor,0
15168,0,5,0,5.0,9,106.56,5,1,1,0,0.0,106.56,106.56,1,0.0,Detractor,0
15171,1,2,1,6.0,6,1289.5,5,1,1,1,254.99999999999997,1034.5,1289.5,2,0.5,Detractor,1
15172,0,1,0,2.0,3,1624.05,106,5,5,0,0.0,1624.05,324.81,5,0.0,Detractor,0
15174,0,0,0,5.0,6,135.75,11,1,1,0,0.0,135.75,135.75,1,0.0,Detractor,0
15175,0,4,0,8.0,8,224.14,23,1,1,0,0.0,224.14,224.14,1,0.0,Passive,0
15178,1,4,1,9.0,6,40.5,3,1,1,0,0.0,40.5,40.5,1,0.0,Promoter,0
15179,1,2,1,7.0,8,2206.95,91,5,5,1,4.25,2202.7,441.39,6,0.16666666666666666,Passive,1
15181,0,0,0,2.0,2,689.4799999999999,11,3,3,0,0.0,689.4799999999999,229.82666666666663,3,0.0,Detractor,0
15182,0,0,0,2.0,2,622.85,24,2,2,0,0.0,622.85,311.425,2,0.0,Detractor,0
15184,0,3,0,2.0,3,402.2,59,2,2,0,0.0,402.2,201.1,2,0.0,Detractor,0
15185,0,1,0,3.0,4,310.62,21,1,1,0,0.0,310.62,310.62,1,0.0,Detractor,0
15186,1,0,0,8.0,8,411.41,17,2,2,0,0.0,411.41,205.705,2,0.0,Passive,0
15187,1,4,0,8.0,6,4777.18,61,16,14,2,107.1,4670.08,298.57375,18,0.1111111111111111,Passive,1
15189,1,4,1,9.0,5,16225.39,80,41,38,12,423.25,15802.14,395.74121951219513,53,0.22641509433962265,Promoter,1
15192,0,3,0,8.0,3,729.32,27,2,2,0,0.0,729.32,364.66,2,0.0,Passive,0
15193,0,4,0,2.0,6,499.32,19,1,1,0,0.0,499.32,499.32,1,0.0,Detractor,0
15194,0,0,1,6.0,7,6057.54,159,12,12,6,48.96,6008.58,504.795,18,0.3333333333333333,Detractor,1
15195,0,0,0,7.0,8,3861.0,1,1,1,0,0.0,3861.0,3861.0,1,0.0,Passive,0
15197,1,4,0,5.0,5,523.11,29,2,2,2,423.17,99.93999999999997,261.555,4,0.5,Detractor,1
15198,0,3,0,5.0,5,193.64,10,2,2,0,0.0,193.64,96.82,2,0.0,Detractor,0
15199,1,1,1,3.0,2,1268.7,5,4,4,0,0.0,1268.7,317.175,4,0.0,Detractor,0
15201,0,3,1,5.0,5,1236.54,35,5,4,6,308.69999999999993,927.84,247.308,11,0.5454545454545454,Detractor,1
15203,0,3,0,4.0,8,1827.8,82,6,6,0,0.0,1827.8,304.6333333333333,6,0.0,Detractor,0
15205,1,2,0,9.0,5,653.24,37,2,2,1,4.41,648.8299999999999,326.62,3,0.3333333333333333,Promoter,1
15206,0,3,1,1.0,4,420.29999999999995,3,4,4,0,0.0,420.29999999999995,105.07499999999999,4,0.0,Detractor,0
15208,0,3,0,3.0,3,804.72,24,4,4,1,2.5,802.22,201.18,5,0.2,Detractor,1
15210,1,3,1,6.0,4,331.18,20,1,1,0,0.0,331.18,331.18,1,0.0,Detractor,0
15211,0,5,1,1.0,3,511.34000000000003,29,1,1,0,0.0,511.34000000000003,511.34000000000003,1,0.0,Detractor,0
15212,0,4,1,1.0,5,101.8,5,1,1,1,12.85,88.94999999999999,101.8,2,0.5,Detractor,1
15213,0,1,1,2.0,2,328.35,22,2,2,1,3.3,325.05,164.175,3,0.3333333333333333,Detractor,1
15214,1,0,0,6.0,4,1661.44,109,8,8,0,0.0,1661.44,207.68,8,0.0,Detractor,0
15215,1,3,1,6.0,6,734.94,33,3,2,3,118.95,615.99,244.98000000000002,6,0.5,Detractor,1
15216,0,4,1,8.0,8,96.6,2,1,1,0,0.0,96.6,96.6,1,0.0,Passive,0
15218,1,3,0,8.0,8,5756.89,77,11,9,0,0.0,5756.89,523.3536363636364,11,0.0,Passive,0
15219,0,2,1,2.0,6,305.75,9,1,1,0,0.0,305.75,305.75,1,0.0,Detractor,0
15220,0,3,1,8.0,7,1778.96,110,6,6,1,20.04,1758.92,296.49333333333334,7,0.14285714285714285,Passive,1
15222,1,1,1,0.0,7,585.0,5,1,1,0,0.0,585.0,585.0,1,0.0,Detractor,0
15223,0,1,0,2.0,6,755.75,14,2,2,1,300.84999999999997,454.90000000000003,377.875,3,0.3333333333333333,Detractor,1
15225,0,3,1,3.0,8,409.40000000000003,23,1,1,0,0.0,409.40000000000003,409.40000000000003,1,0.0,Detractor,0
15226,1,0,0,4.0,7,154.41,8,1,1,0,0.0,154.41,154.41,1,0.0,Detractor,0
15227,0,1,1,5.0,8,1219.4,43,5,4,0,0.0,1219.4,243.88000000000002,5,0.0,Detractor,0
15228,0,5,0,5.0,5,3386.71,110,4,4,1,9.75,3376.96,846.6775,5,0.2,Detractor,1
15230,0,3,0,0.0,3,429.6,23,2,2,0,0.0,429.6,214.8,2,0.0,Detractor,0
15232,0,4,1,6.0,3,612.06,26,2,2,0,0.0,612.06,306.03,2,0.0,Detractor,0
15234,0,1,0,2.0,3,197.0,14,1,1,0,0.0,197.0,197.0,1,0.0,Detractor,0
15235,0,3,1,0.0,8,1552.8700000000001,96,9,7,0,0.0,1552.8700000000001,172.54111111111112,9,0.0,Detractor,0
15236,0,4,1,6.0,4,321.05,15,1,1,0,0.0,321.05,321.05,1,0.0,Detractor,0
15237,0,3,0,3.0,4,1412.32,94,4,4,0,0.0,1412.32,353.08,4,0.0,Detractor,0
15238,0,5,0,2.0,4,1071.99,49,3,3,2,15.45,1056.54,357.33,5,0.4,Detractor,1
15239,0,4,1,6.0,3,780.59,48,2,2,1,16.25,764.34,390.295,3,0.3333333333333333,Detractor,1
15240,0,1,0,8.0,4,1706.57,58,5,5,1,15.55,1691.02,341.31399999999996,6,0.16666666666666666,Passive,1
15241,0,4,1,7.0,5,1756.44,82,8,8,1,17.85,1738.59,219.555,9,0.1111111111111111,Passive,1
15243,1,2,0,9.0,2,316.68,22,1,1,0,0.0,316.68,316.68,1,0.0,Promoter,0
15244,1,2,1,5.0,2,631.57,31,2,2,0,0.0,631.57,315.785,2,0.0,Detractor,0
15245,1,1,1,0.0,8,2515.84,55,3,3,0,0.0,2515.84,838.6133333333333,3,0.0,Detractor,0
15246,0,3,1,5.0,5,328.15000000000003,21,1,1,0,0.0,328.15000000000003,328.15000000000003,1,0.0,Detractor,0
15247,1,3,1,5.0,5,356.0,6,1,1,0,0.0,356.0,356.0,1,0.0,Detractor,0
15249,1,2,0,8.0,4,6688.46,211,13,12,2,31.1,6657.36,514.496923076923,15,0.13333333333333333,Passive,1
15251,1,3,1,2.0,8,10484.99,97,11,10,4,157.88,10327.11,953.180909090909,15,0.26666666666666666,Detractor,1
15252,1,4,1,6.0,5,740.78,44,2,2,0,0.0,740.78,370.39,2,0.0,Detractor,0
15253,1,4,1,1.0,2,918.1999999999999,52,5,3,1,2.9,915.3,183.64,6,0.16666666666666666,Detractor,1
15254,0,4,1,2.0,7,300.36,18,1,1,0,0.0,300.36,300.36,1,0.0,Detractor,0
15255,0,3,0,4.0,3,890.85,47,1,1,0,0.0,890.85,890.85,1,0.0,Detractor,0
15256,1,3,1,3.0,6,98.45,6,1,1,0,0.0,98.45,98.45,1,0.0,Detractor,0
15257,1,4,0,9.0,3,317.15,7,1,1,1,85.0,232.14999999999998,317.15,2,0.5,Promoter,1
15258,0,1,0,4.0,3,623.16,32,2,2,0,0.0,623.16,311.58,2,0.0,Detractor,0
15260,1,4,1,9.0,8,1390.27,47,5,5,1,30.0,1360.27,278.054,6,0.16666666666666666,Promoter,1
15261,0,3,0,4.0,5,254.82,19,1,1,0,0.0,254.82,254.82,1,0.0,Detractor,0
15262,1,2,0,1.0,7,178.95000000000002,10,1,1,0,0.0,178.95000000000002,178.95000000000002,1,0.0,Detractor,0
15263,1,3,1,6.0,7,156.51,12,1,1,0,0.0,156.51,156.51,1,0.0,Detractor,0
15264,0,1,1,5.0,8,393.74,23,1,1,0,0.0,393.74,393.74,1,0.0,Detractor,0
15265,1,3,1,2.0,6,1506.1200000000001,76,2,2,0,0.0,1506.1200000000001,753.0600000000001,2,0.0,Detractor,0
15266,1,5,0,3.0,3,119.3,6,1,1,0,0.0,119.3,119.3,1,0.0,Detractor,0
15267,1,3,1,4.0,6,1717.36,8,5,5,0,0.0,1717.36,343.472,5,0.0,Detractor,0
15269,1,2,0,8.0,8,408.8,2,1,1,0,0.0,408.8,408.8,1,0.0,Passive,0
15270,0,3,0,6.0,5,2379.49,22,7,5,2,81.28999999999999,2298.2,339.9271428571428,9,0.2222222222222222,Detractor,1
15271,1,4,1,8.0,4,2381.59,170,14,14,1,21.25,2360.34,170.11357142857145,15,0.06666666666666667,Passive,1
15272,0,2,1,3.0,8,721.94,63,2,2,0,0.0,721.94,360.97,2,0.0,Detractor,0
15274,0,3,0,3.0,2,716.57,44,2,2,0,0.0,716.57,358.285,2,0.0,Detractor,0
15275,0,3,1,7.0,4,615.14,41,1,1,1,5.95,609.19,615.14,2,0.5,Passive,1
15276,1,1,1,10.0,9,128.63,49,1,1,0,0.0,128.63,128.63,1,0.0,Promoter,0
15277,1,2,0,8.0,5,255.89999999999998,12,1,1,0,0.0,255.89999999999998,255.89999999999998,1,0.0,Passive,0
15280,0,5,0,6.0,2,113.12,16,1,1,0,0.0,113.12,113.12,1,0.0,Detractor,0
15281,0,3,1,7.0,6,2332.15,121,9,9,3,92.2,2239.9500000000003,259.1277777777778,12,0.25,Passive,1
15286,0,3,1,7.0,2,240.55,3,1,1,0,0.0,240.55,240.55,1,0.0,Passive,0
15288,0,4,1,4.0,4,2140.87,56,4,4,0,0.0,2140.87,535.2175,4,0.0,Detractor,0
15289,0,0,0,0.0,9,939.78,43,3,3,1,4.68,935.1,313.26,4,0.25,Detractor,1
15290,0,3,0,6.0,6,7723.62,93,17,16,3,139.45,7584.17,454.3305882352941,20,0.15,Detractor,1
15291,0,2,0,1.0,7,4019.4,60,13,13,5,71.79,3947.61,309.18461538461537,18,0.2777777777777778,Detractor,1
15292,0,0,0,3.0,7,178.39,24,1,1,0,0.0,178.39,178.39,1,0.0,Detractor,0
15296,0,3,0,4.0,3,3672.86,137,6,6,4,62.550000000000004,3610.31,612.1433333333333,10,0.4,Detractor,1
15297,0,1,0,1.0,5,641.94,30,3,3,1,6.9,635.04,213.98000000000002,4,0.25,Detractor,1
15298,0,3,0,6.0,8,4402.3,111,11,10,2,1025.8,3376.5,400.20909090909095,13,0.15384615384615385,Detractor,1
15299,0,5,0,6.0,7,2672.0,4,4,3,4,719.92,1952.08,668.0,8,0.5,Detractor,1
15300,0,5,1,6.0,3,496.44,28,1,1,0,0.0,496.44,496.44,1,0.0,Detractor,0
15301,0,2,0,8.0,8,4376.58,134,11,9,2,42.23,4334.35,397.8709090909091,13,0.15384615384615385,Passive,1
15303,0,2,0,3.0,5,574.02,31,1,1,0,0.0,574.02,574.02,1,0.0,Detractor,0
15304,0,2,0,5.0,3,571.25,8,7,7,2,14.1,557.15,81.60714285714286,9,0.2222222222222222,Detractor,1
15306,0,2,0,6.0,4,1174.35,57,3,3,0,0.0,1174.35,391.45,3,0.0,Detractor,0
15307,0,4,0,5.0,8,205.3,12,1,1,0,0.0,205.3,205.3,1,0.0,Detractor,0
15308,0,2,1,3.0,5,310.47,19,1,1,1,8.2,302.27,310.47,2,0.5,Detractor,1
15311,0,3,1,3.0,8,57972.74,540,82,81,23,1281.11,56691.63,706.9846341463415,105,0.21904761904761905,Detractor,1
15312,0,3,0,4.0,7,635.11,28,3,3,0,0.0,635.11,211.70333333333335,3,0.0,Detractor,0
15313,0,0,1,0.0,9,52.0,1,1,1,0,0.0,52.0,52.0,1,0.0,Detractor,0
15314,0,4,1,4.0,6,327.97,24,1,1,0,0.0,327.97,327.97,1,0.0,Detractor,0
15315,0,4,0,5.0,9,570.5,35,2,2,1,18.96,551.54,285.25,3,0.3333333333333333,Detractor,1
15316,0,1,0,8.0,6,165.0,1,1,1,0,0.0,165.0,165.0,1,0.0,Passive,0
15318,0,2,1,6.0,7,312.62,33,1,1,0,0.0,312.62,312.62,1,0.0,Detractor,0
15319,0,4,0,2.0,3,204.5,16,1,1,0,0.0,204.5,204.5,1,0.0,Detractor,0
15320,0,4,0,2.0,9,267.13,36,1,1,0,0.0,267.13,267.13,1,0.0,Detractor,0
15321,0,5,1,8.0,3,2748.31,83,3,2,1,84.83000000000001,2663.48,916.1033333333334,4,0.25,Passive,1
15322,1,1,1,7.0,4,679.68,42,1,1,1,76.71,602.97,679.68,2,0.5,Passive,1
15325,0,3,1,2.0,4,161.74,47,1,1,0,0.0,161.74,161.74,1,0.0,Detractor,0
15326,0,3,0,3.0,3,311.71,29,1,1,0,0.0,311.71,311.71,1,0.0,Detractor,0
15327,1,1,0,1.0,8,208.75,10,1,1,0,0.0,208.75,208.75,1,0.0,Detractor,0
15329,1,4,0,7.0,7,1049.7,51,3,3,1,26.5,1023.2,349.90000000000003,4,0.25,Passive,1
15330,1,0,1,7.0,8,714.96,10,2,2,0,0.0,714.96,357.48,2,0.0,Passive,0
15333,0,1,1,0.0,7,1028.56,16,1,1,0,0.0,1028.56,1028.56,1,0.0,Detractor,0
15334,1,1,1,3.0,9,350.82,67,3,3,0,0.0,350.82,116.94,3,0.0,Detractor,0
15335,0,5,1,6.0,4,170.22,34,1,1,0,0.0,170.22,170.22,1,0.0,Detractor,0
15339,1,2,1,9.0,4,574.07,77,2,2,1,16.5,557.57,287.035,3,0.3333333333333333,Promoter,1
15341,0,5,1,8.0,6,2020.52,17,1,1,0,0.0,2020.52,2020.52,1,0.0,Passive,0
15342,1,2,1,7.0,8,406.09,24,1,1,1,14.33,391.76,406.09,2,0.5,Passive,1
15343,0,1,1,3.0,3,364.5,21,1,1,0,0.0,364.5,364.5,1,0.0,Detractor,0
15344,1,0,1,9.0,6,563.94,21,3,3,2,87.35999999999999,476.58,187.98000000000002,5,0.4,Promoter,1
15345,0,4,1,2.0,5,393.54,20,1,1,1,25.85,367.69,393.54,2,0.5,Detractor,1
15346,0,4,1,2.0,2,252.42000000000002,17,1,1,0,0.0,252.42000000000002,252.42000000000002,1,0.0,Detractor,0
15348,1,2,1,5.0,7,158.04,9,1,1,0,0.0,158.04,158.04,1,0.0,Detractor,0
15349,1,1,1,6.0,6,463.90999999999997,65,2,2,0,0.0,463.90999999999997,231.95499999999998,2,0.0,Detractor,0
15351,0,3,0,8.0,3,1659.99,117,6,6,2,84.58,1575.41,276.665,8,0.25,Passive,1
15353,0,3,1,2.0,3,458.47,48,1,1,0,0.0,458.47,458.47,1,0.0,Detractor,0
15355,0,5,1,8.0,6,277.05,9,2,2,0,0.0,277.05,138.525,2,0.0,Passive,0
15356,0,4,1,0.0,8,2379.11,172,8,8,0,0.0,2379.11,297.38875,8,0.0,Detractor,0
15358,1,4,1,4.0,2,7722.65,277,20,14,6,106.9,7615.75,386.1325,26,0.23076923076923078,Detractor,1
15360,1,5,1,2.0,8,427.93,13,1,1,0,0.0,427.93,427.93,1,0.0,Detractor,0
15363,0,3,1,7.0,3,0.0,0,0,0,1,7.95,-7.95,0.0,1,1.0,Passive,1
15364,1,2,0,1.0,3,913.19,29,2,2,0,0.0,913.19,456.595,2,0.0,Detractor,0
15365,0,5,0,6.0,7,2314.32,65,7,4,2,983.87,1330.45,330.6171428571429,9,0.2222222222222222,Detractor,1
15366,1,2,0,3.0,9,496.97,36,1,1,0,0.0,496.97,496.97,1,0.0,Detractor,0
15367,0,4,0,5.0,3,1877.59,91,4,3,1,9.9,1867.69,469.3975,5,0.2,Detractor,1
15368,1,2,1,5.0,5,446.94000000000005,4,1,1,0,0.0,446.94000000000005,446.94000000000005,1,0.0,Detractor,0
15369,1,2,0,7.0,4,0.0,0,0,0,1,1592.49,-1592.49,0.0,1,1.0,Passive,1
15370,0,4,0,4.0,6,2386.05,65,7,7,1,25.5,2360.55,340.86428571428576,8,0.125,Detractor,1
15372,0,4,0,4.0,7,2007.3999999999999,27,1,1,0,0.0,2007.3999999999999,2007.3999999999999,1,0.0,Detractor,0
15373,1,2,0,8.0,4,1878.81,72,10,9,1,202.79999999999998,1676.01,187.881,11,0.09090909090909091,Passive,1
15374,0,2,1,2.0,2,168.0,3,1,1,0,0.0,168.0,168.0,1,0.0,Detractor,0
15376,1,3,1,4.0,7,1221.56,100,3,3,0,0.0,1221.56,407.18666666666667,3,0.0,Detractor,0
15379,1,2,0,7.0,8,2211.83,98,6,6,1,71.4,2140.4300000000003,368.6383333333333,7,0.14285714285714285,Passive,1
15380,1,4,0,2.0,6,1460.16,21,4,4,1,7.9,1452.2600000000002,365.04,5,0.2,Detractor,1
15381,0,3,1,3.0,5,596.85,8,2,2,0,0.0,596.85,298.425,2,0.0,Detractor,0
15382,1,3,0,7.0,6,5955.71,193,6,5,2,27.849999999999998,5927.86,992.6183333333333,8,0.25,Passive,1
15384,1,3,1,1.0,6,338.84,21,1,1,0,0.0,338.84,338.84,1,0.0,Detractor,0
15385,1,1,1,4.0,2,316.88,12,1,1,0,0.0,316.88,316.88,1,0.0,Detractor,0
15386,0,2,1,5.0,8,394.14,31,1,1,0,0.0,394.14,394.14,1,0.0,Detractor,0
15389,1,3,1,10.0,4,500.0,1,1,1,0,0.0,500.0,500.0,1,0.0,Promoter,0
15392,0,2,0,5.0,3,1196.55,57,3,3,0,0.0,1196.55,398.84999999999997,3,0.0,Detractor,0
15393,0,0,0,3.0,4,231.86,10,2,2,0,0.0,231.86,115.93,2,0.0,Detractor,0
15394,0,1,0,4.0,2,1595.88,42,3,3,0,0.0,1595.88,531.96,3,0.0,Detractor,0
15395,0,4,0,6.0,6,107.45,7,1,1,0,0.0,107.45,107.45,1,0.0,Detractor,0
15396,1,2,1,10.0,9,288.18,14,1,1,0,0.0,288.18,288.18,1,0.0,Promoter,0
15397,1,0,0,3.0,4,94.0,6,1,1,0,0.0,94.0,94.0,1,0.0,Detractor,0
15398,1,3,0,10.0,4,1345.53,60,2,2,1,5.9,1339.63,672.765,3,0.3333333333333333,Promoter,1
15399,1,0,1,2.0,6,815.77,45,3,3,0,0.0,815.77,271.92333333333335,3,0.0,Detractor,0
15400,0,4,0,0.0,3,716.2,10,5,5,1,49.5,666.7,143.24,6,0.16666666666666666,Detractor,1
15402,1,4,1,3.0,6,626.77,35,2,2,0,0.0,626.77,313.385,2,0.0,Detractor,0
15405,0,4,0,2.0,5,349.1,8,1,1,0,0.0,349.1,349.1,1,0.0,Detractor,0
15406,0,0,1,7.0,5,510.71000000000004,51,2,2,2,84.1,426.61,255.35500000000002,4,0.5,Passive,1
15407,0,3,0,1.0,4,1046.74,142,4,4,0,0.0,1046.74,261.685,4,0.0,Detractor,0
15408,0,3,1,7.0,9,267.18,34,1,1,0,0.0,267.18,267.18,1,0.0,Passive,0
15410,0,5,0,1.0,2,3450.84,48,8,8,0,0.0,3450.84,431.355,8,0.0,Detractor,0
15411,0,5,1,6.0,6,1348.93,86,4,4,1,12.5,1336.43,337.2325,5,0.2,Detractor,1
15412,1,0,1,7.0,5,190.53,10,1,1,0,0.0,190.53,190.53,1,0.0,Passive,0
15414,1,2,1,1.0,8,774.9000000000001,37,3,3,0,0.0,774.9000000000001,258.3,3,0.0,Detractor,0
15415,1,2,1,3.0,8,559.61,46,1,1,0,0.0,559.61,559.61,1,0.0,Detractor,0
15416,1,3,1,7.0,6,3984.32,165,4,4,1,9.95,3974.37,996.08,5,0.2,Passive,1
15417,1,4,1,2.0,7,508.8,28,1,1,0,0.0,508.8,508.8,1,0.0,Detractor,0
15419,1,2,1,2.0,8,135.86,8,1,1,0,0.0,135.86,135.86,1,0.0,Detractor,0
15421,1,0,0,2.0,5,950.36,40,4,3,0,0.0,950.36,237.59,4,0.0,Detractor,0
15422,1,1,1,3.0,9,97.7,6,2,1,0,0.0,97.7,48.85,2,0.0,Detractor,0
15423,0,4,1,1.0,6,43.5,2,1,1,0,0.0,43.5,43.5,1,0.0,Detractor,0
15424,0,1,1,5.0,4,383.34,17,2,1,0,0.0,383.34,191.67,2,0.0,Detractor,0
15426,0,2,1,4.0,4,1021.5,158,4,3,1,12.54,1008.96,255.375,5,0.2,Detractor,1
15427,0,3,1,1.0,4,1430.54,233,3,2,0,0.0,1430.54,476.84666666666664,3,0.0,Detractor,0
15428,0,2,1,1.0,3,93.78,6,1,1,0,0.0,93.78,93.78,1,0.0,Detractor,0
15429,0,0,1,6.0,7,397.35,77,2,2,1,32.45,364.90000000000003,198.675,3,0.3333333333333333,Detractor,1
15432,1,1,1,10.0,5,171.19,10,1,1,0,0.0,171.19,171.19,1,0.0,Promoter,0
15433,0,3,1,4.0,7,533.3,40,2,2,1,115.42999999999999,417.87,266.65,3,0.3333333333333333,Detractor,1
15434,0,4,1,1.0,5,1041.48,40,5,4,1,44.0,997.48,208.296,6,0.16666666666666666,Detractor,1
15435,0,2,0,3.0,2,149.29,29,1,1,0,0.0,149.29,149.29,1,0.0,Detractor,0
15436,1,5,0,6.0,3,1067.75,243,3,3,0,0.0,1067.75,355.9166666666667,3,0.0,Detractor,0
15437,1,2,1,8.0,3,200.16,44,1,1,0,0.0,200.16,200.16,1,0.0,Passive,0
15438,1,5,0,6.0,2,156.57999999999998,25,1,1,0,0.0,156.57999999999998,156.57999999999998,1,0.0,Detractor,0
15440,0,2,1,8.0,8,383.68,50,3,3,0,0.0,383.68,127.89333333333333,3,0.0,Passive,0
15442,0,1,0,4.0,5,594.0,2,1,1,0,0.0,594.0,594.0,1,0.0,Detractor,0
15443,1,1,1,6.0,5,3213.59,237,7,7,1,24.75,3188.84,459.0842857142857,8,0.125,Detractor,1
15444,0,5,1,8.0,6,1411.21,191,2,2,0,0.0,1411.21,705.605,2,0.0,Passive,0
15445,0,2,1,8.0,9,113.5,5,1,1,0,0.0,113.5,113.5,1,0.0,Passive,0
15447,1,1,1,8.0,8,155.17,9,1,1,0,0.0,155.17,155.17,1,0.0,Passive,0
15448,1,0,1,7.0,7,494.64,28,1,1,0,0.0,494.64,494.64,1,0.0,Passive,0
15449,1,2,1,8.0,8,974.52,47,3,3,2,3.3,971.22,324.84,5,0.4,Passive,1
15450,1,2,0,5.0,6,429.84,30,1,1,0,0.0,429.84,429.84,1,0.0,Detractor,0
15452,0,2,0,3.0,9,528.48,47,3,3,0,0.0,528.48,176.16,3,0.0,Detractor,0
15453,0,2,0,1.0,6,1371.77,169,7,7,0,0.0,1371.77,195.96714285714285,7,0.0,Detractor,0
15456,0,5,0,0.0,5,203.37,32,2,1,0,0.0,203.37,101.685,2,0.0,Detractor,0
15457,1,2,0,1.0,4,237.07,56,1,1,0,0.0,237.07,237.07,1,0.0,Detractor,0
15458,1,1,1,8.0,7,161.64,7,1,1,0,0.0,161.64,161.64,1,0.0,Passive,0
15462,0,3,1,6.0,3,234.6,9,3,3,0,0.0,234.6,78.2,3,0.0,Detractor,0
15463,1,4,1,3.0,8,126.14,7,1,1,0,0.0,126.14,126.14,1,0.0,Detractor,0
15464,1,2,1,3.0,6,1044.65,155,1,1,0,0.0,1044.65,1044.65,1,0.0,Detractor,0
15465,1,4,1,10.0,7,6486.7699999999995,40,16,16,6,409.59999999999997,6077.169999999999,405.42312499999997,22,0.2727272727272727,Promoter,1
15466,1,3,1,10.0,7,334.53,56,1,1,0,0.0,334.53,334.53,1,0.0,Promoter,0
15467,1,5,1,8.0,6,524.88,41,3,3,1,13.0,511.88,174.96,4,0.25,Passive,1
15468,1,5,0,8.0,8,467.51,24,2,1,2,27.8,439.71,233.755,4,0.5,Passive,1
15469,0,5,1,3.0,2,538.55,24,2,2,2,34.05,504.5,269.275,4,0.5,Detractor,1
15471,1,3,0,0.0,3,454.48,67,1,1,0,0.0,454.48,454.48,1,0.0,Detractor,0
15472,1,3,0,9.0,7,371.56,76,1,1,0,0.0,371.56,371.56,1,0.0,Promoter,0
15473,0,3,1,2.0,5,1771.2,4,7,4,3,306.0,1465.2,253.02857142857144,10,0.3,Detractor,1
15475,0,3,1,6.0,2,454.10999999999996,29,1,1,0,0.0,454.10999999999996,454.10999999999996,1,0.0,Detractor,0
15478,1,5,0,3.0,4,1399.92,34,2,2,0,0.0,1399.92,699.96,2,0.0,Detractor,0
15482,0,5,0,5.0,3,10331.32,42,10,8,4,4486.24,5845.08,1033.132,14,0.2857142857142857,Detractor,1
15483,0,0,1,1.0,8,225.26,74,4,2,0,0.0,225.26,56.315,4,0.0,Detractor,0
15484,0,2,0,6.0,7,3590.41,135,4,4,1,31.2,3559.21,897.6025,5,0.2,Detractor,1
15485,0,1,1,8.0,6,1624.91,53,2,2,0,0.0,1624.91,812.455,2,0.0,Passive,0
15488,1,1,0,10.0,2,91.32000000000001,2,1,1,0,0.0,91.32000000000001,91.32000000000001,1,0.0,Promoter,0
15489,0,4,1,3.0,8,1134.28,47,3,3,1,44.25000000000001,1090.03,378.0933333333333,4,0.25,Detractor,1
15491,0,0,1,6.0,3,3100.09,108,6,5,1,9.24,3090.85,516.6816666666667,7,0.14285714285714285,Detractor,1
15492,0,5,1,6.0,7,659.4599999999999,32,2,2,0,0.0,659.4599999999999,329.72999999999996,2,0.0,Detractor,0
15493,0,4,1,1.0,6,1953.41,177,5,4,2,34.55,1918.86,390.682,7,0.2857142857142857,Detractor,1
15494,0,4,0,8.0,6,1280.58,120,2,2,0,0.0,1280.58,640.29,2,0.0,Passive,0
15497,0,1,1,7.0,6,1262.2,13,2,2,1,2.5,1259.7,631.1,3,0.3333333333333333,Passive,1
15498,0,2,0,2.0,2,12339.68,346,25,16,7,638.9399999999999,11700.74,493.5872,32,0.21875,Detractor,1
15500,0,4,0,5.0,8,1131.56,64,4,4,0,0.0,1131.56,282.89,4,0.0,Detractor,0
15502,0,5,0,7.0,6,9455.53,149,9,6,8,4458.070000000001,4997.46,1050.6144444444444,17,0.47058823529411764,Passive,1
15504,1,4,1,8.0,5,52.83,13,1,1,0,0.0,52.83,52.83,1,0.0,Passive,0
15505,1,4,0,5.0,5,3610.96,90,5,5,2,113.82000000000001,3497.14,722.192,7,0.2857142857142857,Detractor,1
15506,1,3,1,2.0,5,972.08,121,3,3,0,0.0,972.08,324.0266666666667,3,0.0,Detractor,0
15507,1,4,0,6.0,9,475.86,41,1,1,0,0.0,475.86,475.86,1,0.0,Detractor,0
15508,0,0,1,3.0,8,1000.27,78,6,4,0,0.0,1000.27,166.71166666666667,6,0.0,Detractor,0
15510,0,1,0,3.0,4,250.0,1,1,1,0,0.0,250.0,250.0,1,0.0,Detractor,0
15511,1,5,1,5.0,7,900.53,117,5,5,0,0.0,900.53,180.106,5,0.0,Detractor,0
15512,0,3,0,5.0,3,19.799999999999997,1,1,1,0,0.0,19.799999999999997,19.799999999999997,1,0.0,Detractor,0
15513,1,1,1,9.0,4,13444.720000000001,175,17,13,3,238.14000000000001,13206.58,790.8658823529413,20,0.15,Promoter,1
15514,0,4,0,5.0,3,2199.01,79,7,6,0,0.0,2199.01,314.14428571428573,7,0.0,Detractor,0
15516,0,3,1,3.0,4,62.43,15,3,2,0,0.0,62.43,20.81,3,0.0,Detractor,0
15517,0,4,1,0.0,7,267.03,27,1,1,0,0.0,267.03,267.03,1,0.0,Detractor,0
15518,1,3,1,3.0,5,1921.55,135,8,7,5,30.559999999999995,1890.99,240.19375,13,0.38461538461538464,Detractor,1
15520,0,4,1,7.0,3,343.5,18,1,1,0,0.0,343.5,343.5,1,0.0,Passive,0
15521,1,3,0,2.0,6,3000.2,116,8,6,5,425.54999999999995,2574.65,375.025,13,0.38461538461538464,Detractor,1
15522,0,3,1,4.0,3,397.99,47,2,2,0,0.0,397.99,198.995,2,0.0,Detractor,0
15523,0,1,1,7.0,5,412.01000000000005,10,1,1,0,0.0,412.01000000000005,412.01000000000005,1,0.0,Passive,0
15524,1,4,0,4.0,4,440.0,1,1,1,0,0.0,440.0,440.0,1,0.0,Detractor,0
15525,0,1,1,2.0,4,459.44,97,2,2,1,14.899999999999999,444.53999999999996,229.72,3,0.3333333333333333,Detractor,1
15526,0,1,1,5.0,2,148.44,4,2,1,0,0.0,148.44,74.22,2,0.0,Detractor,0
15527,0,3,1,8.0,5,2207.13,115,7,7,2,80.96000000000001,2126.17,315.30428571428575,9,0.2222222222222222,Passive,1
15528,0,4,0,1.0,5,229.33,26,1,1,0,0.0,229.33,229.33,1,0.0,Detractor,0
15529,0,3,0,4.0,4,3641.14,407,9,9,1,27.450000000000003,3613.69,404.5711111111111,10,0.1,Detractor,1
15530,0,1,0,8.0,5,1497.31,90,4,4,0,0.0,1497.31,374.3275,4,0.0,Passive,0
15531,0,5,1,5.0,2,1972.39,196,2,2,0,0.0,1972.39,986.195,2,0.0,Detractor,0
15532,1,2,1,7.0,4,1210.93,179,3,3,2,63.849999999999994,1147.08,403.6433333333334,5,0.4,Passive,1
15533,0,0,0,6.0,9,807.57,73,3,3,2,60.65,746.92,269.19,5,0.4,Detractor,1
15535,1,4,1,3.0,3,502.9,55,4,3,1,51.0,451.9,125.725,5,0.2,Detractor,1
15537,1,0,1,9.0,6,110.92,24,1,1,0,0.0,110.92,110.92,1,0.0,Promoter,0
15539,1,4,0,10.0,5,538.46,41,1,1,0,0.0,538.46,538.46,1,0.0,Promoter,0
15540,1,1,0,5.0,7,213.3,15,1,1,0,0.0,213.3,213.3,1,0.0,Detractor,0
15541,0,2,0,5.0,5,85.13000000000001,29,1,1,0,0.0,85.13000000000001,85.13000000000001,1,0.0,Detractor,0
15543,1,2,1,5.0,5,127.86,26,1,1,0,0.0,127.86,127.86,1,0.0,Detractor,0
15544,0,2,1,2.0,2,3192.17,117,8,8,2,4.199999999999999,3187.97,399.02125,10,0.2,Detractor,1
15545,0,5,0,5.0,9,153.64000000000001,49,1,1,0,0.0,153.64000000000001,153.64000000000001,1,0.0,Detractor,0
15547,1,2,1,6.0,6,4143.23,416,13,11,0,0.0,4143.23,318.71,13,0.0,Detractor,0
15549,0,1,0,2.0,3,1681.46,104,3,3,1,37.5,1643.96,560.4866666666667,4,0.25,Detractor,1
15550,0,0,0,5.0,6,575.63,43,4,4,0,0.0,575.63,143.9075,4,0.0,Detractor,0
15551,0,4,0,8.0,8,436.06,29,1,1,0,0.0,436.06,436.06,1,0.0,Passive,0
15552,1,4,1,9.0,6,90.12,17,1,1,0,0.0,90.12,90.12,1,0.0,Promoter,0
15553,1,2,1,7.0,8,428.93,51,1,1,0,0.0,428.93,428.93,1,0.0,Passive,0
15554,0,0,0,2.0,2,217.2,14,1,1,0,0.0,217.2,217.2,1,0.0,Detractor,0
15555,0,0,0,2.0,2,3805.04,350,13,13,3,41.870000000000005,3763.17,292.6953846153846,16,0.1875,Detractor,1
15556,0,3,0,2.0,3,279.77,31,1,1,0,0.0,279.77,279.77,1,0.0,Detractor,0
15557,0,1,0,3.0,4,468.91,16,1,1,0,0.0,468.91,468.91,1,0.0,Detractor,0
15561,1,0,0,8.0,8,800.59,27,4,3,1,77.85000000000001,722.74,200.1475,5,0.2,Passive,1
15563,1,4,0,8.0,6,1130.25,77,3,2,3,80.75,1049.5,376.75,6,0.5,Passive,1
15565,1,4,1,9.0,5,173.16,8,2,2,0,0.0,173.16,86.58,2,0.0,Promoter,0
15567,0,3,0,8.0,3,186.01,7,1,1,0,0.0,186.01,186.01,1,0.0,Passive,0
15568,0,4,0,2.0,6,758.29,27,3,3,0,0.0,758.29,252.76333333333332,3,0.0,Detractor,0
15569,0,0,1,6.0,7,1375.71,27,5,4,0,0.0,1375.71,275.142,5,0.0,Detractor,0
15570,0,0,0,7.0,8,3100.88,177,9,9,1,55.55000000000001,3045.33,344.5422222222222,10,0.1,Passive,1
15571,1,4,0,5.0,5,650.4300000000001,47,4,4,0,0.0,650.4300000000001,162.60750000000002,4,0.0,Detractor,0
15572,0,3,0,5.0,5,2533.42,166,7,5,0,0.0,2533.42,361.9171428571429,7,0.0,Detractor,0
15573,1,1,1,3.0,2,591.1899999999999,88,2,2,0,0.0,591.1899999999999,295.59499999999997,2,0.0,Detractor,0
15574,0,3,1,5.0,5,112.1,9,1,1,0,0.0,112.1,112.1,1,0.0,Detractor,0
15576,0,3,0,4.0,8,921.37,43,1,1,0,0.0,921.37,921.37,1,0.0,Detractor,0
15577,1,2,0,9.0,5,258.88,39,3,2,0,0.0,258.88,86.29333333333334,3,0.0,Promoter,0
15578,0,3,1,1.0,4,127.1,13,1,1,0,0.0,127.1,127.1,1,0.0,Detractor,0
15579,0,3,0,3.0,3,327.6,45,2,2,0,0.0,327.6,163.8,2,0.0,Detractor,0
15581,1,3,1,6.0,4,3351.91,94,9,9,1,250.0,3101.91,372.4344444444444,10,0.1,Detractor,1
15582,0,5,1,1.0,3,682.9100000000001,39,3,3,0,0.0,682.9100000000001,227.63666666666668,3,0.0,Detractor,0
15584,0,4,1,1.0,5,720.86,89,4,4,1,2.5,718.36,180.215,5,0.2,Detractor,1
15585,0,1,1,2.0,2,455.3,31,1,1,0,0.0,455.3,455.3,1,0.0,Detractor,0
15587,1,0,0,6.0,4,568.8000000000001,2,3,3,0,0.0,568.8000000000001,189.60000000000002,3,0.0,Detractor,0
15589,1,3,1,6.0,6,478.53000000000003,28,3,2,1,21.95,456.58,159.51000000000002,4,0.25,Detractor,1
15590,0,4,1,8.0,8,0.0,0,0,0,1,30.19,-30.19,0.0,1,1.0,Passive,1
15592,1,3,0,8.0,8,388.58,24,1,1,0,0.0,388.58,388.58,1,0.0,Passive,0
15593,0,2,1,2.0,6,199.8,5,1,1,0,0.0,199.8,199.8,1,0.0,Detractor,0
15594,0,3,1,8.0,7,1771.78,85,5,5,1,4.25,1767.53,354.356,6,0.16666666666666666,Passive,1
15596,1,1,1,0.0,7,1004.27,42,4,4,4,63.250000000000014,941.02,251.0675,8,0.5,Detractor,1
15597,0,1,0,2.0,6,324.57,22,1,1,1,8.850000000000001,315.71999999999997,324.57,2,0.5,Detractor,1
15598,0,3,1,3.0,8,240.68,14,1,1,2,5.0,235.68,240.68,3,0.6666666666666666,Detractor,1
15599,1,0,0,4.0,7,761.74,50,2,2,0,0.0,761.74,380.87,2,0.0,Detractor,0
15601,0,1,1,5.0,8,5540.11,224,12,12,3,31.2,5508.91,461.6758333333333,15,0.2,Detractor,1
15602,0,5,0,5.0,5,1145.32,27,7,7,4,148.49,996.83,163.61714285714285,11,0.36363636363636365,Detractor,1
15603,0,3,0,0.0,3,48.480000000000004,2,1,1,0,0.0,48.480000000000004,48.480000000000004,1,0.0,Detractor,0
15604,0,4,1,6.0,3,216.39,17,1,1,0,0.0,216.39,216.39,1,0.0,Detractor,0
15605,0,1,0,2.0,3,1003.38,53,4,4,0,0.0,1003.38,250.845,4,0.0,Detractor,0
15606,0,3,1,0.0,8,2920.16,48,9,9,2,497.52,2422.64,324.4622222222222,11,0.18181818181818182,Detractor,1
15607,0,4,1,6.0,4,104.76,13,1,1,0,0.0,104.76,104.76,1,0.0,Detractor,0
15608,0,3,0,3.0,4,1093.68,59,4,3,0,0.0,1093.68,273.42,4,0.0,Detractor,0
15609,0,5,0,2.0,4,298.48,16,1,1,1,28.45,270.03000000000003,298.48,2,0.5,Detractor,1
15610,0,4,1,6.0,3,112.46000000000001,6,1,1,0,0.0,112.46000000000001,112.46000000000001,1,0.0,Detractor,0
15611,0,1,0,8.0,4,1591.45,23,13,12,2,23.060000000000002,1568.39,122.41923076923078,15,0.13333333333333333,Passive,1
15612,0,4,1,7.0,5,195.15,4,2,2,0,0.0,195.15,97.575,2,0.0,Passive,0
15615,1,2,0,9.0,2,9318.55,179,20,16,4,39.7,9278.85,465.92749999999995,24,0.16666666666666666,Promoter,1
15618,1,2,1,5.0,2,776.851,39,4,3,1,29.819999999999997,747.031,194.21275,5,0.2,Detractor,1
15619,1,1,1,0.0,8,336.40000000000003,3,1,1,0,0.0,336.40000000000003,336.40000000000003,1,0.0,Detractor,0
15620,0,3,1,5.0,5,1128.69,64,2,2,3,28.78,1099.91,564.345,5,0.6,Detractor,1
15621,1,3,1,5.0,5,1293.03,11,4,3,2,134.26000000000002,1158.77,323.2575,6,0.3333333333333333,Detractor,1
15622,1,2,0,8.0,4,3709.56,169,9,5,7,485.03,3224.53,412.17333333333335,16,0.4375,Passive,1
15623,1,3,1,2.0,8,301.03,19,1,1,0,0.0,301.03,301.03,1,0.0,Detractor,0
15624,1,4,1,6.0,5,588.13,26,4,4,0,0.0,588.13,147.0325,4,0.0,Detractor,0
15625,1,4,1,1.0,2,1534.26,44,4,4,4,29.700000000000003,1504.56,383.565,8,0.5,Detractor,1
15626,0,4,1,2.0,7,675.8,49,2,2,0,0.0,675.8,337.9,2,0.0,Detractor,0
15628,0,3,0,4.0,3,2551.06,80,8,8,1,4.6,2546.46,318.8825,9,0.1111111111111111,Detractor,1
15630,1,3,1,3.0,6,1186.35,57,2,2,1,5.95,1180.4,593.175,3,0.3333333333333333,Detractor,1
15632,1,4,0,9.0,3,3285.31,107,8,8,2,138.0,3147.31,410.66375,10,0.2,Promoter,1
15634,0,1,0,4.0,3,243.55,15,1,1,0,0.0,243.55,243.55,1,0.0,Detractor,0
15636,1,4,1,9.0,8,724.76,20,2,2,0,0.0,724.76,362.38,2,0.0,Promoter,0
15637,0,3,0,4.0,5,223.36,15,1,1,0,0.0,223.36,223.36,1,0.0,Detractor,0
15638,1,2,0,1.0,7,0.0,0,0,0,1,94.0,-94.0,0.0,1,1.0,Detractor,1
15639,1,3,1,6.0,7,425.32,25,1,1,0,0.0,425.32,425.32,1,0.0,Detractor,0
15640,0,1,1,5.0,8,9704.37,201,12,12,2,79.36999999999999,9625.0,808.6975000000001,14,0.14285714285714285,Detractor,1
15641,1,3,1,2.0,6,1578.83,87,3,3,0,0.0,1578.83,526.2766666666666,3,0.0,Detractor,0
15643,1,5,0,3.0,3,664.0,31,3,2,3,16.6,647.4,221.33333333333334,6,0.5,Detractor,1
15644,1,3,1,4.0,6,803.54,166,4,3,0,0.0,803.54,200.885,4,0.0,Detractor,0
15645,1,2,0,8.0,8,612.01,50,1,1,0,0.0,612.01,612.01,1,0.0,Passive,0
15646,0,3,0,6.0,5,257.84000000000003,18,2,2,1,22.5,235.34,128.92000000000002,3,0.3333333333333333,Detractor,1
15648,1,4,1,8.0,4,639.5,23,2,2,2,57.45,582.0500000000001,319.75,4,0.5,Passive,1
15649,0,2,1,3.0,8,306.0,1,1,1,0,0.0,306.0,306.0,1,0.0,Detractor,0
15651,0,3,0,3.0,2,646.3,27,3,2,0,0.0,646.3,215.4333333333333,3,0.0,Detractor,0
15652,0,3,1,7.0,4,337.74,21,1,1,0,0.0,337.74,337.74,1,0.0,Passive,0
15653,1,1,1,10.0,9,877.4399999999999,4,2,2,0,0.0,877.4399999999999,438.71999999999997,2,0.0,Promoter,0
15654,1,2,0,8.0,5,922.53,15,2,2,0,0.0,922.53,461.265,2,0.0,Passive,0
15655,0,5,0,6.0,2,560.67,34,1,1,1,49.35,511.32,560.67,2,0.5,Detractor,1
15656,0,3,1,7.0,6,748.5,46,4,4,0,0.0,748.5,187.125,4,0.0,Passive,0
15657,0,3,1,7.0,2,30.0,1,1,1,0,0.0,30.0,30.0,1,0.0,Passive,0
15658,0,4,1,4.0,4,717.9,29,4,4,3,65.2,652.7,179.475,7,0.42857142857142855,Detractor,1
15659,0,0,0,0.0,9,306.45,11,1,1,0,0.0,306.45,306.45,1,0.0,Detractor,0
15660,0,3,0,6.0,6,1391.56,52,8,5,3,48.85,1342.71,173.945,11,0.2727272727272727,Detractor,1
15661,0,2,0,1.0,7,309.8,4,2,2,0,0.0,309.8,154.9,2,0.0,Detractor,0
15663,0,0,0,3.0,7,138.14,9,1,1,0,0.0,138.14,138.14,1,0.0,Detractor,0
15664,0,3,0,4.0,3,386.43,17,1,1,0,0.0,386.43,386.43,1,0.0,Detractor,0
15665,0,1,0,1.0,5,2222.21,92,2,2,0,0.0,2222.21,1111.105,2,0.0,Detractor,0
15667,0,3,0,6.0,8,301.32,13,1,1,0,0.0,301.32,301.32,1,0.0,Detractor,0
15668,0,5,0,6.0,7,76.32000000000001,1,1,1,0,0.0,76.32000000000001,76.32000000000001,1,0.0,Detractor,0
15669,0,5,1,6.0,3,684.34,31,4,4,1,6.65,677.69,171.085,5,0.2,Detractor,1
15670,0,2,0,8.0,8,173.05,12,1,1,0,0.0,173.05,173.05,1,0.0,Passive,0
15671,0,2,0,3.0,5,2657.13,52,7,7,3,21.64,2635.4900000000002,379.59000000000003,10,0.3,Detractor,1
15673,0,2,0,5.0,3,2726.23,107,4,4,0,0.0,2726.23,681.5575,4,0.0,Detractor,0
15674,0,2,0,6.0,4,2446.6,88,5,5,3,702.5799999999999,1744.02,489.32,8,0.375,Detractor,1
15675,0,4,0,5.0,8,323.69,20,3,3,0,0.0,323.69,107.89666666666666,3,0.0,Detractor,0
15676,0,2,1,3.0,5,3435.76,191,3,3,2,111.67,3324.09,1145.2533333333333,5,0.4,Detractor,1
15677,0,3,1,3.0,8,657.23,33,1,1,0,0.0,657.23,657.23,1,0.0,Detractor,0
15678,0,3,0,4.0,7,352.7,12,1,1,0,0.0,352.7,352.7,1,0.0,Detractor,0
15679,0,0,1,0.0,9,781.28,98,4,4,0,0.0,781.28,195.32,4,0.0,Detractor,0
15680,0,4,1,4.0,6,854.79,40,2,2,0,0.0,854.79,427.395,2,0.0,Detractor,0
15681,0,4,0,5.0,9,1426.16,32,5,4,1,479.8,946.36,285.232,6,0.16666666666666666,Detractor,1
15683,0,1,0,8.0,6,193.75,10,1,1,0,0.0,193.75,193.75,1,0.0,Passive,0
15687,0,2,1,6.0,7,2993.1,119,9,8,2,11.6,2981.5,332.56666666666666,11,0.18181818181818182,Detractor,1
15689,0,4,0,2.0,3,150.6,3,1,1,0,0.0,150.6,150.6,1,0.0,Detractor,0
15690,0,4,0,2.0,9,239.76,19,2,2,0,0.0,239.76,119.88,2,0.0,Detractor,0
15691,0,5,1,8.0,3,136.8,2,1,1,0,0.0,136.8,136.8,1,0.0,Passive,0
15692,1,1,1,7.0,4,191.04,12,1,1,0,0.0,191.04,191.04,1,0.0,Passive,0
15694,0,3,1,2.0,4,5632.07,39,11,11,1,55.800000000000004,5576.27,512.0063636363636,12,0.08333333333333333,Detractor,1
15695,0,3,0,3.0,3,409.98,22,2,1,0,0.0,409.98,204.99,2,0.0,Detractor,0
15696,1,1,0,1.0,8,2711.11,140,8,8,4,92.00000000000001,2619.11,338.88875,12,0.3333333333333333,Detractor,1
15699,1,4,0,7.0,7,309.65,18,1,1,0,0.0,309.65,309.65,1,0.0,Passive,0
15700,1,0,1,7.0,8,696.68,85,2,2,1,32.65,664.03,348.34,3,0.3333333333333333,Passive,1
15701,0,1,1,0.0,7,1529.0,193,4,4,0,0.0,1529.0,382.25,4,0.0,Detractor,0
15703,1,1,1,3.0,9,211.5,5,1,1,0,0.0,211.5,211.5,1,0.0,Detractor,0
15704,0,5,1,6.0,4,2293.62,79,4,3,0,0.0,2293.62,573.405,4,0.0,Detractor,0
15705,1,2,1,9.0,4,143.1,6,1,1,0,0.0,143.1,143.1,1,0.0,Promoter,0
15706,0,5,1,8.0,6,1060.56,50,4,4,3,58.74999999999999,1001.8100000000001,265.14,7,0.42857142857142855,Passive,1
15707,1,0,1,9.0,6,916.98,126,4,4,0,0.0,916.98,229.245,4,0.0,Promoter,0
15708,0,5,0,8.0,6,2917.96,114,6,6,3,26.2,2891.76,486.32666666666665,9,0.3333333333333333,Passive,1
15709,1,2,1,9.0,7,133.25,6,1,1,0,0.0,133.25,133.25,1,0.0,Promoter,0
15712,1,3,1,4.0,9,1072.3600000000001,41,5,5,0,0.0,1072.3600000000001,214.47200000000004,5,0.0,Detractor,0
15713,0,3,0,5.0,2,185.55,10,1,1,0,0.0,185.55,185.55,1,0.0,Detractor,0
15714,0,3,1,8.0,8,330.03000000000003,34,2,2,0,0.0,330.03000000000003,165.01500000000001,2,0.0,Passive,0
15716,1,3,1,7.0,5,571.71,69,3,3,0,0.0,571.71,190.57000000000002,3,0.0,Passive,0
15717,1,0,1,6.0,8,150.3,7,1,1,0,0.0,150.3,150.3,1,0.0,Detractor,0
15719,0,3,1,5.0,3,5030.07,299,13,13,1,1.65,5028.42,386.92846153846153,14,0.07142857142857142,Detractor,1
15720,1,3,1,1.0,5,598.73,128,1,1,0,0.0,598.73,598.73,1,0.0,Detractor,0
15721,1,0,1,2.0,2,471.40000000000003,80,1,1,0,0.0,471.40000000000003,471.40000000000003,1,0.0,Detractor,0
15722,0,0,1,7.0,4,2211.21,45,5,4,1,41.35,2169.86,442.242,6,0.16666666666666666,Passive,1
15724,0,3,1,7.0,7,218.25,11,2,2,1,5.95,212.3,109.125,3,0.3333333333333333,Passive,1
15725,1,4,0,10.0,7,415.25,32,1,1,0,0.0,415.25,415.25,1,0.0,Promoter,0
15727,0,1,1,0.0,9,3642.11,176,6,6,0,0.0,3642.11,607.0183333333333,6,0.0,Detractor,0
15728,0,1,1,8.0,3,0.0,0,0,0,1,134.8,-134.8,0.0,1,1.0,Passive,1
15729,1,0,1,9.0,6,85.0,5,1,1,1,23.0,62.0,85.0,2,0.5,Promoter,1
15730,1,2,1,0.0,4,1120.88,68,3,3,1,12.5,1108.38,373.6266666666667,4,0.25,Detractor,1
15732,0,2,1,7.0,7,156.02,9,1,1,0,0.0,156.02,156.02,1,0.0,Passive,0
15733,1,3,0,9.0,4,162.3,10,1,1,0,0.0,162.3,162.3,1,0.0,Promoter,0
15734,0,4,0,5.0,3,1339.45,25,2,2,0,0.0,1339.45,669.725,2,0.0,Detractor,0
15737,0,2,1,2.0,3,1188.1200000000001,60,8,7,4,66.91,1121.21,148.51500000000001,12,0.3333333333333333,Detractor,1
15738,0,1,1,6.0,5,4482.77,45,15,14,2,20.7,4462.07,298.85133333333334,17,0.11764705882352941,Detractor,1
15739,0,3,1,5.0,3,449.12,8,1,1,0,0.0,449.12,449.12,1,0.0,Detractor,0
15740,0,3,0,0.0,8,154.88,9,1,1,0,0.0,154.88,154.88,1,0.0,Detractor,0
15743,1,5,1,6.0,8,775.96,59,4,4,0,0.0,775.96,193.99,4,0.0,Detractor,0
15744,1,1,1,6.0,9,34.8,3,1,1,0,0.0,34.8,34.8,1,0.0,Detractor,0
15745,1,1,1,10.0,8,1094.59,57,4,4,2,23.35,1071.24,273.6475,6,0.3333333333333333,Promoter,1
15746,1,0,1,4.0,7,196.88,28,1,1,1,13.919999999999998,182.96,196.88,2,0.5,Detractor,1
15747,0,2,1,3.0,5,946.64,52,3,3,0,0.0,946.64,315.5466666666667,3,0.0,Detractor,0
15748,1,4,1,10.0,9,144.36,19,1,1,0,0.0,144.36,144.36,1,0.0,Promoter,0
15749,0,3,0,2.0,5,44534.3,5,3,2,1,22998.4,21535.9,14844.766666666668,4,0.25,Detractor,1
15750,1,4,1,1.0,6,2122.53,202,6,6,0,0.0,2122.53,353.75500000000005,6,0.0,Detractor,0
15752,1,4,0,3.0,3,2366.95,227,6,6,1,8.45,2358.5,394.4916666666666,7,0.14285714285714285,Detractor,1
15753,1,3,0,8.0,3,79.2,1,1,1,0,0.0,79.2,79.2,1,0.0,Passive,0
15754,1,3,1,2.0,5,458.57,24,3,3,1,2.9,455.67,152.85666666666665,4,0.25,Detractor,1
15755,1,4,1,8.0,4,2364.25,127,6,6,2,45.370000000000005,2318.88,394.0416666666667,8,0.25,Passive,1
15756,1,4,1,8.0,5,528.01,160,4,4,0,0.0,528.01,132.0025,4,0.0,Passive,0
15757,0,3,0,3.0,3,714.42,43,2,2,0,0.0,714.42,357.21,2,0.0,Detractor,0
15758,0,1,0,5.0,2,205.25,9,1,1,0,0.0,205.25,205.25,1,0.0,Detractor,0
15759,0,5,1,5.0,4,155.8,2,2,2,0,0.0,155.8,77.9,2,0.0,Detractor,0
15762,0,0,0,8.0,7,583.75,37,2,2,0,0.0,583.75,291.875,2,0.0,Passive,0
15763,1,4,0,3.0,2,1086.92,58,2,2,1,38.25,1048.67,543.46,3,0.3333333333333333,Detractor,1
15764,0,4,0,8.0,3,3279.97,150,6,4,4,34.5,3245.47,546.6616666666666,10,0.4,Passive,1
15766,0,0,1,0.0,3,315.06,11,1,1,0,0.0,315.06,315.06,1,0.0,Detractor,0
15768,1,4,0,5.0,2,621.8299999999999,23,3,3,1,40.0,581.8299999999999,207.27666666666664,4,0.25,Detractor,1
15769,1,1,1,2.0,5,56160.92,25,25,21,3,4429.0,51731.92,2246.4368,28,0.10714285714285714,Detractor,1
15773,1,0,1,6.0,5,635.6800000000001,10,1,1,0,0.0,635.6800000000001,635.6800000000001,1,0.0,Detractor,0
15774,1,1,1,6.0,2,270.8,25,1,1,0,0.0,270.8,270.8,1,0.0,Detractor,0
15775,1,1,1,4.0,8,104.9,7,1,1,0,0.0,104.9,104.9,1,0.0,Detractor,0
15776,1,2,1,6.0,6,241.62,18,1,1,0,0.0,241.62,241.62,1,0.0,Detractor,0
15777,0,4,1,6.0,2,681.56,16,3,2,0,0.0,681.56,227.18666666666664,3,0.0,Detractor,0
15780,0,3,1,0.0,3,298.13,16,2,2,0,0.0,298.13,149.065,2,0.0,Detractor,0
15781,0,5,0,5.0,8,345.46,20,3,3,1,11.9,333.56,115.15333333333332,4,0.25,Detractor,1
15782,1,2,0,5.0,4,2614.7400000000002,34,3,3,1,20.8,2593.94,871.58,4,0.25,Detractor,1
15783,0,3,0,2.0,4,246.3,14,1,1,0,0.0,246.3,246.3,1,0.0,Detractor,0
15785,0,3,0,1.0,5,2328.9700000000003,58,5,4,3,25.22,2303.75,465.79400000000004,8,0.375,Detractor,1
15786,0,4,0,7.0,8,4919.0,257,3,2,2,98.00000000000001,4821.0,1639.6666666666667,5,0.4,Passive,1
15787,0,2,1,6.0,6,933.26,156,3,2,0,0.0,933.26,311.08666666666664,3,0.0,Detractor,0
15790,1,4,1,0.0,3,218.75,34,1,1,0,0.0,218.75,218.75,1,0.0,Detractor,0
15791,1,5,1,2.0,2,1612.69,66,2,2,1,8.25,1604.44,806.345,3,0.3333333333333333,Detractor,1
15793,1,2,0,0.0,8,965.61,6,3,3,1,16.65,948.96,321.87,4,0.25,Detractor,1
15795,1,0,1,7.0,6,610.01,42,1,1,0,0.0,610.01,610.01,1,0.0,Passive,0
15796,0,2,0,5.0,9,2708.61,70,8,8,2,44.95,2663.6600000000003,338.57625,10,0.2,Detractor,1
15797,0,4,1,1.0,8,2207.4,8,4,4,0,0.0,2207.4,551.85,4,0.0,Detractor,0
15799,0,2,0,7.0,2,884.14,94,3,3,0,0.0,884.14,294.7133333333333,3,0.0,Passive,0
15800,1,2,0,3.0,3,696.89,116,2,2,0,0.0,696.89,348.445,2,0.0,Detractor,0
15801,0,1,0,2.0,4,1063.95,61,3,3,1,21.759999999999998,1042.19,354.65000000000003,4,0.25,Detractor,1
15802,0,5,1,2.0,9,451.42,1,1,1,2,902.84,-451.42,451.42,3,0.6666666666666666,Detractor,1
15803,0,3,1,2.0,5,415.82000000000005,8,1,1,0,0.0,415.82000000000005,415.82000000000005,1,0.0,Detractor,0
15804,1,2,1,3.0,4,4206.39,170,13,13,6,357.84,3848.55,323.5684615384616,19,0.3157894736842105,Detractor,1
15805,0,1,1,8.0,9,5117.38,216,16,12,3,76.31,5041.07,319.83625,19,0.15789473684210525,Passive,1
15806,1,3,0,7.0,7,784.58,24,3,3,0,0.0,784.58,261.5266666666667,3,0.0,Passive,0
15807,0,4,0,0.0,9,903.9,48,3,2,0,0.0,903.9,301.3,3,0.0,Detractor,0
15808,0,4,1,3.0,3,1469.82,86,2,2,0,0.0,1469.82,734.91,2,0.0,Detractor,0
15809,0,5,1,6.0,3,515.77,31,5,5,1,116.56,399.21,103.154,6,0.16666666666666666,Detractor,1
15810,0,3,0,6.0,6,1391.98,66,4,4,3,246.54999999999998,1145.43,347.995,7,0.42857142857142855,Detractor,1
15811,1,0,1,8.0,3,1779.82,103,4,4,3,47.3,1732.52,444.955,7,0.42857142857142855,Passive,1
15812,1,5,1,8.0,6,1801.14,36,5,5,0,0.0,1801.14,360.228,5,0.0,Passive,0
15813,1,1,0,1.0,8,1303.9099999999999,40,2,2,0,0.0,1303.9099999999999,651.9549999999999,2,0.0,Detractor,0
15814,1,2,1,1.0,3,1945.33,63,4,3,2,102.6,1842.73,486.3325,6,0.3333333333333333,Detractor,1
15815,0,2,1,1.0,2,2100.6,33,5,5,0,0.0,2100.6,420.12,5,0.0,Detractor,0
15819,1,5,1,3.0,7,1905.45,96,4,4,0,0.0,1905.45,476.3625,4,0.0,Detractor,0
15820,0,1,1,3.0,4,206.98,17,1,1,0,0.0,206.98,206.98,1,0.0,Detractor,0
15821,0,3,1,1.0,8,570.96,57,2,2,0,0.0,570.96,285.48,2,0.0,Detractor,0
15822,0,0,1,3.0,5,445.27,17,1,1,0,0.0,445.27,445.27,1,0.0,Detractor,0
15823,1,3,1,10.0,6,0.0,0,0,0,1,855.76,-855.76,0.0,1,1.0,Promoter,1
15825,0,4,0,6.0,8,532.94,20,1,1,0,0.0,532.94,532.94,1,0.0,Detractor,0
15826,0,3,0,7.0,4,1654.31,64,3,2,1,4.95,1649.3600000000001,551.4366666666666,4,0.25,Passive,1
15827,0,0,0,1.0,5,1645.16,68,12,10,6,194.60999999999999,1450.55,137.09666666666666,18,0.3333333333333333,Detractor,1
15829,1,1,0,1.0,5,636.14,44,2,2,0,0.0,636.14,318.07,2,0.0,Detractor,0
15830,0,2,0,3.0,5,576.0,39,1,1,1,28.3,547.7,576.0,2,0.5,Detractor,1
15831,1,2,1,8.0,5,794.64,63,3,3,1,54.0,740.64,264.88,4,0.25,Passive,1
15832,1,4,1,1.0,5,836.79,54,1,1,0,0.0,836.79,836.79,1,0.0,Detractor,0
15834,0,3,1,6.0,6,2225.15,242,4,3,1,125.0,2100.15,556.2875,5,0.2,Detractor,1
15835,0,1,0,4.0,3,954.09,47,4,4,0,0.0,954.09,238.5225,4,0.0,Detractor,0
15836,1,3,1,9.0,9,137.37,10,1,1,1,19.9,117.47,137.37,2,0.5,Promoter,1
15837,0,1,0,2.0,3,391.98,24,1,1,0,0.0,391.98,391.98,1,0.0,Detractor,0
15838,1,4,1,7.0,8,32685.58,54,18,14,1,11.52,32674.06,1815.8655555555556,19,0.05263157894736842,Passive,1
15839,1,4,1,9.0,3,1048.49,56,3,3,2,27.75,1020.74,349.49666666666667,5,0.4,Promoter,1
15840,1,4,1,1.0,6,355.56,26,2,2,1,9.9,345.66,177.78,3,0.3333333333333333,Detractor,1
15841,1,2,1,4.0,5,1224.06,36,4,4,2,14.959999999999999,1209.1,306.015,6,0.3333333333333333,Detractor,1
15843,1,4,1,3.0,7,118.95000000000002,8,1,1,0,0.0,118.95000000000002,118.95000000000002,1,0.0,Detractor,0
15844,1,0,0,10.0,3,130.73999999999998,11,1,1,0,0.0,130.73999999999998,130.73999999999998,1,0.0,Promoter,0
15845,0,1,1,7.0,4,3711.77,97,8,8,2,60.9,3650.87,463.97125,10,0.2,Passive,1
15847,0,0,0,2.0,3,389.27,22,2,2,0,0.0,389.27,194.635,2,0.0,Detractor,0
15850,1,2,1,1.0,5,234.88,87,2,2,0,0.0,234.88,117.44,2,0.0,Detractor,0
15852,1,0,0,2.0,7,160.71,22,2,2,0,0.0,160.71,80.355,2,0.0,Detractor,0
15853,0,1,0,5.0,5,110.8,29,1,1,0,0.0,110.8,110.8,1,0.0,Detractor,0
15854,1,3,0,1.0,6,2739.02,97,11,9,0,0.0,2739.02,249.00181818181818,11,0.0,Detractor,0
15855,0,2,1,2.0,8,712.24,59,5,5,0,0.0,712.24,142.448,5,0.0,Detractor,0
15856,1,4,0,9.0,5,12862.33,279,24,18,3,184.2,12678.130000000001,535.9304166666667,27,0.1111111111111111,Promoter,1
15857,0,1,1,0.0,6,297.0,14,1,1,0,0.0,297.0,297.0,1,0.0,Detractor,0
15858,0,4,1,4.0,7,1043.64,119,4,4,0,0.0,1043.64,260.91,4,0.0,Detractor,0
15860,1,2,1,6.0,8,862.5,98,7,7,0,0.0,862.5,123.21428571428571,7,0.0,Detractor,0
15861,1,3,0,7.0,7,3146.92,339,8,6,1,165.0,2981.92,393.365,9,0.1111111111111111,Passive,1
15862,1,5,1,4.0,6,478.65,80,3,3,0,0.0,478.65,159.54999999999998,3,0.0,Detractor,0
15863,0,4,1,5.0,3,68.84,18,2,2,0,0.0,68.84,34.42,2,0.0,Detractor,0
15864,0,1,1,4.0,8,1936.3200000000002,16,6,6,2,166.54000000000002,1769.7800000000002,322.72,8,0.25,Detractor,1
15865,1,2,1,7.0,9,895.13,37,3,3,0,0.0,895.13,298.37666666666667,3,0.0,Passive,0
15866,1,3,1,8.0,3,211.89,43,1,1,0,0.0,211.89,211.89,1,0.0,Passive,0
15867,0,2,1,8.0,6,3254.17,247,12,12,1,14.85,3239.32,271.18083333333334,13,0.07692307692307693,Passive,1
15869,0,3,0,6.0,3,149.64,13,2,1,0,0.0,149.64,74.82,2,0.0,Detractor,0
15870,0,4,1,8.0,3,351.44,68,1,1,0,0.0,351.44,351.44,1,0.0,Passive,0
15872,0,3,0,2.0,2,316.25,101,2,1,0,0.0,316.25,158.125,2,0.0,Detractor,0
15874,0,3,0,1.0,3,4405.88,110,7,6,2,75.21000000000001,4330.67,629.4114285714286,9,0.2222222222222222,Detractor,1
15877,1,3,1,8.0,4,490.33,122,2,2,1,52.5,437.83,245.165,3,0.3333333333333333,Passive,1
15881,0,4,1,2.0,2,346.14,24,3,1,2,22.349999999999998,323.79,115.38,5,0.4,Detractor,1
15882,0,4,0,2.0,2,145.04000000000002,7,2,1,0,0.0,145.04000000000002,72.52000000000001,2,0.0,Detractor,0
15883,0,3,0,5.0,6,396.48,42,2,2,0,0.0,396.48,198.24,2,0.0,Detractor,0
15885,1,1,1,8.0,8,379.35,18,3,3,0,0.0,379.35,126.45,3,0.0,Passive,0
15886,0,2,1,2.0,4,181.09,12,1,1,0,0.0,181.09,181.09,1,0.0,Detractor,0
15888,0,2,0,3.0,2,168.31,11,1,1,1,27.04,141.27,168.31,2,0.5,Detractor,1
15889,1,1,1,1.0,9,148.0,25,1,1,0,0.0,148.0,148.0,1,0.0,Detractor,0
15891,0,2,0,4.0,5,511.68,60,1,1,0,0.0,511.68,511.68,1,0.0,Detractor,0
15894,1,5,1,1.0,5,106.81,3,1,1,0,0.0,106.81,106.81,1,0.0,Detractor,0
15895,1,5,1,5.0,8,179.17,11,1,1,0,0.0,179.17,179.17,1,0.0,Detractor,0
15897,1,1,0,8.0,5,208.59,17,2,1,0,0.0,208.59,104.295,2,0.0,Passive,0
15898,1,3,1,5.0,5,867.19,15,3,3,1,4.2,862.99,289.06333333333333,4,0.25,Detractor,1
15900,1,5,0,5.0,8,337.28,44,1,1,0,0.0,337.28,337.28,1,0.0,Detractor,0
15901,0,0,1,3.0,8,351.73,102,3,3,0,0.0,351.73,117.24333333333334,3,0.0,Detractor,0
15903,1,1,1,6.0,5,5126.76,46,7,7,1,0.42,5126.34,732.3942857142857,8,0.125,Detractor,1
15904,1,1,0,0.0,8,164.68,30,1,1,0,0.0,164.68,164.68,1,0.0,Detractor,0
15906,1,4,1,6.0,5,1567.69,113,7,5,1,45.900000000000006,1521.79,223.9557142857143,8,0.125,Detractor,1
15907,1,3,1,2.0,9,882.72,175,3,3,0,0.0,882.72,294.24,3,0.0,Detractor,0
15909,1,0,1,6.0,2,191.94,7,1,1,0,0.0,191.94,191.94,1,0.0,Detractor,0
15910,0,2,0,7.0,6,1228.88,215,8,8,0,0.0,1228.88,153.61,8,0.0,Passive,0
15912,1,2,0,2.0,8,264.62,19,2,2,0,0.0,264.62,132.31,2,0.0,Detractor,0
15916,1,0,0,6.0,4,1270.41,115,6,6,1,18.55,1251.8600000000001,211.735,7,0.14285714285714285,Detractor,1
15917,1,2,1,7.0,9,123.1,12,1,1,0,0.0,123.1,123.1,1,0.0,Passive,0
15918,0,2,0,7.0,8,334.23,33,2,2,0,0.0,334.23,167.115,2,0.0,Passive,0
15919,1,1,1,4.0,4,311.61,72,1,1,0,0.0,311.61,311.61,1,0.0,Detractor,0
15920,1,5,0,5.0,6,167.5,53,4,1,0,0.0,167.5,41.875,4,0.0,Detractor,0
15921,1,3,1,5.0,4,323.03000000000003,24,1,1,0,0.0,323.03000000000003,323.03000000000003,1,0.0,Detractor,0
15925,1,2,0,5.0,3,207.15,12,1,1,0,0.0,207.15,207.15,1,0.0,Detractor,0
15930,1,3,1,1.0,2,426.63,21,1,1,0,0.0,426.63,426.63,1,0.0,Detractor,0
15932,1,1,0,5.0,4,2495.87,93,8,8,3,34.019999999999996,2461.85,311.98375,11,0.2727272727272727,Detractor,1
15933,0,2,1,4.0,2,1107.46,63,3,3,0,0.0,1107.46,369.15333333333336,3,0.0,Detractor,0
15935,1,3,1,8.0,8,416.86,12,2,2,0,0.0,416.86,208.43,2,0.0,Passive,0
15937,1,2,0,8.0,7,145.35,7,1,1,0,0.0,145.35,145.35,1,0.0,Passive,0
15938,0,1,0,2.0,6,404.58,13,5,5,0,0.0,404.58,80.916,5,0.0,Detractor,0
15939,1,1,1,4.0,4,6115.01,28,15,14,1,12.75,6102.26,407.6673333333334,16,0.0625,Detractor,1
15940,0,3,0,6.0,8,35.8,1,1,1,1,4.0,31.799999999999997,35.8,2,0.5,Detractor,1
15942,1,2,1,10.0,6,337.44,14,1,1,0,0.0,337.44,337.44,1,0.0,Promoter,0
15944,1,0,1,6.0,5,325.1,6,1,1,0,0.0,325.1,325.1,1,0.0,Detractor,0
15947,0,1,0,3.0,8,1708.24,29,1,1,0,0.0,1708.24,1708.24,1,0.0,Detractor,0
15948,1,1,1,0.0,7,955.24,51,2,2,0,0.0,955.24,477.62,2,0.0,Detractor,0
15949,1,4,0,3.0,3,364.72,12,2,2,0,0.0,364.72,182.36,2,0.0,Detractor,0
15950,1,4,1,3.0,5,1315.89,60,3,3,1,60.25,1255.64,438.63000000000005,4,0.25,Detractor,1
15951,1,4,0,3.0,3,708.22,36,2,2,1,38.650000000000006,669.57,354.11,3,0.3333333333333333,Detractor,1
15952,0,2,1,3.0,3,781.91,65,4,4,0,0.0,781.91,195.4775,4,0.0,Detractor,0
15953,0,2,1,0.0,9,1449.54,53,7,7,2,24.849999999999998,1424.69,207.07714285714286,9,0.2222222222222222,Detractor,1
15955,1,1,0,4.0,5,3843.88,126,13,9,2,26.45,3817.4300000000003,295.68307692307695,15,0.13333333333333333,Detractor,1
15957,1,4,0,3.0,7,428.89,40,1,1,0,0.0,428.89,428.89,1,0.0,Detractor,0
15958,1,1,1,8.0,4,104.35,7,1,1,0,0.0,104.35,104.35,1,0.0,Passive,0
15963,0,3,1,4.0,3,470.76,26,2,2,0,0.0,470.76,235.38,2,0.0,Detractor,0
15965,1,1,1,1.0,4,652.6800000000001,77,3,2,0,0.0,652.6800000000001,217.56000000000003,3,0.0,Detractor,0
15967,1,2,0,0.0,5,397.68,73,2,2,0,0.0,397.68,198.84,2,0.0,Detractor,0
15969,0,4,0,2.0,5,666.1,20,3,3,1,83.2,582.9,222.03333333333333,4,0.25,Detractor,1
15970,1,0,1,5.0,2,314.1,11,1,1,0,0.0,314.1,314.1,1,0.0,Detractor,0
15971,0,4,1,4.0,3,4199.85,10,12,11,0,0.0,4199.85,349.9875,12,0.0,Detractor,0
15973,0,4,1,7.0,8,0.0,0,0,0,2,208.04999999999998,-208.04999999999998,0.0,2,1.0,Passive,1
15974,0,2,1,3.0,5,3442.15,141,7,7,1,12.600000000000001,3429.55,491.7357142857143,8,0.125,Detractor,1
15975,0,3,0,8.0,7,371.01,24,1,1,0,0.0,371.01,371.01,1,0.0,Passive,0
15976,0,2,0,3.0,7,427.64,83,2,2,0,0.0,427.64,213.82,2,0.0,Detractor,0
15977,0,4,0,2.0,7,1054.73,48,2,2,0,0.0,1054.73,527.365,2,0.0,Detractor,0
15978,0,5,1,5.0,5,1098.78,49,1,1,0,0.0,1098.78,1098.78,1,0.0,Detractor,0
15980,0,1,0,2.0,8,2398.86,40,3,2,0,0.0,2398.86,799.62,3,0.0,Detractor,0
15981,0,5,0,5.0,3,3408.48,53,8,8,0,0.0,3408.48,426.06,8,0.0,Detractor,0
15983,0,2,1,6.0,5,326.75,32,1,1,0,0.0,326.75,326.75,1,0.0,Detractor,0
15984,0,1,1,3.0,6,2657.93,215,9,9,1,20.700000000000003,2637.23,295.3255555555555,10,0.1,Detractor,1
15985,0,3,0,4.0,7,1142.42,29,2,2,1,105.0,1037.42,571.21,3,0.3333333333333333,Detractor,1
15986,0,1,0,2.0,7,168.12,14,1,1,0,0.0,168.12,168.12,1,0.0,Detractor,0
15987,0,4,1,3.0,9,1319.29,103,6,5,0,0.0,1319.29,219.88166666666666,6,0.0,Detractor,0
15988,0,1,0,3.0,6,156.78,26,1,1,0,0.0,156.78,156.78,1,0.0,Detractor,0
15990,0,5,1,4.0,3,792.11,52,2,2,0,0.0,792.11,396.055,2,0.0,Detractor,0
15992,0,0,1,6.0,6,41.989999999999995,3,1,1,0,0.0,41.989999999999995,41.989999999999995,1,0.0,Detractor,0
15993,0,4,1,2.0,6,2777.67,335,7,5,3,40.75,2736.92,396.81,10,0.3,Detractor,1
15994,0,5,1,4.0,3,414.27,31,1,1,0,0.0,414.27,414.27,1,0.0,Detractor,0
15996,0,4,0,4.0,3,769.33,76,5,5,1,15.9,753.4300000000001,153.866,6,0.16666666666666666,Detractor,1
15998,0,4,0,7.0,7,2216.83,296,4,4,1,5.799999999999999,2211.03,554.2075,5,0.2,Passive,1
16000,0,2,0,4.0,7,12393.7,9,3,1,0,0.0,12393.7,4131.233333333334,3,0.0,Detractor,0
16003,0,0,0,3.0,8,1554.3700000000001,67,4,3,0,0.0,1554.3700000000001,388.59250000000003,4,0.0,Detractor,0
16005,0,2,1,2.0,4,578.71,173,4,3,0,0.0,578.71,144.6775,4,0.0,Detractor,0
16006,0,4,0,7.0,8,101.4,8,1,1,0,0.0,101.4,101.4,1,0.0,Passive,0
16007,0,4,1,6.0,8,1693.81,221,4,4,0,0.0,1693.81,423.4525,4,0.0,Detractor,0
16008,0,3,0,2.0,4,478.78,29,3,3,0,0.0,478.78,159.59333333333333,3,0.0,Detractor,0
16009,0,1,0,5.0,2,972.11,68,4,4,0,0.0,972.11,243.0275,4,0.0,Detractor,0
16010,0,2,0,8.0,8,282.3,44,2,2,0,0.0,282.3,141.15,2,0.0,Passive,0
16011,0,5,1,4.0,4,2954.36,74,14,14,0,0.0,2954.36,211.0257142857143,14,0.0,Detractor,0
16012,0,4,0,6.0,6,1415.29,87,3,3,0,0.0,1415.29,471.7633333333333,3,0.0,Detractor,0
16013,0,3,1,0.0,5,34157.6,29,42,25,6,2273.3499999999995,31884.25,813.2761904761904,48,0.125,Detractor,1
16014,0,4,0,6.0,3,646.83,123,3,3,1,9.25,637.58,215.61,4,0.25,Detractor,1
16015,0,1,0,8.0,4,704.55,146,3,3,1,14.850000000000001,689.6999999999999,234.85,4,0.25,Passive,1
16016,0,3,1,5.0,6,1102.49,120,7,6,1,16.95,1085.54,157.49857142857144,8,0.125,Detractor,1
16017,0,1,0,5.0,5,211.88,26,1,1,0,0.0,211.88,211.88,1,0.0,Detractor,0
16018,0,1,1,0.0,6,408.90000000000003,26,2,2,0,0.0,408.90000000000003,204.45000000000002,2,0.0,Detractor,0
16019,0,2,1,2.0,3,3567.14,129,8,8,1,336.0,3231.14,445.8925,9,0.1111111111111111,Detractor,1
16020,0,4,0,3.0,4,851.01,42,3,2,0,0.0,851.01,283.67,3,0.0,Detractor,0
16022,0,2,0,4.0,2,602.63,68,1,1,0,0.0,602.63,602.63,1,0.0,Detractor,0
16023,0,5,1,1.0,7,719.81,90,3,3,0,0.0,719.81,239.93666666666664,3,0.0,Detractor,0
16024,0,2,0,8.0,4,251.03,61,1,1,0,0.0,251.03,251.03,1,0.0,Passive,0
16025,0,2,1,6.0,2,439.65999999999997,28,1,1,0,0.0,439.65999999999997,439.65999999999997,1,0.0,Detractor,0
16026,0,5,1,1.0,6,236.09,30,1,1,0,0.0,236.09,236.09,1,0.0,Detractor,0
16027,0,4,0,2.0,6,934.62,11,6,6,1,82.5,852.12,155.77,7,0.14285714285714285,Detractor,1
16029,0,0,0,7.0,3,67738.31999999999,42,57,35,13,27682.149999999998,40056.17,1188.3915789473683,70,0.18571428571428572,Passive,1
16030,0,4,1,6.0,7,331.24,28,1,1,0,0.0,331.24,331.24,1,0.0,Detractor,0
16031,0,3,1,0.0,5,547.9,91,2,2,0,0.0,547.9,273.95,2,0.0,Detractor,0
16033,0,2,1,1.0,6,8471.08,531,18,16,7,88.79000000000002,8382.29,470.61555555555555,25,0.28,Detractor,1
16034,0,0,0,7.0,3,437.7,18,3,3,0,0.0,437.7,145.9,3,0.0,Passive,0
16036,0,4,0,5.0,8,758.92,55,2,2,0,0.0,758.92,379.46,2,0.0,Detractor,0
16037,0,1,1,1.0,3,554.5600000000001,24,2,2,0,0.0,554.5600000000001,277.28000000000003,2,0.0,Detractor,0
16038,0,3,0,5.0,3,471.78000000000003,24,3,3,1,17.45,454.33000000000004,157.26000000000002,4,0.25,Detractor,1
16040,0,2,0,2.0,2,1313.55,57,3,3,0,0.0,1313.55,437.84999999999997,3,0.0,Detractor,0
16041,0,5,1,2.0,5,3166.4,6,3,2,0,0.0,3166.4,1055.4666666666667,3,0.0,Detractor,0
16042,0,2,1,5.0,8,1177.47,68,5,4,0,0.0,1177.47,235.494,5,0.0,Detractor,0
16043,0,1,1,3.0,4,773.99,30,4,4,0,0.0,773.99,193.4975,4,0.0,Detractor,0
16045,0,2,0,1.0,4,1340.7,71,4,4,0,0.0,1340.7,335.175,4,0.0,Detractor,0
16048,0,3,0,8.0,5,0.0,0,0,0,1,12.75,-12.75,0.0,1,1.0,Passive,1
16049,0,0,0,4.0,5,1074.81,248,3,3,0,0.0,1074.81,358.27,3,0.0,Detractor,0
16050,0,1,1,7.0,8,137.9,10,1,1,0,0.0,137.9,137.9,1,0.0,Passive,0
16052,0,4,1,2.0,3,362.06,34,1,1,0,0.0,362.06,362.06,1,0.0,Detractor,0
16053,1,0,1,7.0,8,1511.95,81,2,2,0,0.0,1511.95,755.975,2,0.0,Passive,0
16054,0,4,1,8.0,8,783.9,70,1,1,0,0.0,783.9,783.9,1,0.0,Passive,0
16055,1,5,0,6.0,9,134.8,8,1,1,0,0.0,134.8,134.8,1,0.0,Detractor,0
16056,0,4,0,1.0,3,650.75,66,1,1,0,0.0,650.75,650.75,1,0.0,Detractor,0
16057,1,4,1,5.0,7,2263.12,109,7,4,3,122.89999999999999,2140.2200000000003,323.30285714285714,10,0.3,Detractor,1
16059,0,1,0,8.0,8,1334.91,113,5,5,0,0.0,1334.91,266.982,5,0.0,Passive,0
16061,1,2,0,3.0,9,0.0,0,0,0,1,29.95,-29.95,0.0,1,1.0,Detractor,1
16062,0,3,1,1.0,8,906.06,47,3,3,0,0.0,906.06,302.02,3,0.0,Detractor,0
16063,0,3,0,3.0,2,335.32,23,1,1,0,0.0,335.32,335.32,1,0.0,Detractor,0
16066,1,3,1,2.0,8,1521.04,77,5,5,0,0.0,1521.04,304.20799999999997,5,0.0,Detractor,0
16070,0,4,1,0.0,7,852.15,32,2,2,0,0.0,852.15,426.075,2,0.0,Detractor,0
16071,0,2,1,1.0,7,326.24,21,1,1,0,0.0,326.24,326.24,1,0.0,Detractor,0
16072,0,2,1,0.0,6,584.3199999999999,23,1,1,0,0.0,584.3199999999999,584.3199999999999,1,0.0,Detractor,0
16073,1,5,0,5.0,5,122.39999999999999,1,1,1,1,28.049999999999997,94.35,122.39999999999999,2,0.5,Detractor,1
16076,1,3,1,4.0,9,2234.73,71,10,9,1,61.199999999999996,2173.53,223.473,11,0.09090909090909091,Detractor,1
16078,0,1,0,8.0,8,79.2,1,1,1,0,0.0,79.2,79.2,1,0.0,Passive,0
16079,1,4,0,0.0,8,1352.0,18,3,3,0,0.0,1352.0,450.6666666666667,3,0.0,Detractor,0
16080,0,2,0,4.0,6,217.16,10,2,2,1,40.56,176.6,108.58,3,0.3333333333333333,Detractor,1
16081,0,2,0,6.0,9,2641.82,166,4,4,0,0.0,2641.82,660.455,4,0.0,Detractor,0
16083,1,2,1,9.0,5,979.64,14,1,1,0,0.0,979.64,979.64,1,0.0,Promoter,0
16084,0,3,0,1.0,2,436.18,38,1,1,0,0.0,436.18,436.18,1,0.0,Detractor,0
16085,0,3,0,2.0,2,981.51,123,5,5,0,0.0,981.51,196.302,5,0.0,Detractor,0
16086,1,0,0,0.0,9,944.13,22,4,4,1,2.08,942.0500000000001,236.0325,5,0.2,Detractor,1
16091,1,2,0,4.0,7,315.06,16,2,2,0,0.0,315.06,157.53,2,0.0,Detractor,0
16092,0,2,1,0.0,6,817.86,37,3,3,2,38.5,779.36,272.62,5,0.4,Detractor,1
16093,0,3,1,3.0,6,17.0,1,1,1,0,0.0,17.0,17.0,1,0.0,Detractor,0
16094,0,4,1,8.0,9,1078.23,48,4,3,2,36.4,1041.83,269.5575,6,0.3333333333333333,Passive,1
16096,1,5,1,6.0,6,320.62,12,1,1,0,0.0,320.62,320.62,1,0.0,Detractor,0
16097,1,2,1,7.0,5,185.04999999999998,10,1,1,0,0.0,185.04999999999998,185.04999999999998,1,0.0,Passive,0
16098,0,2,0,5.0,4,1575.03,28,6,6,0,0.0,1575.03,262.505,6,0.0,Detractor,0
16099,0,3,1,2.0,2,731.9,29,3,3,0,0.0,731.9,243.96666666666667,3,0.0,Detractor,0
16101,0,2,0,7.0,8,1290.7,76,1,1,2,44.74,1245.96,1290.7,3,0.6666666666666666,Passive,1
16102,0,1,0,3.0,2,1842.14,41,3,3,0,0.0,1842.14,614.0466666666667,3,0.0,Detractor,0
16103,0,5,1,3.0,4,1429.64,30,6,6,0,0.0,1429.64,238.27333333333334,6,0.0,Detractor,0
16104,0,2,0,1.0,7,298.21,28,1,1,0,0.0,298.21,298.21,1,0.0,Detractor,0
16105,1,3,1,9.0,5,336.96,13,1,1,0,0.0,336.96,336.96,1,0.0,Promoter,0
16106,0,3,1,6.0,4,108.38,6,1,1,0,0.0,108.38,108.38,1,0.0,Detractor,0
16107,1,3,1,9.0,5,3204.1600000000003,16,7,7,0,0.0,3204.1600000000003,457.7371428571429,7,0.0,Promoter,0
16108,0,1,0,2.0,9,842.5,48,1,1,1,26.4,816.1,842.5,2,0.5,Detractor,1
16109,0,0,1,6.0,2,611.88,18,2,2,0,0.0,611.88,305.94,2,0.0,Detractor,0
16110,1,1,1,1.0,5,1320.95,283,3,3,0,0.0,1320.95,440.31666666666666,3,0.0,Detractor,0
16112,0,2,1,2.0,5,195.73999999999998,15,4,4,0,0.0,195.73999999999998,48.934999999999995,4,0.0,Detractor,0
16113,1,1,1,5.0,6,161.38,30,1,1,0,0.0,161.38,161.38,1,0.0,Detractor,0
16114,0,4,0,5.0,8,135.75000000000003,8,1,1,0,0.0,135.75000000000003,135.75000000000003,1,0.0,Detractor,0
16115,0,5,0,1.0,9,1660.8799999999999,169,8,8,0,0.0,1660.8799999999999,207.60999999999999,8,0.0,Detractor,0
16116,1,1,0,4.0,4,612.78,34,1,1,1,19.9,592.88,612.78,2,0.5,Detractor,1
16117,1,0,0,5.0,6,232.21,30,1,1,0,0.0,232.21,232.21,1,0.0,Detractor,0
16119,1,4,1,10.0,6,423.36,14,2,2,0,0.0,423.36,211.68,2,0.0,Promoter,0
16120,1,2,1,1.0,4,1309.14,26,4,1,1,15.0,1294.14,327.285,5,0.2,Detractor,1
16121,1,1,1,4.0,3,854.66,170,2,2,0,0.0,854.66,427.33,2,0.0,Detractor,0
16122,1,3,0,8.0,5,578.7,25,3,3,0,0.0,578.7,192.9,3,0.0,Passive,0
16123,1,5,0,3.0,3,307.78,16,1,1,0,0.0,307.78,307.78,1,0.0,Detractor,0
16124,1,2,0,4.0,3,249.0,11,1,1,1,61.849999999999994,187.15,249.0,2,0.5,Detractor,1
16126,1,4,1,2.0,5,6287.77,57,4,4,0,0.0,6287.77,1571.9425,4,0.0,Detractor,0
16127,1,2,1,4.0,4,656.25,40,1,1,0,0.0,656.25,656.25,1,0.0,Detractor,0
16128,1,3,0,6.0,4,1880.22,76,5,5,0,0.0,1880.22,376.044,5,0.0,Detractor,0
16131,0,5,0,1.0,8,3506.54,55,6,4,0,0.0,3506.54,584.4233333333333,6,0.0,Detractor,0
16133,0,3,0,3.0,2,14589.04,220,33,29,13,283.38,14305.66,442.09212121212124,46,0.2826086956521739,Detractor,1
16134,1,5,1,7.0,8,334.56,19,1,1,0,0.0,334.56,334.56,1,0.0,Passive,0
16135,1,3,1,8.0,4,517.55,21,1,1,0,0.0,517.55,517.55,1,0.0,Passive,0
16136,1,3,0,3.0,7,709.38,35,3,3,0,0.0,709.38,236.46,3,0.0,Detractor,0
16139,0,4,1,2.0,5,635.41,25,3,3,0,0.0,635.41,211.8033333333333,3,0.0,Detractor,0
16140,1,4,0,0.0,6,601.04,28,1,1,2,21.41,579.63,601.04,3,0.6666666666666666,Detractor,1
16141,1,2,1,1.0,6,620.4,30,1,1,0,0.0,620.4,620.4,1,0.0,Detractor,0
16142,0,3,1,2.0,5,535.34,37,1,1,0,0.0,535.34,535.34,1,0.0,Detractor,0
16143,1,5,1,3.0,7,1613.5900000000001,61,4,4,0,0.0,1613.5900000000001,403.39750000000004,4,0.0,Detractor,0
16144,0,1,0,7.0,8,175.2,1,1,1,0,0.0,175.2,175.2,1,0.0,Passive,0
16145,1,0,1,1.0,7,3496.71,123,10,10,6,45.91,3450.8,349.671,16,0.375,Detractor,1
16146,1,2,0,9.0,6,734.13,26,3,3,0,0.0,734.13,244.71,3,0.0,Promoter,0
16147,0,2,0,6.0,6,375.0,22,1,1,0,0.0,375.0,375.0,1,0.0,Detractor,0
16148,0,3,0,4.0,4,76.32000000000001,1,1,1,0,0.0,76.32000000000001,76.32000000000001,1,0.0,Detractor,0
16149,0,5,0,7.0,6,280.52,18,2,2,0,0.0,280.52,140.26,2,0.0,Passive,0
16150,0,2,1,8.0,8,1659.6,81,4,4,5,146.95,1512.65,414.9,9,0.5555555555555556,Passive,1
16152,0,2,1,5.0,3,1829.04,29,1,1,0,0.0,1829.04,1829.04,1,0.0,Detractor,0
16153,0,2,0,3.0,4,1609.22,72,4,4,0,0.0,1609.22,402.305,4,0.0,Detractor,0
16156,0,0,1,4.0,5,3092.04,108,9,9,4,97.41999999999999,2994.62,343.56,13,0.3076923076923077,Detractor,1
16157,0,2,0,7.0,7,656.69,12,3,3,1,12.450000000000001,644.24,218.89666666666668,4,0.25,Passive,1
16159,0,5,0,1.0,5,348.2,14,1,1,0,0.0,348.2,348.2,1,0.0,Detractor,0
16160,1,3,1,7.0,7,1025.44,20,2,2,2,15.99,1009.4499999999999,512.72,4,0.5,Passive,1
16161,0,0,0,3.0,5,4957.37,257,16,16,5,150.94,4806.43,309.835625,21,0.23809523809523808,Detractor,1
16162,1,4,1,7.0,5,37.4,2,1,1,0,0.0,37.4,37.4,1,0.0,Passive,0
16163,1,2,0,8.0,7,415.00000000000006,1,1,1,1,415.00000000000006,0.0,415.00000000000006,2,0.5,Passive,1
16164,0,0,0,5.0,7,822.48,27,3,3,1,19.95,802.53,274.16,4,0.25,Detractor,1
16168,1,2,1,6.0,5,3511.8,56,26,24,1,17.0,3494.8,135.06923076923078,27,0.037037037037037035,Detractor,1
16169,0,2,1,4.0,4,1822.97,71,4,4,0,0.0,1822.97,455.7425,4,0.0,Detractor,0
16170,1,3,0,5.0,7,1885.05,106,6,6,1,4.63,1880.4199999999998,314.175,7,0.14285714285714285,Detractor,1
16171,0,0,1,2.0,4,73.2,3,1,1,0,0.0,73.2,73.2,1,0.0,Detractor,0
16172,1,4,1,3.0,9,1140.21,52,5,4,0,0.0,1140.21,228.042,5,0.0,Detractor,0
16173,0,3,0,1.0,3,1418.32,70,6,6,1,11.75,1406.57,236.38666666666666,7,0.14285714285714285,Detractor,1
16174,1,4,1,3.0,6,1009.5500000000001,19,3,3,0,0.0,1009.5500000000001,336.5166666666667,3,0.0,Detractor,0
16175,1,4,1,5.0,4,1037.59,45,4,4,0,0.0,1037.59,259.3975,4,0.0,Detractor,0
16177,0,5,1,5.0,4,331.95,15,1,1,0,0.0,331.95,331.95,1,0.0,Detractor,0
16178,0,1,1,6.0,8,197.9,8,1,1,0,0.0,197.9,197.9,1,0.0,Detractor,0
16179,0,5,1,3.0,3,215.83,11,1,1,0,0.0,215.83,215.83,1,0.0,Detractor,0
16180,0,0,0,2.0,4,10254.18,90,8,7,2,36.7,10217.48,1281.7725,10,0.2,Detractor,1
16181,1,2,1,10.0,8,305.54,11,1,1,0,0.0,305.54,305.54,1,0.0,Promoter,0
16182,0,4,1,6.0,3,6617.65,17,4,4,0,0.0,6617.65,1654.4125,4,0.0,Detractor,0
16183,0,3,0,3.0,4,338.71000000000004,15,1,1,0,0.0,338.71000000000004,338.71000000000004,1,0.0,Detractor,0
16184,0,4,0,3.0,3,1158.79,26,6,6,1,3.25,1155.54,193.13166666666666,7,0.14285714285714285,Detractor,1
16185,0,4,1,6.0,2,529.41,31,2,2,0,0.0,529.41,264.705,2,0.0,Detractor,0
16186,1,1,0,1.0,6,3699.26,79,11,9,1,15.0,3684.26,336.29636363636365,12,0.08333333333333333,Detractor,1
16187,0,0,0,7.0,6,6911.4400000000005,160,15,11,2,70.2,6841.24,460.7626666666667,17,0.11764705882352941,Passive,1
16188,0,0,0,2.0,4,981.86,65,4,4,0,0.0,981.86,245.465,4,0.0,Detractor,0
16189,1,3,1,8.0,6,215.48,9,2,2,0,0.0,215.48,107.74,2,0.0,Passive,0
16190,1,1,1,3.0,6,215.08,6,1,1,0,0.0,215.08,215.08,1,0.0,Detractor,0
16191,0,3,0,1.0,2,4552.92,63,11,9,12,267.20000000000005,4285.72,413.9018181818182,23,0.5217391304347826,Detractor,1
16193,0,2,1,3.0,6,314.45,19,1,1,0,0.0,314.45,314.45,1,0.0,Detractor,0
16198,1,2,1,10.0,4,400.68100000000004,15,1,1,0,0.0,400.68100000000004,400.68100000000004,1,0.0,Promoter,0
16200,0,3,1,5.0,2,1068.8700000000001,149,2,2,0,0.0,1068.8700000000001,534.4350000000001,2,0.0,Detractor,0
16201,1,2,0,6.0,7,1863.47,74,4,4,1,41.95,1821.52,465.8675,5,0.2,Detractor,1
16203,0,2,0,8.0,5,422.2,21,3,3,1,3.75,418.45,140.73333333333332,4,0.25,Passive,1
16204,1,4,1,3.0,7,384.18,45,1,1,0,0.0,384.18,384.18,1,0.0,Detractor,0
16205,0,4,1,0.0,7,757.63,73,4,4,0,0.0,757.63,189.4075,4,0.0,Detractor,0
16206,0,1,1,6.0,4,537.0600000000001,52,4,4,0,0.0,537.0600000000001,134.26500000000001,4,0.0,Detractor,0
16207,0,4,0,3.0,5,394.38,19,1,1,0,0.0,394.38,394.38,1,0.0,Detractor,0
16208,1,3,1,3.0,3,664.26,61,2,2,0,0.0,664.26,332.13,2,0.0,Detractor,0
16209,0,0,0,2.0,5,2262.62,37,5,5,0,0.0,2262.62,452.524,5,0.0,Detractor,0
16210,0,2,1,7.0,5,14085.66,50,14,13,0,0.0,14085.66,1006.1185714285714,14,0.0,Passive,0
16211,0,1,1,5.0,5,547.02,23,1,1,1,4.25,542.77,547.02,2,0.5,Detractor,1
16212,1,3,1,5.0,5,690.34,40,2,2,1,9.15,681.19,345.17,3,0.3333333333333333,Detractor,1
16213,0,1,0,0.0,6,159.0,6,1,1,0,0.0,159.0,159.0,1,0.0,Detractor,0
16214,1,3,1,7.0,7,1062.75,36,3,3,0,0.0,1062.75,354.25,3,0.0,Passive,0
16215,0,4,1,6.0,5,242.35,14,1,1,0,0.0,242.35,242.35,1,0.0,Detractor,0
16216,0,2,1,3.0,7,914.9300000000001,37,1,1,0,0.0,914.9300000000001,914.9300000000001,1,0.0,Detractor,0
16217,0,3,0,6.0,8,304.25,13,2,2,2,44.86,259.39000000000004,152.125,4,0.5,Detractor,1
16218,0,4,0,4.0,7,2613.38,34,6,5,1,29.81,2583.57,435.56333333333333,7,0.14285714285714285,Detractor,1
16221,0,0,1,8.0,6,694.12,81,2,2,0,0.0,694.12,347.06,2,0.0,Passive,0
16222,1,4,1,9.0,8,773.5500000000001,120,1,1,0,0.0,773.5500000000001,773.5500000000001,1,0.0,Promoter,0
16224,0,3,1,3.0,2,1295.3,90,4,4,0,0.0,1295.3,323.825,4,0.0,Detractor,0
16225,0,0,1,2.0,3,1096.32,109,5,4,0,0.0,1096.32,219.26399999999998,5,0.0,Detractor,0
16226,1,0,1,3.0,3,255.12,6,3,3,0,0.0,255.12,85.04,3,0.0,Detractor,0
16227,0,4,1,4.0,3,314.22,6,1,1,1,5.9,308.32000000000005,314.22,2,0.5,Detractor,1
16229,0,3,1,3.0,5,1010.6,46,2,2,0,0.0,1010.6,505.3,2,0.0,Detractor,0
16230,1,1,0,7.0,5,542.03,32,2,2,0,0.0,542.03,271.015,2,0.0,Passive,0
16232,0,5,1,2.0,3,990.88,24,4,3,1,7.6499999999999995,983.23,247.72,5,0.2,Detractor,1
16233,0,5,0,7.0,6,389.28000000000003,20,2,2,0,0.0,389.28000000000003,194.64000000000001,2,0.0,Passive,0
16235,1,4,1,1.0,6,867.31,42,5,5,1,8.9,858.41,173.462,6,0.16666666666666666,Detractor,1
16236,0,0,1,3.0,3,432.2,20,1,1,0,0.0,432.2,432.2,1,0.0,Detractor,0
16239,0,3,1,4.0,5,414.2,18,2,2,1,41.300000000000004,372.9,207.1,3,0.3333333333333333,Detractor,1
16240,0,2,0,7.0,9,3718.8,126,2,2,3,24.990000000000002,3693.81,1859.4,5,0.6,Passive,1
16241,0,2,0,1.0,6,2312.66,340,12,11,0,0.0,2312.66,192.72166666666666,12,0.0,Detractor,0
16242,0,3,1,3.0,2,3579.86,184,7,7,1,4.95,3574.91,511.40857142857146,8,0.125,Detractor,1
16243,0,2,0,1.0,3,409.1,49,2,2,0,0.0,409.1,204.55,2,0.0,Detractor,0
16244,0,0,0,2.0,2,466.12,28,1,1,0,0.0,466.12,466.12,1,0.0,Detractor,0
16245,0,4,0,4.0,3,1413.66,80,3,3,2,61.300000000000004,1352.3600000000001,471.22,5,0.4,Detractor,1
16247,0,0,0,2.0,3,114.56,16,1,1,0,0.0,114.56,114.56,1,0.0,Detractor,0
16248,0,0,1,2.0,4,152.94,7,1,1,0,0.0,152.94,152.94,1,0.0,Detractor,0
16249,0,4,0,5.0,8,1800.07,67,5,5,0,0.0,1800.07,360.014,5,0.0,Detractor,0
16250,0,3,1,5.0,6,163.3,10,1,1,0,0.0,163.3,163.3,1,0.0,Detractor,0
16253,1,1,1,7.0,5,3683.86,114,2,2,1,18.240000000000002,3665.62,1841.93,3,0.3333333333333333,Passive,1
16255,1,2,0,5.0,7,2245.66,141,7,7,2,10.61,2235.05,320.8085714285714,9,0.2222222222222222,Detractor,1
16256,1,3,1,5.0,2,752.4300000000001,13,1,1,1,19.8,732.63,752.4300000000001,2,0.5,Detractor,1
16257,1,4,1,10.0,8,46.95,2,1,1,0,0.0,46.95,46.95,1,0.0,Promoter,0
16258,0,1,0,3.0,2,5203.51,111,5,5,0,0.0,5203.51,1040.702,5,0.0,Detractor,0
16260,1,5,1,4.0,8,1035.45,18,1,1,0,0.0,1035.45,1035.45,1,0.0,Detractor,0
16261,0,5,0,0.0,5,728.54,98,4,4,0,0.0,728.54,182.135,4,0.0,Detractor,0
16265,0,0,0,3.0,9,4606.19,145,7,7,2,23.85,4582.34,658.0271428571428,9,0.2222222222222222,Detractor,1
16266,1,0,1,8.0,4,861.89,44,7,6,0,0.0,861.89,123.12714285714286,7,0.0,Passive,0
16268,0,1,1,5.0,2,667.65,45,2,1,0,0.0,667.65,333.825,2,0.0,Detractor,0
16271,0,1,1,1.0,5,1271.42,84,4,4,1,5.95,1265.47,317.855,5,0.2,Detractor,1
16272,1,1,0,3.0,2,411.7,25,1,1,0,0.0,411.7,411.7,1,0.0,Detractor,0
16275,1,1,0,5.0,3,559.87,33,1,1,0,0.0,559.87,559.87,1,0.0,Detractor,0
16276,0,3,1,4.0,7,810.6000000000001,6,1,1,0,0.0,810.6000000000001,810.6000000000001,1,0.0,Detractor,0
16278,0,1,0,4.0,8,566.38,23,1,1,2,28.55,537.83,566.38,3,0.6666666666666666,Detractor,1
16279,0,4,1,3.0,3,1502.78,102,3,3,1,12.9,1489.88,500.9266666666667,4,0.25,Detractor,1
16281,1,3,1,0.0,6,2062.06,17,1,1,0,0.0,2062.06,2062.06,1,0.0,Detractor,0
16282,1,3,1,9.0,5,168.3,11,1,1,0,0.0,168.3,168.3,1,0.0,Promoter,0
16283,0,3,1,2.0,9,1570.81,117,5,5,2,39.300000000000004,1531.51,314.162,7,0.2857142857142857,Detractor,1
16284,0,4,1,5.0,2,812.68,87,2,2,0,0.0,812.68,406.34,2,0.0,Detractor,0
16287,1,5,0,4.0,3,142.5,8,1,1,0,0.0,142.5,142.5,1,0.0,Detractor,0
16292,1,5,0,0.0,3,302.25,17,1,1,1,21.349999999999998,280.9,302.25,2,0.5,Detractor,1
16293,0,4,0,3.0,5,1870.24,90,9,5,2,12.25,1857.99,207.80444444444444,11,0.18181818181818182,Detractor,1
16295,1,0,1,10.0,6,1328.55,70,4,4,0,0.0,1328.55,332.1375,4,0.0,Promoter,0
16297,0,3,0,7.0,3,301.9,20,1,1,3,26.499999999999996,275.4,301.9,4,0.75,Passive,1
16298,1,2,1,4.0,9,598.2,22,3,3,0,0.0,598.2,199.4,3,0.0,Detractor,0
16302,1,3,1,8.0,4,233.22,11,1,1,1,20.4,212.82,233.22,2,0.5,Passive,1
16303,0,1,1,6.0,3,5360.63,119,3,3,1,54.8,5305.83,1786.8766666666668,4,0.25,Detractor,1
16305,0,2,1,7.0,4,361.21999999999997,22,1,1,0,0.0,361.21999999999997,361.21999999999997,1,0.0,Passive,0
16306,0,2,1,1.0,4,564.17,34,5,5,3,30.0,534.17,112.83399999999999,8,0.375,Detractor,1
16308,0,3,1,2.0,3,2560.0,1,4,4,0,0.0,2560.0,640.0,4,0.0,Detractor,0
16309,1,5,1,1.0,5,706.57,39,2,2,1,19.9,686.67,353.285,3,0.3333333333333333,Detractor,1
16311,1,1,1,2.0,5,616.26,35,2,2,0,0.0,616.26,308.13,2,0.0,Detractor,0
16313,1,1,1,2.0,5,274.15000000000003,16,2,2,0,0.0,274.15000000000003,137.07500000000002,2,0.0,Detractor,0
16315,1,3,0,7.0,6,226.37,14,1,1,0,0.0,226.37,226.37,1,0.0,Passive,0
16316,0,3,1,5.0,2,2630.69,107,7,6,4,183.35,2447.34,375.8128571428571,11,0.36363636363636365,Detractor,1
16317,1,1,1,7.0,8,1341.65,64,3,3,0,0.0,1341.65,447.2166666666667,3,0.0,Passive,0
16318,1,3,1,1.0,3,328.15,19,1,1,0,0.0,328.15,328.15,1,0.0,Detractor,0
16319,0,3,0,6.0,3,404.40000000000003,3,1,1,0,0.0,404.40000000000003,404.40000000000003,1,0.0,Detractor,0
16322,0,3,1,5.0,6,326.75,28,2,2,0,0.0,326.75,163.375,2,0.0,Detractor,0
16323,0,1,1,2.0,2,207.50000000000003,1,1,1,0,0.0,207.50000000000003,207.50000000000003,1,0.0,Detractor,0
16324,1,2,0,1.0,9,408.59000000000003,100,3,2,0,0.0,408.59000000000003,136.1966666666667,3,0.0,Detractor,0
16325,0,5,1,6.0,5,594.24,14,3,3,2,83.7,510.54,198.08,5,0.4,Detractor,1
16326,1,1,1,2.0,3,3039.2200000000003,158,14,13,1,25.0,3014.2200000000003,217.08714285714288,15,0.06666666666666667,Detractor,1
16327,1,3,1,1.0,6,3284.67,126,5,5,0,0.0,3284.67,656.934,5,0.0,Detractor,0
16330,1,1,1,1.0,4,251.91,39,3,2,1,9.7,242.21,83.97,4,0.25,Detractor,1
16332,0,3,1,1.0,7,1582.8,125,7,7,1,10.0,1572.8,226.1142857142857,8,0.125,Detractor,1
16333,0,1,0,3.0,4,26626.8,9,22,13,0,0.0,26626.8,1210.3090909090909,22,0.0,Detractor,0
16337,0,3,0,1.0,2,151.05,10,1,1,0,0.0,151.05,151.05,1,0.0,Detractor,0
16338,1,1,1,4.0,8,214.79999999999998,11,1,1,0,0.0,214.79999999999998,214.79999999999998,1,0.0,Detractor,0
16339,0,1,0,5.0,8,94.05,17,1,1,0,0.0,94.05,94.05,1,0.0,Detractor,0
16340,0,3,1,2.0,5,534.31,124,1,1,0,0.0,534.31,534.31,1,0.0,Detractor,0
16341,1,2,1,0.0,5,1971.87,60,4,3,2,12.489999999999998,1959.38,492.9675,6,0.3333333333333333,Detractor,1
16342,0,4,1,3.0,4,322.41,10,4,4,0,0.0,322.41,80.6025,4,0.0,Detractor,0
16343,0,1,1,0.0,9,328.58,29,2,1,0,0.0,328.58,164.29,2,0.0,Detractor,0
16344,1,5,1,4.0,5,101.10000000000001,1,1,1,0,0.0,101.10000000000001,101.10000000000001,1,0.0,Detractor,0
16345,0,3,1,1.0,4,565.46,35,1,1,0,0.0,565.46,565.46,1,0.0,Detractor,0
16347,0,5,0,0.0,8,847.45,61,2,2,0,0.0,847.45,423.725,2,0.0,Detractor,0
16348,1,4,1,8.0,8,1415.65,157,7,6,0,0.0,1415.65,202.2357142857143,7,0.0,Passive,0
16349,1,4,1,5.0,7,53.5,9,1,1,0,0.0,53.5,53.5,1,0.0,Detractor,0
16350,0,1,1,0.0,9,1116.47,40,4,4,0,0.0,1116.47,279.1175,4,0.0,Detractor,0
16351,1,4,1,3.0,8,153.9,8,1,1,0,0.0,153.9,153.9,1,0.0,Detractor,0
16352,0,4,1,2.0,4,494.44,28,2,2,0,0.0,494.44,247.22,2,0.0,Detractor,0
16353,1,1,1,6.0,8,6165.71,51,19,16,0,0.0,6165.71,324.51105263157893,19,0.0,Detractor,0
16354,0,2,0,3.0,8,395.8,38,2,2,0,0.0,395.8,197.9,2,0.0,Detractor,0
16356,1,4,1,3.0,2,211.77,20,3,3,1,1.45,210.32000000000002,70.59,4,0.25,Detractor,1
16357,0,1,0,6.0,8,658.88,31,3,3,0,0.0,658.88,219.62666666666667,3,0.0,Detractor,0
16358,0,0,0,3.0,3,2027.5,82,4,4,1,2.55,2024.95,506.875,5,0.2,Detractor,1
16359,0,1,0,6.0,2,1750.92,39,9,9,3,290.55,1460.3700000000001,194.54666666666668,12,0.25,Detractor,1
16360,1,3,0,1.0,3,3450.41,365,6,6,2,100.83999999999997,3349.57,575.0683333333333,8,0.25,Detractor,1
16361,1,3,1,7.0,3,891.21,87,4,4,0,0.0,891.21,222.8025,4,0.0,Passive,0
16362,1,4,0,9.0,5,709.99,58,5,3,4,82.69999999999999,627.29,141.998,9,0.4444444444444444,Promoter,1
16363,1,2,1,9.0,8,109.36000000000001,5,1,1,0,0.0,109.36000000000001,109.36000000000001,1,0.0,Promoter,0
16364,0,0,0,0.0,5,705.79,48,2,2,0,0.0,705.79,352.895,2,0.0,Detractor,0
16365,0,5,1,3.0,2,1171.96,40,7,6,0,0.0,1171.96,167.42285714285714,7,0.0,Detractor,0
16366,0,2,1,3.0,9,327.3,18,1,1,0,0.0,327.3,327.3,1,0.0,Detractor,0
16367,0,2,0,4.0,8,633.58,92,1,1,0,0.0,633.58,633.58,1,0.0,Detractor,0
16368,0,2,0,2.0,4,479.91,58,2,2,0,0.0,479.91,239.955,2,0.0,Detractor,0
16369,0,5,0,7.0,4,1545.41,91,3,3,0,0.0,1545.41,515.1366666666667,3,0.0,Passive,0
16370,0,1,1,0.0,7,1301.91,143,4,4,0,0.0,1301.91,325.4775,4,0.0,Detractor,0
16372,0,3,1,7.0,3,355.73,86,2,1,0,0.0,355.73,177.865,2,0.0,Passive,0
16374,1,2,1,6.0,4,466.73,101,2,2,0,0.0,466.73,233.365,2,0.0,Detractor,0
16376,1,3,1,1.0,6,974.96,104,2,2,1,9.49,965.47,487.48,3,0.3333333333333333,Detractor,1
16377,0,2,1,7.0,4,676.2,5,1,1,0,0.0,676.2,676.2,1,0.0,Passive,0
16378,1,4,1,9.0,7,362.95,22,3,3,0,0.0,362.95,120.98333333333333,3,0.0,Promoter,0
16379,1,2,1,2.0,9,2157.4,87,4,4,1,25.5,2131.9,539.35,5,0.2,Detractor,1
16380,1,3,0,9.0,2,1743.1499999999999,28,1,1,0,0.0,1743.1499999999999,1743.1499999999999,1,0.0,Promoter,0
16383,1,4,1,2.0,6,643.76,80,2,2,0,0.0,643.76,321.88,2,0.0,Detractor,0
16384,1,4,1,9.0,7,584.5,33,2,2,0,0.0,584.5,292.25,2,0.0,Promoter,0
16385,1,2,1,4.0,6,407.66,34,2,2,0,0.0,407.66,203.83,2,0.0,Detractor,0
16386,1,3,0,7.0,3,302.57,76,2,2,0,0.0,302.57,151.285,2,0.0,Passive,0
16387,1,1,0,9.0,8,94.36,4,1,1,0,0.0,94.36,94.36,1,0.0,Promoter,0
16389,0,2,1,8.0,3,1382.07,33,4,4,1,19.799999999999997,1362.27,345.5175,5,0.2,Passive,1
16392,0,3,0,0.0,3,217.89,41,1,1,0,0.0,217.89,217.89,1,0.0,Detractor,0
16393,1,4,1,7.0,3,2749.41,115,11,11,6,88.50999999999999,2660.9,249.94636363636363,17,0.35294117647058826,Passive,1
16394,1,2,1,2.0,8,1555.34,61,5,5,4,143.28000000000003,1412.06,311.068,9,0.4444444444444444,Detractor,1
16395,0,3,0,5.0,8,1482.06,150,5,5,0,0.0,1482.06,296.412,5,0.0,Detractor,0
16398,0,3,1,6.0,8,1705.8,75,2,2,2,74.65,1631.15,852.9,4,0.5,Detractor,1
16399,1,1,1,6.0,4,408.02,68,2,2,0,0.0,408.02,204.01,2,0.0,Detractor,0
16400,0,5,0,2.0,3,303.93,28,1,1,0,0.0,303.93,303.93,1,0.0,Detractor,0
16401,0,1,1,4.0,5,4098.32,66,12,12,8,37.08,4061.24,341.52666666666664,20,0.4,Detractor,1
16402,1,4,1,7.0,3,87.8,3,1,1,0,0.0,87.8,87.8,1,0.0,Passive,0
16403,1,1,1,8.0,4,177.5,10,1,1,1,16.45,161.04999999999998,177.5,2,0.5,Passive,1
16404,1,1,1,3.0,6,443.05,23,1,1,0,0.0,443.05,443.05,1,0.0,Detractor,0
16405,0,3,1,7.0,6,167.25,3,2,2,0,0.0,167.25,83.625,2,0.0,Passive,0
16406,0,2,1,8.0,7,154.35,55,1,1,0,0.0,154.35,154.35,1,0.0,Passive,0
16407,0,2,1,2.0,5,2079.68,99,10,9,0,0.0,2079.68,207.968,10,0.0,Detractor,0
16409,1,1,0,7.0,2,2022.98,145,5,5,0,0.0,2022.98,404.596,5,0.0,Passive,0
16411,0,1,0,2.0,9,83.15,22,1,1,0,0.0,83.15,83.15,1,0.0,Detractor,0
16412,0,2,0,3.0,3,135.99,25,1,1,0,0.0,135.99,135.99,1,0.0,Detractor,0
16413,0,1,1,1.0,3,262.2,30,1,1,0,0.0,262.2,262.2,1,0.0,Detractor,0
16414,1,0,1,9.0,6,126.25,5,2,2,0,0.0,126.25,63.125,2,0.0,Promoter,0
16415,1,4,0,3.0,4,200.27,45,1,1,0,0.0,200.27,200.27,1,0.0,Detractor,0
16416,0,3,0,4.0,4,1051.4,59,3,3,1,24.41,1026.99,350.4666666666667,4,0.25,Detractor,1
16418,0,5,1,0.0,4,631.12,76,3,3,0,0.0,631.12,210.37333333333333,3,0.0,Detractor,0
16419,0,2,0,6.0,8,958.71,36,6,5,1,12.75,945.96,159.785,7,0.14285714285714285,Detractor,1
16422,1,4,1,7.0,4,32659.08,65,48,45,22,798.6500000000001,31860.43,680.3975,70,0.3142857142857143,Passive,1
16423,1,3,1,1.0,6,346.12,18,1,1,0,0.0,346.12,346.12,1,0.0,Detractor,0
16424,1,3,0,6.0,6,133.56,5,1,1,1,51.0,82.56,133.56,2,0.5,Detractor,1
16425,1,5,0,3.0,7,302.7,21,1,1,0,0.0,302.7,302.7,1,0.0,Detractor,0
16426,1,4,0,6.0,3,1863.76,211,10,7,0,0.0,1863.76,186.376,10,0.0,Detractor,0
16427,1,0,1,5.0,6,241.06,8,2,2,0,0.0,241.06,120.53,2,0.0,Detractor,0
16428,0,3,1,3.0,3,0.0,0,0,0,1,2.95,-2.95,0.0,1,1.0,Detractor,1
16429,0,2,0,2.0,4,284.55,2,1,1,0,0.0,284.55,284.55,1,0.0,Detractor,0
16430,0,4,0,8.0,7,300.85,6,1,1,0,0.0,300.85,300.85,1,0.0,Passive,0
16431,1,2,0,6.0,5,623.28,51,3,2,0,0.0,623.28,207.76,3,0.0,Detractor,0
16432,1,4,1,2.0,7,287.4,8,1,1,0,0.0,287.4,287.4,1,0.0,Detractor,0
16433,0,3,1,2.0,3,184.26,17,1,1,0,0.0,184.26,184.26,1,0.0,Detractor,0
16434,0,3,0,6.0,8,1511.8,88,7,7,0,0.0,1511.8,215.97142857142856,7,0.0,Detractor,0
16438,1,3,0,10.0,5,798.35,74,5,5,0,0.0,798.35,159.67000000000002,5,0.0,Promoter,0
16440,1,3,0,6.0,7,3640.67,186,5,5,0,0.0,3640.67,728.134,5,0.0,Detractor,0
16441,0,4,1,8.0,5,381.2,22,2,2,0,0.0,381.2,190.6,2,0.0,Passive,0
16442,0,4,1,1.0,9,462.24,123,2,2,0,0.0,462.24,231.12,2,0.0,Detractor,0
16444,0,0,1,3.0,6,654.67,68,4,4,1,15.899999999999999,638.77,163.6675,5,0.2,Detractor,1
16445,1,2,1,4.0,6,230.51,62,1,1,0,0.0,230.51,230.51,1,0.0,Detractor,0
16446,1,1,1,0.0,8,168472.5,3,2,2,1,168469.6,2.8999999999941792,84236.25,3,0.3333333333333333,Detractor,1
16447,0,0,1,3.0,6,255.91,34,1,1,0,0.0,255.91,255.91,1,0.0,Detractor,0
16448,0,4,0,5.0,3,182.99,19,1,1,0,0.0,182.99,182.99,1,0.0,Detractor,0
16449,0,5,0,4.0,7,707.69,40,2,2,1,33.0,674.69,353.845,3,0.3333333333333333,Detractor,1
16450,1,2,1,9.0,9,311.92,11,1,1,0,0.0,311.92,311.92,1,0.0,Promoter,0
16451,0,3,0,3.0,4,266.97,14,1,1,0,0.0,266.97,266.97,1,0.0,Detractor,0
16454,0,3,0,3.0,3,6.9,2,2,2,1,15.05,-8.15,3.45,3,0.3333333333333333,Detractor,1
16455,1,4,1,9.0,3,1309.2,53,4,4,0,0.0,1309.2,327.3,4,0.0,Promoter,0
16456,1,2,1,9.0,8,1370.78,75,4,4,0,0.0,1370.78,342.695,4,0.0,Promoter,0
16457,1,1,0,2.0,8,208.36,9,1,1,0,0.0,208.36,208.36,1,0.0,Detractor,0
16458,0,1,1,3.0,5,3288.84,48,17,17,0,0.0,3288.84,193.46117647058824,17,0.0,Detractor,0
16460,0,4,1,0.0,4,811.23,128,3,3,0,0.0,811.23,270.41,3,0.0,Detractor,0
16461,0,5,0,8.0,3,142.92,31,1,1,0,0.0,142.92,142.92,1,0.0,Passive,0
16462,0,1,0,8.0,3,136.0,1,3,3,1,34.0,102.0,45.333333333333336,4,0.25,Passive,1
16463,0,2,0,2.0,6,1422.4,74,4,4,3,38.7,1383.7,355.6,7,0.42857142857142855,Detractor,1
16464,0,1,1,1.0,6,1298.66,152,3,3,0,0.0,1298.66,432.8866666666667,3,0.0,Detractor,0
16466,1,5,1,5.0,2,1595.96,103,7,7,0,0.0,1595.96,227.99428571428572,7,0.0,Detractor,0
16468,1,2,1,8.0,5,74.9,2,1,1,0,0.0,74.9,74.9,1,0.0,Passive,0
16469,0,2,0,2.0,5,625.42,148,4,3,0,0.0,625.42,156.355,4,0.0,Detractor,0
16470,1,1,1,2.0,8,536.43,90,3,3,0,0.0,536.43,178.80999999999997,3,0.0,Detractor,0
16471,1,2,1,3.0,9,223.95000000000002,13,1,1,0,0.0,223.95000000000002,223.95000000000002,1,0.0,Detractor,0
16473,0,3,0,4.0,4,316.11,18,3,3,1,1.25,314.86,105.37,4,0.25,Detractor,1
16474,1,5,0,6.0,4,1810.65,237,7,6,4,60.03,1750.6200000000001,258.6642857142857,11,0.36363636363636365,Detractor,1
16475,1,4,1,6.0,8,544.3,23,4,4,0,0.0,544.3,136.075,4,0.0,Detractor,0
16477,0,1,1,3.0,8,1950.06,88,5,5,0,0.0,1950.06,390.012,5,0.0,Detractor,0
16478,0,2,1,7.0,6,331.0,15,3,3,0,0.0,331.0,110.33333333333333,3,0.0,Passive,0
16479,1,2,0,6.0,5,300.83,35,2,1,0,0.0,300.83,150.415,2,0.0,Detractor,0
16480,0,1,0,3.0,5,769.29,51,1,1,0,0.0,769.29,769.29,1,0.0,Detractor,0
16482,0,2,1,6.0,4,220.62,18,1,1,0,0.0,220.62,220.62,1,0.0,Detractor,0
16483,1,2,0,5.0,8,139.35,19,1,1,0,0.0,139.35,139.35,1,0.0,Detractor,0
16484,1,0,0,4.0,3,404.3,25,2,2,1,24.900000000000002,379.4,202.15,3,0.3333333333333333,Detractor,1
16485,0,1,0,4.0,9,363.65,41,1,1,0,0.0,363.65,363.65,1,0.0,Detractor,0
16488,0,2,0,3.0,5,498.8,28,3,3,1,6.6,492.2,166.26666666666668,4,0.25,Detractor,1
16491,1,0,1,1.0,7,731.5,39,1,1,0,0.0,731.5,731.5,1,0.0,Detractor,0
16493,0,5,0,2.0,8,1351.63,40,4,4,2,21.97,1329.66,337.9075,6,0.3333333333333333,Detractor,1
16494,0,2,1,7.0,2,826.53,47,1,1,0,0.0,826.53,826.53,1,0.0,Passive,0
16495,1,4,0,9.0,2,648.26,78,3,2,0,0.0,648.26,216.08666666666667,3,0.0,Promoter,0
16496,0,0,0,2.0,5,1599.52,92,3,3,1,37.3,1562.22,533.1733333333333,4,0.25,Detractor,1
16497,0,3,1,8.0,5,2965.69,128,6,5,0,0.0,2965.69,494.2816666666667,6,0.0,Passive,0
16498,0,2,0,2.0,3,100.97,15,2,2,1,14.850000000000001,86.12,50.485,3,0.3333333333333333,Detractor,1
16500,1,4,1,9.0,9,400.86,8,6,5,0,0.0,400.86,66.81,6,0.0,Promoter,0
16503,0,0,1,2.0,7,943.84,48,3,3,0,0.0,943.84,314.61333333333334,3,0.0,Detractor,0
16504,1,3,1,6.0,8,465.88,76,1,1,0,0.0,465.88,465.88,1,0.0,Detractor,0
16505,1,2,1,2.0,3,777.6,4,1,1,0,0.0,777.6,777.6,1,0.0,Detractor,0
16506,1,0,1,9.0,3,90.30000000000001,3,2,2,0,0.0,90.30000000000001,45.150000000000006,2,0.0,Promoter,0
16509,1,0,0,1.0,4,363.7,13,1,1,0,0.0,363.7,363.7,1,0.0,Detractor,0
16511,1,4,0,7.0,2,918.33,135,3,3,0,0.0,918.33,306.11,3,0.0,Passive,0
16513,0,1,1,2.0,6,874.59,33,4,4,0,0.0,874.59,218.6475,4,0.0,Detractor,0
16515,0,0,1,5.0,3,1624.14,89,5,5,0,0.0,1624.14,324.82800000000003,5,0.0,Detractor,0
16516,0,3,0,6.0,7,101.69999999999999,6,1,1,0,0.0,101.69999999999999,101.69999999999999,1,0.0,Detractor,0
16517,1,2,1,0.0,5,162.7,17,1,1,0,0.0,162.7,162.7,1,0.0,Detractor,0
16518,1,3,1,10.0,8,484.32,36,2,2,1,3.4,480.92,242.16,3,0.3333333333333333,Promoter,1
16519,0,1,1,5.0,3,111.38,8,1,1,0,0.0,111.38,111.38,1,0.0,Detractor,0
16520,0,2,1,3.0,5,720.8100000000001,86,2,2,1,9.95,710.86,360.40500000000003,3,0.3333333333333333,Detractor,1
16523,0,5,1,2.0,7,9418.470000000001,151,21,18,7,122.79999999999998,9295.67,448.4985714285715,28,0.25,Detractor,1
16525,0,1,1,8.0,2,12225.01,75,24,24,3,1131.88,11093.130000000001,509.3754166666667,27,0.1111111111111111,Passive,1
16526,1,5,0,1.0,2,290.36,15,1,1,0,0.0,290.36,290.36,1,0.0,Detractor,0
16527,0,0,1,1.0,4,228.06,14,1,1,0,0.0,228.06,228.06,1,0.0,Detractor,0
16528,1,2,1,9.0,7,244.41,17,1,1,0,0.0,244.41,244.41,1,0.0,Promoter,0
16529,1,2,1,3.0,3,455.25,30,1,1,0,0.0,455.25,455.25,1,0.0,Detractor,0
16531,1,2,0,9.0,6,1151.77,64,6,6,0,0.0,1151.77,191.96166666666667,6,0.0,Promoter,0
16532,0,4,0,3.0,9,6748.8,2,3,3,0,0.0,6748.8,2249.6,3,0.0,Detractor,0
16533,1,4,1,1.0,2,1082.81,112,3,3,2,68.62,1014.19,360.93666666666667,5,0.4,Detractor,1
16535,1,2,1,7.0,3,593.75,31,1,1,0,0.0,593.75,593.75,1,0.0,Passive,0
16536,1,2,1,5.0,2,548.12,49,1,1,1,9.95,538.17,548.12,2,0.5,Detractor,1
16539,1,4,0,6.0,9,641.56,12,2,2,0,0.0,641.56,320.78,2,0.0,Detractor,0
16542,0,1,1,6.0,7,119.62,5,1,1,0,0.0,119.62,119.62,1,0.0,Detractor,0
16545,0,1,0,1.0,3,339.3,3,1,1,0,0.0,339.3,339.3,1,0.0,Detractor,0
16546,0,4,0,3.0,4,487.75,19,1,1,0,0.0,487.75,487.75,1,0.0,Detractor,0
16549,0,1,1,2.0,4,4034.9,445,10,8,0,0.0,4034.9,403.49,10,0.0,Detractor,0
16550,0,5,1,2.0,4,1744.31,139,4,4,3,23.67,1720.64,436.0775,7,0.42857142857142855,Detractor,1
16551,1,0,0,8.0,7,922.12,26,3,3,0,0.0,922.12,307.37333333333333,3,0.0,Passive,0
16552,1,4,1,6.0,3,284.44000000000005,12,1,1,0,0.0,284.44000000000005,284.44000000000005,1,0.0,Detractor,0
16553,0,5,1,3.0,4,4110.38,50,10,5,1,51.0,4059.38,411.038,11,0.09090909090909091,Detractor,1
16554,0,2,1,2.0,3,837.1,51,3,3,4,195.54999999999998,641.55,279.03333333333336,7,0.5714285714285714,Detractor,1
16555,0,3,0,0.0,7,285.89,15,2,2,0,0.0,285.89,142.945,2,0.0,Detractor,0
16556,0,4,1,3.0,8,3002.94,135,6,6,0,0.0,3002.94,500.49,6,0.0,Detractor,0
16557,0,0,0,6.0,3,281.85,11,2,2,0,0.0,281.85,140.925,2,0.0,Detractor,0
16558,0,3,1,8.0,5,7457.9400000000005,254,18,18,3,59.5,7398.4400000000005,414.33000000000004,21,0.14285714285714285,Passive,1
16560,0,4,0,1.0,2,509.23,36,1,1,1,24.900000000000002,484.33,509.23,2,0.5,Detractor,1
16561,0,0,0,1.0,4,511.12,29,2,2,0,0.0,511.12,255.56,2,0.0,Detractor,0
16563,0,4,0,7.0,9,1077.74,19,1,1,0,0.0,1077.74,1077.74,1,0.0,Passive,0
16566,0,5,0,5.0,5,614.66,14,5,5,1,0.65,614.01,122.93199999999999,6,0.16666666666666666,Detractor,1
16567,0,2,1,7.0,2,865.6,34,2,2,0,0.0,865.6,432.8,2,0.0,Passive,0
16569,0,5,0,2.0,2,124.2,5,1,1,0,0.0,124.2,124.2,1,0.0,Detractor,0
16570,0,5,0,5.0,6,3738.4,68,10,9,4,78.8,3659.6,373.84000000000003,14,0.2857142857142857,Detractor,1
16571,0,3,0,3.0,6,1421.69,73,3,3,2,136.46999999999997,1285.22,473.8966666666667,5,0.4,Detractor,1
16572,0,1,0,2.0,3,1009.6,40,3,3,1,9.9,999.7,336.53333333333336,4,0.25,Detractor,1
16573,0,5,0,7.0,4,663.61,40,2,2,2,15.2,648.41,331.805,4,0.5,Passive,1
16574,0,4,0,8.0,4,451.44,28,1,1,0,0.0,451.44,451.44,1,0.0,Passive,0
16581,0,0,0,1.0,2,105.84,9,1,1,1,35.400000000000006,70.44,105.84,2,0.5,Detractor,1
16582,0,3,0,2.0,9,313.62,6,1,1,0,0.0,313.62,313.62,1,0.0,Detractor,0
16584,0,2,1,7.0,4,936.08,25,2,2,1,28.049999999999997,908.03,468.04,3,0.3333333333333333,Passive,1
16586,0,2,0,2.0,7,463.95,8,1,1,0,0.0,463.95,463.95,1,0.0,Detractor,0
16587,0,2,1,6.0,2,225.15,13,1,1,0,0.0,225.15,225.15,1,0.0,Detractor,0
16589,0,1,0,4.0,8,459.24,31,3,3,0,0.0,459.24,153.08,3,0.0,Detractor,0
16591,0,0,0,7.0,9,213.5,10,1,1,0,0.0,213.5,213.5,1,0.0,Passive,0
16592,0,0,0,0.0,9,4113.68,142,16,9,3,40.4,4073.28,257.105,19,0.15789473684210525,Detractor,1
16593,0,1,1,2.0,7,330.03,24,3,3,0,0.0,330.03,110.00999999999999,3,0.0,Detractor,0
16594,0,2,0,2.0,4,181.09,53,1,1,0,0.0,181.09,181.09,1,0.0,Detractor,0
16595,0,2,1,2.0,3,360.16,83,1,1,0,0.0,360.16,360.16,1,0.0,Detractor,0
16596,0,1,0,1.0,4,129.5,6,1,1,0,0.0,129.5,129.5,1,0.0,Detractor,0
16597,0,3,0,2.0,4,90.04,7,1,1,0,0.0,90.04,90.04,1,0.0,Detractor,0
16598,0,4,0,2.0,3,145.04999999999998,10,1,1,1,4.35,140.7,145.04999999999998,2,0.5,Detractor,1
16600,0,2,1,4.0,6,813.52,50,6,6,0,0.0,813.52,135.58666666666667,6,0.0,Detractor,0
16601,0,3,1,1.0,7,242.7,29,1,1,0,0.0,242.7,242.7,1,0.0,Detractor,0
16602,0,3,0,5.0,5,528.08,29,1,1,1,33.35,494.72999999999996,528.08,2,0.5,Detractor,1
16603,0,3,0,2.0,3,482.47,34,2,2,0,0.0,482.47,241.235,2,0.0,Detractor,0
16607,0,4,1,2.0,6,2692.89,134,12,12,1,14.040000000000001,2678.85,224.4075,13,0.07692307692307693,Detractor,1
16609,0,1,0,1.0,7,5493.46,155,7,7,2,42.5,5450.96,784.78,9,0.2222222222222222,Detractor,1
16610,0,1,0,7.0,5,75.66,6,1,1,0,0.0,75.66,75.66,1,0.0,Passive,0
16611,0,2,1,8.0,3,129.49,9,1,1,1,8.5,120.99000000000001,129.49,2,0.5,Passive,1
16612,0,0,1,5.0,4,1187.66,48,4,4,0,0.0,1187.66,296.915,4,0.0,Detractor,0
16613,0,5,0,2.0,9,618.59,30,1,1,0,0.0,618.59,618.59,1,0.0,Detractor,0
16614,0,4,0,6.0,8,506.19,26,1,1,0,0.0,506.19,506.19,1,0.0,Detractor,0
16616,0,5,1,1.0,3,500.42,31,2,2,0,0.0,500.42,250.21,2,0.0,Detractor,0
16617,0,2,1,0.0,6,151.85,5,1,1,0,0.0,151.85,151.85,1,0.0,Detractor,0
16618,0,3,1,6.0,8,2647.59,79,5,4,1,16.95,2630.64,529.518,6,0.16666666666666666,Detractor,1
16619,0,4,1,7.0,3,226.21,14,1,1,1,21.8,204.41,226.21,2,0.5,Passive,1
16620,0,2,1,4.0,6,178.96,9,2,2,0,0.0,178.96,89.48,2,0.0,Detractor,0
16621,1,3,1,10.0,8,813.48,22,4,4,0,0.0,813.48,203.37,4,0.0,Promoter,0
16623,1,4,1,8.0,2,129.45,5,1,1,0,0.0,129.45,129.45,1,0.0,Passive,0
16624,1,2,1,5.0,8,810.5699999999999,44,2,2,0,0.0,810.5699999999999,405.28499999999997,2,0.0,Detractor,0
16625,1,4,0,6.0,6,333.08,23,1,1,0,0.0,333.08,333.08,1,0.0,Detractor,0
16626,1,5,0,3.0,5,4413.1,86,17,17,3,33.449999999999996,4379.65,259.59411764705885,20,0.15,Detractor,1
16627,0,1,1,2.0,7,322.8,20,1,1,0,0.0,322.8,322.8,1,0.0,Detractor,0
16628,1,0,1,2.0,4,2188.05,79,5,5,1,5.01,2183.04,437.61,6,0.16666666666666666,Detractor,1
16629,0,3,1,6.0,5,408.63,58,2,2,0,0.0,408.63,204.315,2,0.0,Detractor,0
16633,0,2,1,2.0,5,2883.1,115,6,6,1,4.95,2878.15,480.51666666666665,7,0.14285714285714285,Detractor,1
16634,1,4,1,8.0,3,53.1,1,1,1,0,0.0,53.1,53.1,1,0.0,Passive,0
16637,0,1,0,1.0,6,1154.47,66,4,4,1,29.879999999999995,1124.59,288.6175,5,0.2,Detractor,1
16638,0,1,1,0.0,2,1609.92,90,8,8,1,4.25,1605.67,201.24,9,0.1111111111111111,Detractor,1
16639,1,4,1,9.0,3,1257.51,48,3,3,1,88.13000000000001,1169.38,419.17,4,0.25,Promoter,1
16641,1,1,0,5.0,8,231.10000000000002,12,1,1,0,0.0,231.10000000000002,231.10000000000002,1,0.0,Detractor,0
16642,1,4,1,1.0,4,688.33,32,2,2,1,8.5,679.83,344.165,3,0.3333333333333333,Detractor,1
16643,0,1,0,0.0,8,487.51,27,1,1,0,0.0,487.51,487.51,1,0.0,Detractor,0
16644,1,0,1,5.0,4,833.78,62,2,2,0,0.0,833.78,416.89,2,0.0,Detractor,0
16647,0,0,1,1.0,6,214.06,12,2,2,0,0.0,214.06,107.03,2,0.0,Detractor,0
16648,0,5,1,2.0,4,290.65999999999997,19,1,1,1,19.8,270.85999999999996,290.65999999999997,2,0.5,Detractor,1
16650,1,3,1,3.0,3,518.42,24,1,1,0,0.0,518.42,518.42,1,0.0,Detractor,0
16652,1,0,1,1.0,4,6773.97,74,7,5,4,119.71000000000001,6654.26,967.71,11,0.36363636363636365,Detractor,1
16653,0,1,1,3.0,7,1212.66,67,2,2,1,45.74000000000001,1166.92,606.33,3,0.3333333333333333,Detractor,1
16654,0,4,0,8.0,6,373.87,20,3,3,1,6.3,367.57,124.62333333333333,4,0.25,Passive,1
16655,0,5,1,3.0,8,3789.52,208,6,6,0,0.0,3789.52,631.5866666666667,6,0.0,Detractor,0
16656,1,1,0,8.0,4,8197.039999999999,14,14,14,6,57.559999999999995,8139.48,585.5028571428571,20,0.3,Passive,1
16657,0,5,1,3.0,2,874.43,158,4,4,0,0.0,874.43,218.6075,4,0.0,Detractor,0
16659,0,0,0,3.0,4,39.12,2,1,1,0,0.0,39.12,39.12,1,0.0,Detractor,0
16660,1,1,1,1.0,8,1267.6499999999999,16,4,3,1,457.2,810.4499999999999,316.91249999999997,5,0.2,Detractor,1
16666,0,1,0,3.0,2,118.98,32,1,1,0,0.0,118.98,118.98,1,0.0,Detractor,0
16667,1,5,0,7.0,7,567.1800000000001,52,2,2,0,0.0,567.1800000000001,283.59000000000003,2,0.0,Passive,0
16668,1,2,1,2.0,4,306.71999999999997,9,6,6,0,0.0,306.71999999999997,51.12,6,0.0,Detractor,0
16669,0,2,1,3.0,3,1348.88,141,3,2,1,4.0,1344.88,449.6266666666667,4,0.25,Detractor,1
16670,1,2,1,8.0,6,3692.29,170,10,9,6,73.44000000000001,3618.85,369.229,16,0.375,Passive,1
16671,0,1,1,2.0,5,1692.27,3,3,3,0,0.0,1692.27,564.09,3,0.0,Detractor,0
16672,1,2,1,9.0,7,8134.9400000000005,22,20,18,3,41.349999999999994,8093.59,406.747,23,0.13043478260869565,Promoter,1
16674,1,5,0,8.0,4,304.24,89,2,2,0,0.0,304.24,152.12,2,0.0,Passive,0
16676,1,4,1,3.0,6,1592.1200000000001,75,4,4,1,33.4,1558.72,398.03000000000003,5,0.2,Detractor,1
16678,0,3,1,6.0,4,3109.99,92,12,12,5,96.16,3013.83,259.1658333333333,17,0.29411764705882354,Detractor,1
16680,1,0,1,6.0,9,183.7,10,1,1,0,0.0,183.7,183.7,1,0.0,Detractor,0
16681,0,2,0,2.0,4,1770.34,18,6,6,0,0.0,1770.34,295.0566666666667,6,0.0,Detractor,0
16682,1,4,1,10.0,6,1028.0,15,5,5,0,0.0,1028.0,205.6,5,0.0,Promoter,0
16684,1,4,1,6.0,7,63540.16,116,24,13,3,761.48,62778.68,2647.5066666666667,27,0.1111111111111111,Detractor,1
16685,0,1,1,4.0,9,324.24,60,2,1,0,0.0,324.24,162.12,2,0.0,Detractor,0
16686,0,2,1,3.0,5,2608.75,370,6,6,1,14.4,2594.35,434.7916666666667,7,0.14285714285714285,Detractor,1
16688,0,1,1,5.0,7,1260.86,52,4,4,0,0.0,1260.86,315.215,4,0.0,Detractor,0
16689,0,2,0,8.0,6,422.59999999999997,12,2,2,1,119.34,303.26,211.29999999999998,3,0.3333333333333333,Passive,1
16690,0,4,1,7.0,8,225.57999999999998,10,2,2,1,16.95,208.63,112.78999999999999,3,0.3333333333333333,Passive,1
16692,0,1,0,7.0,5,1276.0,2,2,2,0,0.0,1276.0,638.0,2,0.0,Passive,0
16693,0,3,0,5.0,2,477.86,58,2,2,0,0.0,477.86,238.93,2,0.0,Detractor,0
16696,0,4,1,1.0,6,657.9000000000001,7,4,4,0,0.0,657.9000000000001,164.47500000000002,4,0.0,Detractor,0
16697,1,4,0,1.0,4,112.75,20,1,1,0,0.0,112.75,112.75,1,0.0,Detractor,0
16698,1,1,0,10.0,6,1998.0,4,2,2,0,0.0,1998.0,999.0,2,0.0,Promoter,0
16700,0,2,0,0.0,6,4739.61,152,12,12,4,36.55,4703.06,394.9675,16,0.25,Detractor,1
16701,0,4,1,8.0,6,4921.54,94,12,11,5,248.02999999999997,4673.51,410.12833333333333,17,0.29411764705882354,Passive,1
16705,1,2,1,2.0,3,12903.27,126,18,11,8,86.91,12816.36,716.8483333333334,26,0.3076923076923077,Detractor,1
16706,1,1,1,6.0,8,531.35,108,3,3,0,0.0,531.35,177.11666666666667,3,0.0,Detractor,0
16708,0,1,0,2.0,2,656.63,27,1,1,0,0.0,656.63,656.63,1,0.0,Detractor,0
16709,1,5,0,3.0,7,3029.87,64,5,4,0,0.0,3029.87,605.9739999999999,5,0.0,Detractor,0
16710,1,2,1,2.0,9,1948.07,222,8,7,0,0.0,1948.07,243.50875,8,0.0,Detractor,0
16711,1,1,0,6.0,6,1436.83,17,4,4,0,0.0,1436.83,359.2075,4,0.0,Detractor,0
16712,1,2,1,6.0,9,3611.31,259,11,9,0,0.0,3611.31,328.3009090909091,11,0.0,Detractor,0
16713,1,4,1,5.0,5,6152.24,304,13,13,4,62.05,6090.19,473.24923076923073,17,0.23529411764705882,Detractor,1
16714,1,3,1,7.0,7,1129.06,77,3,2,1,250.0,879.0600000000001,376.3533333333333,4,0.25,Passive,1
16715,0,5,0,3.0,5,301.71999999999997,19,1,1,0,0.0,301.71999999999997,301.71999999999997,1,0.0,Detractor,0
16716,1,3,1,3.0,6,901.2,1,2,2,1,581.4,319.8000000000001,450.6,3,0.3333333333333333,Detractor,1
16717,0,3,0,7.0,5,3535.83,167,5,5,3,580.02,2955.81,707.1659999999999,8,0.375,Passive,1
16719,0,5,0,5.0,5,1339.49,84,6,6,1,16.5,1322.99,223.24833333333333,7,0.14285714285714285,Detractor,1
16720,0,4,0,3.0,8,152.95,25,1,1,0,0.0,152.95,152.95,1,0.0,Detractor,0
16721,0,3,1,3.0,4,292.47,37,1,1,0,0.0,292.47,292.47,1,0.0,Detractor,0
16722,0,2,0,3.0,7,3931.29,72,11,11,2,18.15,3913.14,357.39,13,0.15384615384615385,Detractor,1
16723,1,2,1,1.0,8,576.4,37,2,2,0,0.0,576.4,288.2,2,0.0,Detractor,0
16725,1,1,1,1.0,8,437.82,51,4,4,1,5.95,431.87,109.455,5,0.2,Detractor,1
16726,1,3,1,8.0,6,1229.17,113,4,3,0,0.0,1229.17,307.2925,4,0.0,Passive,0
16728,0,2,0,7.0,5,1048.28,218,4,4,0,0.0,1048.28,262.07,4,0.0,Passive,0
16729,0,3,1,3.0,3,7205.33,234,21,19,5,163.64,7041.69,343.11095238095237,26,0.19230769230769232,Detractor,1
16730,1,1,0,0.0,3,743.11,75,3,3,1,40.32,702.79,247.70333333333335,4,0.25,Detractor,1
16732,1,1,1,4.0,4,603.75,28,1,1,0,0.0,603.75,603.75,1,0.0,Detractor,0
16734,1,5,1,7.0,8,646.76,44,3,2,0,0.0,646.76,215.58666666666667,3,0.0,Passive,0
16735,1,1,1,8.0,6,2247.41,88,5,4,2,31.349999999999998,2216.06,449.48199999999997,7,0.2857142857142857,Passive,1
16737,0,3,0,4.0,3,417.59999999999997,1,1,1,0,0.0,417.59999999999997,417.59999999999997,1,0.0,Detractor,0
16738,0,4,1,5.0,3,3.75,1,1,1,0,0.0,3.75,3.75,1,0.0,Detractor,0
16739,1,2,0,3.0,7,323.0,13,1,1,1,10.45,312.55,323.0,2,0.5,Detractor,1
16742,0,4,0,2.0,3,464.9,1,1,1,1,464.9,0.0,464.9,2,0.5,Detractor,1
16743,0,4,0,1.0,7,1782.85,83,6,5,1,46.25,1736.6,297.14166666666665,7,0.14285714285714285,Detractor,1
16744,1,1,1,5.0,8,1291.91,198,7,7,0,0.0,1291.91,184.55857142857144,7,0.0,Detractor,0
16745,1,1,0,8.0,4,7180.7,148,17,17,1,23.6,7157.1,422.3941176470588,18,0.05555555555555555,Passive,1
16746,1,1,1,9.0,6,6368.47,229,17,16,1,3.3499999999999996,6365.12,374.6158823529412,18,0.05555555555555555,Promoter,1
16747,1,1,1,6.0,2,836.06,34,2,2,2,9.099999999999998,826.96,418.03,4,0.5,Detractor,1
16748,0,1,1,5.0,7,1515.9,42,5,5,0,0.0,1515.9,303.18,5,0.0,Detractor,0
16750,1,3,1,8.0,7,623.93,74,5,5,0,0.0,623.93,124.78599999999999,5,0.0,Passive,0
16751,0,5,0,8.0,7,1764.72,24,1,1,0,0.0,1764.72,1764.72,1,0.0,Passive,0
16753,0,3,0,4.0,6,223.92000000000002,34,1,1,0,0.0,223.92000000000002,223.92000000000002,1,0.0,Detractor,0
16755,1,0,1,6.0,7,1475.43,133,3,3,2,12.2,1463.23,491.81,5,0.4,Detractor,1
16756,1,1,1,5.0,4,239.4,13,1,1,0,0.0,239.4,239.4,1,0.0,Detractor,0
16757,1,3,1,1.0,4,106.83000000000001,7,1,1,0,0.0,106.83000000000001,106.83000000000001,1,0.0,Detractor,0
16758,1,3,1,3.0,4,369.34000000000003,22,1,1,0,0.0,369.34000000000003,369.34000000000003,1,0.0,Detractor,0
16759,1,1,1,0.0,7,789.79,40,3,2,1,16.95,772.84,263.2633333333333,4,0.25,Detractor,1
16761,0,2,1,4.0,6,316.62,13,1,1,0,0.0,316.62,316.62,1,0.0,Detractor,0
16762,0,5,0,2.0,3,1207.24,51,3,3,0,0.0,1207.24,402.41333333333336,3,0.0,Detractor,0
16763,0,2,1,0.0,7,611.85,23,1,1,1,16.95,594.9,611.85,2,0.5,Detractor,1
16764,1,1,1,3.0,6,2790.9500000000003,209,13,13,5,41.00000000000001,2749.9500000000003,214.68846153846155,18,0.2777777777777778,Detractor,1
16765,0,0,0,1.0,5,34.0,1,1,1,0,0.0,34.0,34.0,1,0.0,Detractor,0
16766,0,0,0,6.0,8,1145.6,17,2,1,0,0.0,1145.6,572.8,2,0.0,Detractor,0
16767,1,2,1,3.0,3,5575.56,148,11,8,0,0.0,5575.56,506.86909090909097,11,0.0,Detractor,0
16768,1,4,1,1.0,6,478.09000000000003,47,3,3,2,20.05,458.04,159.36333333333334,5,0.4,Detractor,1
16769,1,1,1,6.0,9,361.54,33,1,1,0,0.0,361.54,361.54,1,0.0,Detractor,0
16770,1,1,1,8.0,5,494.90000000000003,109,3,3,0,0.0,494.90000000000003,164.96666666666667,3,0.0,Passive,0
16771,1,4,1,6.0,4,2242.61,200,5,5,0,0.0,2242.61,448.52200000000005,5,0.0,Detractor,0
16773,1,3,0,9.0,7,171.59,23,1,1,0,0.0,171.59,171.59,1,0.0,Promoter,0
16774,1,3,1,1.0,9,661.52,36,4,4,1,6.6,654.92,165.38,5,0.2,Detractor,1
16775,0,2,0,1.0,5,1459.6100000000001,78,10,10,0,0.0,1459.6100000000001,145.961,10,0.0,Detractor,0
16776,0,0,0,1.0,8,371.54,61,1,1,0,0.0,371.54,371.54,1,0.0,Detractor,0
16777,0,0,0,6.0,4,222.62,45,2,2,0,0.0,222.62,111.31,2,0.0,Detractor,0
16778,0,2,0,7.0,7,245.94,16,2,2,0,0.0,245.94,122.97,2,0.0,Passive,0
16779,1,0,0,7.0,4,9923.89,141,20,19,5,160.67,9763.22,496.19449999999995,25,0.2,Passive,1
16780,0,1,1,5.0,8,422.24,51,2,2,0,0.0,422.24,211.12,2,0.0,Detractor,0
16782,0,1,1,1.0,5,1701.91,58,11,11,4,18.950000000000003,1682.96,154.7190909090909,15,0.26666666666666666,Detractor,1
16784,0,4,0,7.0,4,107.6,3,1,1,0,0.0,107.6,107.6,1,0.0,Passive,0
16788,0,3,1,7.0,7,594.39,138,2,2,0,0.0,594.39,297.195,2,0.0,Passive,0
16789,1,4,1,5.0,5,80.8,5,1,1,0,0.0,80.8,80.8,1,0.0,Detractor,0
16790,0,1,0,2.0,3,1545.6200000000001,88,6,6,2,25.5,1520.1200000000001,257.60333333333335,8,0.25,Detractor,1
16791,1,1,1,1.0,4,1705.78,218,7,6,1,15.5,1690.28,243.68285714285713,8,0.125,Detractor,1
16792,0,2,0,5.0,4,110.38000000000001,11,2,1,0,0.0,110.38000000000001,55.190000000000005,2,0.0,Detractor,0
16793,1,2,1,8.0,3,243.84,16,1,1,0,0.0,243.84,243.84,1,0.0,Passive,0
16794,0,3,0,4.0,2,1196.5,142,10,9,2,21.2,1175.3,119.65,12,0.16666666666666666,Detractor,1
16796,1,4,1,1.0,3,305.62,18,1,1,0,0.0,305.62,305.62,1,0.0,Detractor,0
16800,0,3,1,1.0,6,1162.65,148,1,1,0,0.0,1162.65,1162.65,1,0.0,Detractor,0
16801,0,1,0,8.0,7,1594.23,72,4,4,1,751.9000000000001,842.33,398.5575,5,0.2,Passive,1
16803,0,3,1,4.0,8,332.3,24,1,1,0,0.0,332.3,332.3,1,0.0,Detractor,0
16804,0,2,1,2.0,2,536.99,59,3,2,0,0.0,536.99,178.99666666666667,3,0.0,Detractor,0
16805,1,4,1,7.0,2,245.82,43,1,1,0,0.0,245.82,245.82,1,0.0,Passive,0
16806,0,1,0,4.0,4,762.16,68,4,4,0,0.0,762.16,190.54,4,0.0,Detractor,0
16807,1,2,1,7.0,8,1121.59,57,3,3,0,0.0,1121.59,373.8633333333333,3,0.0,Passive,0
16808,1,0,1,4.0,6,288.42,21,2,2,0,0.0,288.42,144.21,2,0.0,Detractor,0
16809,0,1,1,4.0,2,914.69,79,5,5,1,1.95,912.74,182.93800000000002,6,0.16666666666666666,Detractor,1
16810,1,4,1,8.0,9,309.54,15,1,1,0,0.0,309.54,309.54,1,0.0,Passive,0
16811,0,3,1,7.0,6,547.07,26,2,2,0,0.0,547.07,273.535,2,0.0,Passive,0
16813,1,3,1,9.0,4,1652.18,248,10,10,0,0.0,1652.18,165.21800000000002,10,0.0,Promoter,0
16814,0,5,1,4.0,6,6143.41,116,20,20,1,8.5,6134.91,307.1705,21,0.047619047619047616,Detractor,1
16816,1,0,1,3.0,7,341.28000000000003,23,3,3,0,0.0,341.28000000000003,113.76,3,0.0,Detractor,0
16817,1,3,0,2.0,6,1237.45,60,7,7,3,115.30000000000001,1122.15,176.77857142857144,10,0.3,Detractor,1
16818,0,1,0,2.0,4,3349.57,172,11,11,2,31.599999999999998,3317.97,304.50636363636363,13,0.15384615384615385,Detractor,1
16820,0,4,1,4.0,2,497.61,26,1,1,0,0.0,497.61,497.61,1,0.0,Detractor,0
16823,1,1,1,2.0,6,358.38,34,1,1,0,0.0,358.38,358.38,1,0.0,Detractor,0
16824,1,4,1,6.0,2,460.64,23,2,2,0,0.0,460.64,230.32,2,0.0,Detractor,0
16825,1,2,1,7.0,5,775.1800000000001,27,2,2,0,0.0,775.1800000000001,387.59000000000003,2,0.0,Passive,0
16826,0,4,0,0.0,8,341.7,22,1,1,0,0.0,341.7,341.7,1,0.0,Detractor,0
16828,0,1,0,3.0,8,128.5,8,2,2,0,0.0,128.5,64.25,2,0.0,Detractor,0
16829,0,2,1,7.0,4,197.22,11,1,1,0,0.0,197.22,197.22,1,0.0,Passive,0
16830,0,2,1,3.0,3,325.91,23,1,1,0,0.0,325.91,325.91,1,0.0,Detractor,0
16832,0,0,1,4.0,8,199.15,11,3,3,0,0.0,199.15,66.38333333333334,3,0.0,Detractor,0
16833,1,2,0,1.0,8,1106.53,46,4,3,0,0.0,1106.53,276.6325,4,0.0,Detractor,0
16834,0,4,0,7.0,7,413.46,24,1,1,0,0.0,413.46,413.46,1,0.0,Passive,0
16835,0,5,1,7.0,6,99.1,5,1,1,0,0.0,99.1,99.1,1,0.0,Passive,0
16836,1,3,1,6.0,7,251.87,11,2,2,0,0.0,251.87,125.935,2,0.0,Detractor,0
16837,0,4,1,6.0,7,3170.98,123,11,9,1,3.25,3167.73,288.2709090909091,12,0.08333333333333333,Detractor,1
16838,0,5,1,1.0,7,588.85,24,2,2,1,5.95,582.9,294.425,3,0.3333333333333333,Detractor,1
16839,0,4,0,1.0,4,16042.11,114,33,31,5,1236.5700000000002,14805.54,486.12454545454545,38,0.13157894736842105,Detractor,1
16841,0,1,0,5.0,7,1869.82,101,6,6,1,95.2,1774.62,311.63666666666666,7,0.14285714285714285,Detractor,1
16842,1,1,1,9.0,7,1264.19,45,3,3,1,3.75,1260.44,421.3966666666667,4,0.25,Promoter,1
16843,0,3,1,4.0,8,10196.57,226,16,12,1,12.75,10183.82,637.285625,17,0.058823529411764705,Detractor,1
16846,1,3,1,1.0,5,214.32,11,1,1,0,0.0,214.32,214.32,1,0.0,Detractor,0
16847,0,4,0,3.0,4,193.44,12,1,1,0,0.0,193.44,193.44,1,0.0,Detractor,0
16848,1,4,1,4.0,5,281.42,14,1,1,0,0.0,281.42,281.42,1,0.0,Detractor,0
16849,1,2,1,8.0,7,124.57,8,1,1,0,0.0,124.57,124.57,1,0.0,Passive,0
16850,1,3,1,9.0,5,332.41,19,1,1,0,0.0,332.41,332.41,1,0.0,Promoter,0
16851,1,2,0,2.0,4,342.45,17,3,3,0,0.0,342.45,114.14999999999999,3,0.0,Detractor,0
16852,1,1,1,9.0,7,144.91000000000003,9,2,2,0,0.0,144.91000000000003,72.45500000000001,2,0.0,Promoter,0
16855,0,2,1,4.0,6,328.4,19,2,2,0,0.0,328.4,164.2,2,0.0,Detractor,0
16856,0,0,1,0.0,8,35.400000000000006,2,1,1,0,0.0,35.400000000000006,35.400000000000006,1,0.0,Detractor,0
16859,0,2,0,3.0,2,747.81,50,2,2,3,274.67,473.14,373.905,5,0.6,Detractor,1
16861,1,2,1,1.0,4,173.76,6,2,2,0,0.0,173.76,86.88,2,0.0,Detractor,0
16863,0,2,1,4.0,8,338.55,17,1,1,1,20.0,318.55,338.55,2,0.5,Detractor,1
16866,0,4,1,2.0,9,207.73999999999998,10,3,3,0,0.0,207.73999999999998,69.24666666666666,3,0.0,Detractor,0
16869,1,2,0,9.0,7,817.12,113,4,4,1,19.8,797.3199999999999,204.28,5,0.2,Promoter,1
16871,0,3,1,4.0,5,2812.34,131,6,5,1,50.849999999999994,2761.4900000000002,468.72333333333336,7,0.14285714285714285,Detractor,1
16872,1,4,1,4.0,4,680.02,5,3,3,0,0.0,680.02,226.67333333333332,3,0.0,Detractor,0
16873,0,3,0,1.0,3,4965.98,142,5,5,3,27.560000000000002,4938.42,993.1959999999999,8,0.375,Detractor,1
16875,0,5,0,1.0,5,2095.53,93,5,4,4,72.06,2023.47,419.10600000000005,9,0.4444444444444444,Detractor,1
16877,0,4,0,7.0,5,846.62,111,6,6,0,0.0,846.62,141.10333333333332,6,0.0,Passive,0
16878,0,4,0,6.0,3,13.3,3,1,1,1,13.3,0.0,13.3,2,0.5,Detractor,1
16880,0,4,1,4.0,9,1491.43,121,7,6,0,0.0,1491.43,213.0614285714286,7,0.0,Detractor,0
16881,0,5,1,6.0,8,432.0,1,1,1,0,0.0,432.0,432.0,1,0.0,Detractor,0
16882,1,3,1,2.0,6,705.12,39,3,3,0,0.0,705.12,235.04,3,0.0,Detractor,0
16883,0,0,0,2.0,7,144.45,20,1,1,0,0.0,144.45,144.45,1,0.0,Detractor,0
16884,0,3,0,8.0,5,429.84000000000003,26,2,1,0,0.0,429.84000000000003,214.92000000000002,2,0.0,Passive,0
16885,1,4,1,4.0,6,272.46,58,2,2,0,0.0,272.46,136.23,2,0.0,Detractor,0
16887,0,5,0,7.0,5,192.32999999999998,35,1,1,0,0.0,192.32999999999998,192.32999999999998,1,0.0,Passive,0
16889,0,5,1,8.0,8,1578.67,112,3,3,0,0.0,1578.67,526.2233333333334,3,0.0,Passive,0
16891,1,3,1,7.0,6,525.17,110,4,4,0,0.0,525.17,131.2925,4,0.0,Passive,0
16892,1,2,1,4.0,2,518.19,87,5,4,2,28.7,489.49,103.638,7,0.2857142857142857,Detractor,1
16895,0,1,1,8.0,5,202.27,57,1,1,0,0.0,202.27,202.27,1,0.0,Passive,0
16897,0,4,1,6.0,5,289.78,37,2,2,1,76.75,213.03,144.89,3,0.3333333333333333,Detractor,1
16898,0,1,1,1.0,6,388.95,122,2,2,0,0.0,388.95,194.475,2,0.0,Detractor,0
16899,1,4,1,0.0,7,1100.51,72,5,5,0,0.0,1100.51,220.102,5,0.0,Detractor,0
16900,0,1,1,7.0,4,887.11,78,3,3,2,699.42,187.6900000000001,295.7033333333333,5,0.4,Passive,1
16902,1,5,1,0.0,7,1706.88,43,1,1,0,0.0,1706.88,1706.88,1,0.0,Detractor,0
16903,0,5,0,2.0,6,363.2,50,1,1,0,0.0,363.2,363.2,1,0.0,Detractor,0
16904,1,2,1,2.0,7,3315.05,377,14,14,0,0.0,3315.05,236.78928571428574,14,0.0,Detractor,0
16905,1,1,1,7.0,4,2783.2,115,6,5,1,16.95,2766.25,463.8666666666666,7,0.14285714285714285,Passive,1
16906,0,1,0,6.0,8,559.59,74,4,4,0,0.0,559.59,139.8975,4,0.0,Detractor,0
16907,0,1,1,8.0,3,748.84,77,4,4,0,0.0,748.84,187.21,4,0.0,Passive,0
16909,0,2,0,4.0,7,379.14,18,1,1,1,15.0,364.14,379.14,2,0.5,Detractor,1
16910,0,4,0,3.0,4,1508.96,318,8,8,0,0.0,1508.96,188.62,8,0.0,Detractor,0
16912,1,3,1,9.0,9,2555.58,88,11,6,3,46.709999999999994,2508.87,232.32545454545453,14,0.21428571428571427,Promoter,1
16913,0,4,1,1.0,6,113.44,8,1,1,0,0.0,113.44,113.44,1,0.0,Detractor,0
16914,0,3,1,5.0,3,183.76,25,1,1,0,0.0,183.76,183.76,1,0.0,Detractor,0
16915,0,3,1,6.0,6,621.6800000000001,46,6,6,0,0.0,621.6800000000001,103.61333333333334,6,0.0,Detractor,0
16916,1,4,0,2.0,9,365.98,85,1,1,0,0.0,365.98,365.98,1,0.0,Detractor,0
16917,0,4,0,3.0,5,391.52,9,1,1,0,0.0,391.52,391.52,1,0.0,Detractor,0
16918,0,4,1,7.0,7,1068.82,97,6,5,1,25.479999999999997,1043.34,178.13666666666666,7,0.14285714285714285,Passive,1
16919,0,4,1,1.0,5,2052.2400000000002,118,9,9,0,0.0,2052.2400000000002,228.0266666666667,9,0.0,Detractor,0
16921,1,1,1,1.0,5,154.18,50,1,1,0,0.0,154.18,154.18,1,0.0,Detractor,0
16923,1,5,1,6.0,8,6518.58,293,18,16,6,570.3299999999999,5948.25,362.1433333333333,24,0.25,Detractor,1
16924,0,3,0,7.0,6,829.89,69,3,3,1,107.25,722.64,276.63,4,0.25,Passive,1
16927,0,2,1,5.0,4,324.95,4,2,2,0,0.0,324.95,162.475,2,0.0,Detractor,0
16928,0,5,0,6.0,8,2698.45,69,16,16,2,66.1,2632.35,168.653125,18,0.1111111111111111,Detractor,1
16929,1,2,0,9.0,8,1295.39,51,7,7,0,0.0,1295.39,185.0557142857143,7,0.0,Promoter,0
16930,1,1,0,10.0,5,378.89,47,3,2,0,0.0,378.89,126.29666666666667,3,0.0,Promoter,0
16931,0,4,0,4.0,3,4190.21,420,19,18,0,0.0,4190.21,220.53736842105263,19,0.0,Detractor,0
16932,1,4,1,4.0,6,150.23000000000002,44,1,1,0,0.0,150.23000000000002,150.23000000000002,1,0.0,Detractor,0
16933,0,0,0,1.0,3,563.23,42,2,2,3,33.15,530.08,281.615,5,0.6,Detractor,1
16934,1,2,0,4.0,7,931.03,59,2,1,0,0.0,931.03,465.515,2,0.0,Detractor,0
16936,0,0,1,4.0,8,261.9,56,1,1,0,0.0,261.9,261.9,1,0.0,Detractor,0
16938,1,1,1,8.0,4,2711.6800000000003,212,4,4,1,833.2500000000001,1878.43,677.9200000000001,5,0.2,Passive,1
16940,0,3,1,0.0,9,3049.88,226,3,3,0,0.0,3049.88,1016.6266666666667,3,0.0,Detractor,0
16942,0,2,0,2.0,5,1904.99,159,9,8,1,26.479999999999997,1878.51,211.66555555555556,10,0.1,Detractor,1
16943,0,3,1,8.0,9,816.73,23,3,3,0,0.0,816.73,272.24333333333334,3,0.0,Passive,0
16945,1,0,0,2.0,6,4065.65,134,18,12,0,0.0,4065.65,225.86944444444444,18,0.0,Detractor,0
16947,1,2,1,4.0,7,406.48,21,1,1,0,0.0,406.48,406.48,1,0.0,Detractor,0
16948,1,1,1,1.0,9,435.02,15,3,3,0,0.0,435.02,145.00666666666666,3,0.0,Detractor,0
16949,0,3,0,0.0,4,1286.27,57,6,6,1,125.0,1161.27,214.37833333333333,7,0.14285714285714285,Detractor,1
16950,1,1,1,0.0,7,1006.56,36,2,2,0,0.0,1006.56,503.28,2,0.0,Detractor,0
16951,1,2,1,10.0,7,1277.75,73,3,3,1,15.0,1262.75,425.9166666666667,4,0.25,Promoter,1
16952,1,1,1,8.0,9,167.61,16,2,1,0,0.0,167.61,83.805,2,0.0,Passive,0
16953,0,2,1,4.0,2,20.8,1,1,1,0,0.0,20.8,20.8,1,0.0,Detractor,0
16954,1,4,0,0.0,4,1738.28,31,8,7,0,0.0,1738.28,217.285,8,0.0,Detractor,0
16955,0,0,1,8.0,7,329.57,12,2,2,0,0.0,329.57,164.785,2,0.0,Passive,0
16956,0,3,1,6.0,5,308.74,16,1,1,1,16.4,292.34,308.74,2,0.5,Detractor,1
16957,1,2,0,5.0,5,416.64,15,2,2,0,0.0,416.64,208.32,2,0.0,Detractor,0
16959,1,2,0,6.0,8,117.35000000000001,7,1,1,0,0.0,117.35000000000001,117.35000000000001,1,0.0,Detractor,0
16960,0,2,1,7.0,6,507.05,92,3,3,0,0.0,507.05,169.01666666666668,3,0.0,Passive,0
16961,0,3,1,8.0,8,234.17,14,1,1,0,0.0,234.17,234.17,1,0.0,Passive,0
16963,0,5,0,7.0,8,110.55000000000001,7,1,1,0,0.0,110.55000000000001,110.55000000000001,1,0.0,Passive,0
16965,1,5,0,0.0,6,201.19,26,1,1,0,0.0,201.19,201.19,1,0.0,Detractor,0
16966,0,2,0,5.0,5,2154.97,8,7,7,3,6.5,2148.47,307.8528571428571,10,0.3,Detractor,1
16967,0,1,0,4.0,5,319.02,21,1,1,0,0.0,319.02,319.02,1,0.0,Detractor,0
16968,0,3,0,3.0,4,439.43,31,2,2,0,0.0,439.43,219.715,2,0.0,Detractor,0
16969,1,4,1,9.0,6,650.41,42,3,3,0,0.0,650.41,216.8033333333333,3,0.0,Promoter,0
16971,0,3,0,2.0,6,357.21,40,1,1,1,125.0,232.20999999999998,357.21,2,0.5,Detractor,1
16976,0,4,1,7.0,2,251.51999999999998,2,1,1,0,0.0,251.51999999999998,251.51999999999998,1,0.0,Passive,0
16978,1,4,0,8.0,7,344.33,39,1,1,0,0.0,344.33,344.33,1,0.0,Passive,0
16979,0,1,0,8.0,6,1852.0,64,6,6,2,42.95,1809.05,308.6666666666667,8,0.25,Passive,1
16980,1,1,1,7.0,5,1028.46,71,2,2,0,0.0,1028.46,514.23,2,0.0,Passive,0
16982,0,2,0,3.0,8,384.06,22,1,1,0,0.0,384.06,384.06,1,0.0,Detractor,0
16983,1,1,1,3.0,5,1742.3799999999999,106,6,6,1,11.049999999999999,1731.33,290.39666666666665,7,0.14285714285714285,Detractor,1
16984,0,0,0,4.0,4,4459.52,354,2,2,3,88.93,4370.59,2229.76,5,0.6,Detractor,1
16985,1,1,0,7.0,5,4530.8,53,9,6,1,2.5,4528.3,503.4222222222222,10,0.1,Passive,1
16986,0,3,0,6.0,5,1873.2,3,2,2,0,0.0,1873.2,936.6,2,0.0,Detractor,0
16987,0,1,0,7.0,9,1616.8,74,7,6,0,0.0,1616.8,230.97142857142856,7,0.0,Passive,0
16988,0,4,0,2.0,3,126.12,7,1,1,0,0.0,126.12,126.12,1,0.0,Detractor,0
16989,0,3,0,3.0,2,1133.25,7,6,6,0,0.0,1133.25,188.875,6,0.0,Detractor,0
16990,0,2,0,7.0,6,179.0,1,1,1,0,0.0,179.0,179.0,1,0.0,Passive,0
16992,0,4,1,5.0,8,1614.31,84,5,5,1,12.45,1601.8600000000001,322.86199999999997,6,0.16666666666666666,Detractor,1
16996,0,2,1,4.0,4,1329.42,13,4,4,1,20.650000000000002,1308.77,332.355,5,0.2,Detractor,1
16997,0,4,1,4.0,3,702.0,7,3,3,0,0.0,702.0,234.0,3,0.0,Detractor,0
16998,0,3,0,8.0,3,295.0,1,4,3,2,7.98,287.02000000000004,73.75,6,0.3333333333333333,Passive,1
16999,0,3,0,3.0,2,484.82,21,2,2,0,0.0,484.82,242.41,2,0.0,Detractor,0
17001,0,3,1,2.0,4,3591.61,71,10,10,0,0.0,3591.61,359.161,10,0.0,Detractor,0
17002,0,5,0,5.0,7,1493.73,41,3,3,1,5.95,1487.78,497.91,4,0.25,Detractor,1
17004,0,3,0,2.0,4,1312.1399999999999,38,2,2,0,0.0,1312.1399999999999,656.0699999999999,2,0.0,Detractor,0
17006,0,3,1,2.0,4,781.78,37,4,4,0,0.0,781.78,195.445,4,0.0,Detractor,0
17007,0,4,0,2.0,2,682.81,39,4,4,0,0.0,682.81,170.7025,4,0.0,Detractor,0
17010,0,2,0,3.0,8,195.36,11,1,1,1,9.9,185.46,195.36,2,0.5,Detractor,1
17011,0,4,1,4.0,8,270.9,15,1,1,0,0.0,270.9,270.9,1,0.0,Detractor,0
17014,0,5,0,5.0,4,583.4300000000001,63,3,3,1,20.75,562.6800000000001,194.4766666666667,4,0.25,Detractor,1
17015,0,3,0,4.0,4,1838.6100000000001,182,3,3,0,0.0,1838.6100000000001,612.87,3,0.0,Detractor,0
17017,0,4,1,4.0,7,6336.62,64,15,12,6,97.35,6239.2699999999995,422.4413333333333,21,0.2857142857142857,Detractor,1
17018,0,2,1,2.0,6,920.1,15,2,2,0,0.0,920.1,460.05,2,0.0,Detractor,0
17019,0,2,1,2.0,3,899.26,145,3,3,0,0.0,899.26,299.75333333333333,3,0.0,Detractor,0
17022,0,0,0,2.0,5,71.0,7,1,1,0,0.0,71.0,71.0,1,0.0,Detractor,0
17024,0,4,1,3.0,5,95.85,2,3,3,0,0.0,95.85,31.95,3,0.0,Detractor,0
17025,0,0,1,3.0,6,196.8,4,1,1,0,0.0,196.8,196.8,1,0.0,Detractor,0
17026,0,2,0,4.0,5,121.67999999999999,1,1,1,0,0.0,121.67999999999999,121.67999999999999,1,0.0,Detractor,0
17027,0,4,1,7.0,9,877.5600000000001,110,6,5,1,41.7,835.86,146.26000000000002,7,0.14285714285714285,Passive,1
17029,0,3,0,5.0,2,716.0,1,2,2,0,0.0,716.0,358.0,2,0.0,Detractor,0
17030,0,2,0,7.0,8,146.87,11,1,1,0,0.0,146.87,146.87,1,0.0,Passive,0
17031,0,3,0,4.0,3,380.35,19,2,2,0,0.0,380.35,190.175,2,0.0,Detractor,0
17033,0,4,1,2.0,3,722.34,19,2,2,0,0.0,722.34,361.17,2,0.0,Detractor,0
17034,0,5,0,4.0,4,745.52,28,3,3,1,10.950000000000001,734.5699999999999,248.50666666666666,4,0.25,Detractor,1
17035,0,1,1,3.0,7,433.53000000000003,27,2,2,1,45.2,388.33,216.76500000000001,3,0.3333333333333333,Detractor,1
17037,0,4,0,2.0,6,1267.32,75,1,1,1,14.100000000000001,1253.22,1267.32,2,0.5,Detractor,1
17038,0,4,1,5.0,4,112.4,22,1,1,0,0.0,112.4,112.4,1,0.0,Detractor,0
17040,0,3,1,2.0,3,449.73,15,1,1,0,0.0,449.73,449.73,1,0.0,Detractor,0
17041,0,5,1,4.0,6,766.99,44,2,2,0,0.0,766.99,383.495,2,0.0,Detractor,0
17042,0,2,1,6.0,5,1036.58,74,5,5,0,0.0,1036.58,207.31599999999997,5,0.0,Detractor,0
17043,0,1,1,2.0,7,1735.18,100,4,4,0,0.0,1735.18,433.795,4,0.0,Detractor,0
17044,0,5,0,2.0,8,948.48,6,1,1,1,15.95,932.53,948.48,2,0.5,Detractor,1
17045,0,3,0,5.0,4,339.44,20,3,3,0,0.0,339.44,113.14666666666666,3,0.0,Detractor,0
17046,0,2,0,3.0,3,642.02,22,1,1,0,0.0,642.02,642.02,1,0.0,Detractor,0
17047,1,2,1,8.0,4,1100.9,59,3,2,0,0.0,1100.9,366.9666666666667,3,0.0,Passive,0
17048,0,2,1,8.0,8,925.35,41,3,3,3,61.03,864.32,308.45,6,0.5,Passive,1
17049,1,3,1,8.0,6,5655.03,201,9,8,2,65.2,5589.83,628.3366666666666,11,0.18181818181818182,Passive,1
17050,0,4,1,4.0,4,3185.64,169,6,6,0,0.0,3185.64,530.9399999999999,6,0.0,Detractor,0
17051,1,3,1,2.0,5,240.89000000000001,40,1,1,0,0.0,240.89000000000001,240.89000000000001,1,0.0,Detractor,0
17052,1,5,0,6.0,4,399.09,72,1,1,0,0.0,399.09,399.09,1,0.0,Detractor,0
17053,0,5,0,6.0,2,498.48,13,1,1,1,2.1,496.38,498.48,2,0.5,Detractor,1
17054,0,1,1,5.0,7,1356.33,64,5,5,1,2.5,1353.83,271.26599999999996,6,0.16666666666666666,Detractor,1
17058,0,4,1,2.0,4,1179.89,51,3,3,0,0.0,1179.89,393.2966666666667,3,0.0,Detractor,0
17059,1,3,1,1.0,5,2358.03,242,4,4,0,0.0,2358.03,589.5075,4,0.0,Detractor,0
17060,0,2,0,6.0,4,234.24,5,1,1,0,0.0,234.24,234.24,1,0.0,Detractor,0
17061,0,3,1,1.0,3,5232.2300000000005,57,11,9,1,116.10000000000001,5116.13,475.65727272727275,12,0.08333333333333333,Detractor,1
17062,0,2,1,0.0,4,102.64,18,1,1,0,0.0,102.64,102.64,1,0.0,Detractor,0
17063,0,5,1,6.0,8,1461.14,66,7,4,4,39.550000000000004,1421.59,208.73428571428573,11,0.36363636363636365,Detractor,1
17064,1,4,0,5.0,4,855.45,53,3,3,0,0.0,855.45,285.15000000000003,3,0.0,Detractor,0
17065,1,2,1,7.0,8,0.0,0,0,0,1,112.35,-112.35,0.0,1,1.0,Passive,1
17068,0,1,1,3.0,3,4254.6900000000005,102,19,19,1,20.8,4233.89,223.93105263157898,20,0.05,Detractor,1
17069,1,0,1,9.0,6,2126.5,95,7,6,3,40.980000000000004,2085.52,303.7857142857143,10,0.3,Promoter,1
17070,0,4,1,2.0,5,304.24,62,1,1,0,0.0,304.24,304.24,1,0.0,Detractor,0
17071,0,4,1,2.0,2,2429.03,102,9,8,5,43.55,2385.48,269.89222222222224,14,0.35714285714285715,Detractor,1
17073,1,2,1,5.0,7,1446.09,142,4,4,0,0.0,1446.09,361.5225,4,0.0,Detractor,0
17075,1,1,1,6.0,6,834.12,62,4,4,1,20.35,813.77,208.53,5,0.2,Detractor,1
17076,0,3,0,8.0,3,689.5799999999999,14,2,2,0,0.0,689.5799999999999,344.78999999999996,2,0.0,Passive,0
17078,0,3,1,2.0,3,378.2,28,2,1,0,0.0,378.2,189.1,2,0.0,Detractor,0
17079,0,5,1,8.0,6,118.80000000000001,2,1,1,0,0.0,118.80000000000001,118.80000000000001,1,0.0,Passive,0
17080,0,4,1,0.0,8,287.62,8,2,2,1,2.12,285.5,143.81,3,0.3333333333333333,Detractor,1
17081,1,4,1,4.0,2,288.91,55,2,2,0,0.0,288.91,144.455,2,0.0,Detractor,0
17082,1,5,1,2.0,8,2003.85,75,2,2,0,0.0,2003.85,1001.925,2,0.0,Detractor,0
17083,0,3,1,7.0,3,1405.78,24,3,3,0,0.0,1405.78,468.5933333333333,3,0.0,Passive,0
17084,1,2,0,1.0,3,2747.9900000000002,146,2,1,0,0.0,2747.9900000000002,1373.9950000000001,2,0.0,Detractor,0
17085,0,5,0,6.0,7,826.21,74,3,3,0,0.0,826.21,275.40333333333336,3,0.0,Detractor,0
17086,1,2,0,3.0,9,2050.08,76,6,6,0,0.0,2050.08,341.68,6,0.0,Detractor,0
17088,0,4,0,5.0,3,1991.01,96,4,4,0,0.0,1991.01,497.7525,4,0.0,Detractor,0
17090,1,2,1,5.0,5,1913.45,45,6,6,1,2.1,1911.3500000000001,318.90833333333336,7,0.14285714285714285,Detractor,1
17091,1,2,0,7.0,4,3534.31,115,8,6,1,24.95,3509.36,441.78875,9,0.1111111111111111,Passive,1
17092,0,4,0,4.0,6,1774.03,99,4,4,0,0.0,1774.03,443.5075,4,0.0,Detractor,0
17094,0,4,0,4.0,7,302.0,14,1,1,1,31.8,270.20000000000005,302.0,2,0.5,Detractor,1
17095,1,2,0,8.0,4,1324.16,69,3,3,3,235.95999999999998,1088.2,441.3866666666667,6,0.5,Passive,1
17096,0,2,1,2.0,2,1022.13,46,4,4,3,29.449999999999996,992.6800000000001,255.5325,7,0.42857142857142855,Detractor,1
17100,1,3,1,4.0,7,971.74,65,2,1,0,0.0,971.74,485.87,2,0.0,Detractor,0
17101,1,2,0,7.0,8,1621.73,28,4,4,0,0.0,1621.73,405.4325,4,0.0,Passive,0
17102,1,4,0,2.0,6,25.5,1,1,1,0,0.0,25.5,25.5,1,0.0,Detractor,0
17105,0,3,1,3.0,5,665.78,80,2,2,0,0.0,665.78,332.89,2,0.0,Detractor,0
17107,1,3,0,7.0,6,10797.48,269,6,5,1,435.0,10362.48,1799.58,7,0.14285714285714285,Passive,1
17109,1,3,1,1.0,6,881.29,107,6,4,2,15.36,865.9300000000001,146.88166666666666,8,0.25,Detractor,1
17110,1,1,1,4.0,2,163.29999999999998,12,1,1,0,0.0,163.29999999999998,163.29999999999998,1,0.0,Detractor,0
17111,0,2,1,5.0,8,231.61,29,1,1,0,0.0,231.61,231.61,1,0.0,Detractor,0
17114,1,3,1,10.0,4,801.12,85,8,8,2,61.4,739.72,100.14,10,0.2,Promoter,1
17115,0,2,0,5.0,3,837.5,33,3,3,2,30.599999999999998,806.9000000000001,279.1666666666667,5,0.4,Detractor,1
17117,0,0,0,3.0,4,116.19999999999999,9,1,1,0,0.0,116.19999999999999,116.19999999999999,1,0.0,Detractor,0
17118,0,1,0,4.0,2,157.02,10,1,1,0,0.0,157.02,157.02,1,0.0,Detractor,0
17119,0,4,0,6.0,6,606.91,35,2,2,1,13.3,593.61,303.455,3,0.3333333333333333,Detractor,1
17120,1,2,1,10.0,9,307.46,18,1,1,0,0.0,307.46,307.46,1,0.0,Promoter,0
17122,1,0,0,3.0,4,138.32,7,1,1,0,0.0,138.32,138.32,1,0.0,Detractor,0
17123,1,3,0,10.0,4,345.29999999999995,9,1,1,0,0.0,345.29999999999995,345.29999999999995,1,0.0,Promoter,0
17124,1,0,1,2.0,6,294.24,31,1,1,0,0.0,294.24,294.24,1,0.0,Detractor,0
17125,0,4,0,0.0,3,230.5,34,1,1,0,0.0,230.5,230.5,1,0.0,Detractor,0
17126,1,4,1,3.0,6,787.5,149,4,2,1,2.95,784.55,196.875,5,0.2,Detractor,1
17128,0,4,0,2.0,5,157.09,14,1,1,0,0.0,157.09,157.09,1,0.0,Detractor,0
17131,0,0,1,7.0,5,2463.17,78,5,4,0,0.0,2463.17,492.634,5,0.0,Passive,0
17133,0,3,0,1.0,4,4892.240000000001,13,7,6,0,0.0,4892.240000000001,698.8914285714287,7,0.0,Detractor,0
17134,0,3,1,7.0,9,413.2,21,2,2,0,0.0,413.2,206.6,2,0.0,Passive,0
17135,0,5,0,1.0,2,924.15,32,6,4,0,0.0,924.15,154.025,6,0.0,Detractor,0
17138,0,5,1,6.0,6,380.5,24,1,1,0,0.0,380.5,380.5,1,0.0,Detractor,0
17139,1,0,1,7.0,5,10650.77,309,12,9,3,82.89999999999999,10567.87,887.5641666666667,15,0.2,Passive,1
17140,1,2,1,1.0,8,454.12,16,1,1,0,0.0,454.12,454.12,1,0.0,Detractor,0
17142,1,2,1,3.0,8,579.0,15,1,1,0,0.0,579.0,579.0,1,0.0,Detractor,0
17144,1,3,1,7.0,6,984.57,42,2,2,0,0.0,984.57,492.285,2,0.0,Passive,0
17146,1,4,1,2.0,7,451.53,19,2,2,0,0.0,451.53,225.765,2,0.0,Detractor,0
17147,1,2,1,2.0,8,1714.59,68,4,4,2,34.95,1679.64,428.6475,6,0.3333333333333333,Detractor,1
17148,1,0,0,2.0,5,124.88,9,1,1,0,0.0,124.88,124.88,1,0.0,Detractor,0
17152,1,1,1,3.0,9,1689.5,9,3,2,1,186.0,1503.5,563.1666666666666,4,0.25,Detractor,1
17153,0,4,1,1.0,6,213.78,14,1,1,0,0.0,213.78,213.78,1,0.0,Detractor,0
17154,0,1,1,5.0,4,329.34,23,1,1,0,0.0,329.34,329.34,1,0.0,Detractor,0
17155,0,2,1,4.0,4,251.70000000000002,19,2,2,0,0.0,251.70000000000002,125.85000000000001,2,0.0,Detractor,0
17157,0,3,1,1.0,4,319.0,11,2,2,1,12.450000000000001,306.55,159.5,3,0.3333333333333333,Detractor,1
17158,0,2,1,1.0,3,853.18,40,2,2,0,0.0,853.18,426.59,2,0.0,Detractor,0
17159,0,0,1,6.0,7,1538.88,96,3,3,1,4.15,1534.73,512.96,4,0.25,Detractor,1
17160,1,1,1,10.0,5,3518.03,111,6,6,0,0.0,3518.03,586.3383333333334,6,0.0,Promoter,0
17162,0,3,1,4.0,7,1715.46,81,10,6,1,8.25,1707.21,171.546,11,0.09090909090909091,Detractor,1
17163,0,4,1,1.0,5,293.1,3,2,2,0,0.0,293.1,146.55,2,0.0,Detractor,0
17164,0,2,0,3.0,2,2467.35,92,7,5,1,0.95,2466.4,352.4785714285714,8,0.125,Detractor,1
17165,1,5,0,6.0,3,158.68,10,1,1,0,0.0,158.68,158.68,1,0.0,Detractor,0
17166,1,2,1,8.0,3,206.34,11,2,2,1,16.85,189.49,103.17,3,0.3333333333333333,Passive,1
17169,1,5,0,6.0,2,835.78,51,2,2,2,18.900000000000002,816.88,417.89,4,0.5,Detractor,1
17171,0,2,1,8.0,8,224.91,16,1,1,0,0.0,224.91,224.91,1,0.0,Passive,0
17172,0,1,0,4.0,5,317.76,15,1,1,1,4.5,313.26,317.76,2,0.5,Detractor,1
17173,1,1,1,6.0,5,3766.6,36,8,7,1,10.95,3755.65,470.825,9,0.1111111111111111,Detractor,1
17174,0,5,1,8.0,6,59.9,4,1,1,0,0.0,59.9,59.9,1,0.0,Passive,0
17175,0,2,1,8.0,9,1443.69,42,4,4,1,12.75,1430.94,360.9225,5,0.2,Passive,1
17176,1,1,1,8.0,8,306.13,15,1,1,0,0.0,306.13,306.13,1,0.0,Passive,0
17179,1,0,1,7.0,7,468.79,47,2,2,0,0.0,468.79,234.395,2,0.0,Passive,0
17180,1,2,1,8.0,8,783.97,91,4,3,2,15.649999999999999,768.32,195.9925,6,0.3333333333333333,Passive,1
17181,1,2,0,5.0,6,84.39999999999999,21,1,1,0,0.0,84.39999999999999,84.39999999999999,1,0.0,Detractor,0
17183,0,2,0,3.0,9,3347.31,42,6,6,2,60.400000000000006,3286.9100000000003,557.885,8,0.25,Detractor,1
17186,0,2,0,1.0,6,144.0,1,2,2,0,0.0,144.0,72.0,2,0.0,Detractor,0
17187,0,5,0,0.0,5,203.95,10,1,1,0,0.0,203.95,203.95,1,0.0,Detractor,0
17188,1,2,0,1.0,4,1960.59,67,6,5,1,89.15,1871.44,326.765,7,0.14285714285714285,Detractor,1
17189,1,1,1,8.0,7,157.18,23,1,1,0,0.0,157.18,157.18,1,0.0,Passive,0
17190,0,3,1,6.0,3,444.74,19,2,2,1,195.0,249.74,222.37,3,0.3333333333333333,Detractor,1
17191,1,4,1,3.0,8,1583.57,119,4,4,0,0.0,1583.57,395.8925,4,0.0,Detractor,0
17193,1,2,1,3.0,6,1699.3000000000002,17,7,5,2,24.84,1674.46,242.7571428571429,9,0.2222222222222222,Detractor,1
17194,1,4,1,10.0,7,10.0,1,1,1,0,0.0,10.0,10.0,1,0.0,Promoter,0
17197,1,3,1,10.0,7,1013.01,29,1,1,0,0.0,1013.01,1013.01,1,0.0,Promoter,0
17198,1,5,1,8.0,6,170.56,17,1,1,0,0.0,170.56,170.56,1,0.0,Passive,0
17201,1,5,0,8.0,8,289.78,38,1,1,0,0.0,289.78,289.78,1,0.0,Passive,0
17203,0,5,1,3.0,2,3560.08,116,6,3,0,0.0,3560.08,593.3466666666667,6,0.0,Detractor,0
17204,1,3,0,0.0,3,1564.56,44,4,3,4,143.95000000000002,1420.6100000000001,391.14,8,0.5,Detractor,1
17205,1,3,0,9.0,7,384.08,13,1,1,0,0.0,384.08,384.08,1,0.0,Promoter,0
17206,0,3,1,2.0,5,204.24,7,1,1,0,0.0,204.24,204.24,1,0.0,Detractor,0
17211,0,3,1,6.0,2,1537.51,110,5,5,1,17.55,1519.96,307.502,6,0.16666666666666666,Detractor,1
17212,1,5,0,3.0,4,226.85,4,1,1,0,0.0,226.85,226.85,1,0.0,Detractor,0
17213,0,5,0,5.0,3,2165.38,72,5,4,3,14.350000000000001,2151.03,433.076,8,0.375,Detractor,1
17214,0,0,1,1.0,8,888.07,71,5,5,1,85.0,803.07,177.614,6,0.16666666666666666,Detractor,1
17217,0,2,0,6.0,7,113.5,9,1,1,0,0.0,113.5,113.5,1,0.0,Detractor,0
17218,0,1,1,8.0,6,1350.69,111,7,7,0,0.0,1350.69,192.9557142857143,7,0.0,Passive,0
17219,1,1,0,10.0,2,114.23,24,1,1,0,0.0,114.23,114.23,1,0.0,Promoter,0
17220,0,4,1,3.0,8,2870.05,284,13,9,0,0.0,2870.05,220.77307692307693,13,0.0,Detractor,0
17221,0,0,1,6.0,3,334.48,59,2,2,0,0.0,334.48,167.24,2,0.0,Detractor,0
17222,0,5,1,6.0,7,328.65,27,1,1,0,0.0,328.65,328.65,1,0.0,Detractor,0
17223,0,4,1,1.0,6,124.05,18,1,1,0,0.0,124.05,124.05,1,0.0,Detractor,0
17226,0,4,0,8.0,6,393.49,21,1,1,0,0.0,393.49,393.49,1,0.0,Passive,0
17227,0,1,1,7.0,6,797.07,23,5,5,0,0.0,797.07,159.41400000000002,5,0.0,Passive,0
17228,0,2,0,2.0,2,1550.14,130,6,6,0,0.0,1550.14,258.3566666666667,6,0.0,Detractor,0
17229,0,4,0,5.0,8,318.76,39,2,2,0,0.0,318.76,159.38,2,0.0,Detractor,0
17230,0,5,0,7.0,6,878.4,26,2,2,2,9.5,868.9,439.2,4,0.5,Passive,1
17231,1,4,1,8.0,5,2892.71,275,9,9,3,30.799999999999997,2861.91,321.4122222222222,12,0.25,Passive,1
17232,1,4,0,5.0,5,417.77,30,2,2,0,0.0,417.77,208.885,2,0.0,Detractor,0
17233,1,3,1,2.0,5,190.88,25,1,1,0,0.0,190.88,190.88,1,0.0,Detractor,0
17234,1,4,0,6.0,9,149.89000000000001,14,1,1,0,0.0,149.89000000000001,149.89000000000001,1,0.0,Detractor,0
17235,0,0,1,3.0,8,208.16,19,1,1,0,0.0,208.16,208.16,1,0.0,Detractor,0
17236,0,1,0,3.0,4,789.85,84,5,5,0,0.0,789.85,157.97,5,0.0,Detractor,0
17237,1,5,1,5.0,7,314.69,18,2,2,0,0.0,314.69,157.345,2,0.0,Detractor,0
17238,0,3,0,5.0,3,3349.01,269,15,14,0,0.0,3349.01,223.26733333333334,15,0.0,Detractor,0
17239,1,1,1,9.0,4,382.5,15,1,1,0,0.0,382.5,382.5,1,0.0,Promoter,0
17242,0,4,0,5.0,3,1135.04,30,2,2,0,0.0,1135.04,567.52,2,0.0,Detractor,0
17243,0,3,1,3.0,4,7711.9,172,23,23,4,48.3,7663.6,335.3,27,0.14814814814814814,Detractor,1
17244,0,4,1,0.0,7,954.9,31,1,1,0,0.0,954.9,954.9,1,0.0,Detractor,0
17245,1,3,1,3.0,5,171.45,9,1,1,0,0.0,171.45,171.45,1,0.0,Detractor,0
17247,0,4,1,7.0,3,280.09000000000003,53,1,1,0,0.0,280.09000000000003,280.09000000000003,1,0.0,Passive,0
17248,1,3,0,2.0,6,318.65,68,1,1,0,0.0,318.65,318.65,1,0.0,Detractor,0
17250,0,3,1,4.0,3,381.97,55,2,2,0,0.0,381.97,190.985,2,0.0,Detractor,0
17252,0,1,1,7.0,5,348.91,86,2,2,0,0.0,348.91,174.455,2,0.0,Passive,0
17253,1,4,0,4.0,4,178.26,18,1,1,0,0.0,178.26,178.26,1,0.0,Detractor,0
17254,0,1,1,2.0,4,271.19,100,2,2,0,0.0,271.19,135.595,2,0.0,Detractor,0
17255,0,1,1,5.0,2,291.48,69,2,2,0,0.0,291.48,145.74,2,0.0,Detractor,0
17256,0,3,1,8.0,5,240.0,12,2,2,0,0.0,240.0,120.0,2,0.0,Passive,0
17259,0,4,0,1.0,5,213.28,34,1,1,0,0.0,213.28,213.28,1,0.0,Detractor,0
17262,0,3,0,4.0,4,984.5,9,4,3,0,0.0,984.5,246.125,4,0.0,Detractor,0
17263,0,1,0,8.0,5,63.440000000000005,23,1,1,0,0.0,63.440000000000005,63.440000000000005,1,0.0,Passive,0
17265,0,5,1,5.0,2,550.01,106,2,2,0,0.0,550.01,275.005,2,0.0,Detractor,0
17266,1,2,1,7.0,4,296.58,60,3,3,0,0.0,296.58,98.86,3,0.0,Passive,0
17267,0,0,0,6.0,9,317.2,37,2,1,0,0.0,317.2,158.6,2,0.0,Detractor,0
17268,1,4,1,3.0,3,763.64,3,4,4,0,0.0,763.64,190.91,4,0.0,Detractor,0
17272,1,0,1,9.0,6,2148.63,70,4,4,1,4.1,2144.53,537.1575,5,0.2,Promoter,1
17274,1,4,0,10.0,5,107.82,24,1,1,0,0.0,107.82,107.82,1,0.0,Promoter,0
17277,1,1,0,5.0,7,1065.3500000000001,67,2,2,0,0.0,1065.3500000000001,532.6750000000001,2,0.0,Detractor,0
17278,0,2,0,5.0,5,246.04,15,1,1,0,0.0,246.04,246.04,1,0.0,Detractor,0
17279,1,2,1,5.0,5,187.82999999999998,8,1,1,0,0.0,187.82999999999998,187.82999999999998,1,0.0,Detractor,0
17282,0,2,1,2.0,2,1685.46,79,3,3,0,0.0,1685.46,561.82,3,0.0,Detractor,0
17284,0,5,0,5.0,9,1647.48,229,6,6,1,10.9,1636.58,274.58,7,0.14285714285714285,Detractor,1
17286,1,2,1,6.0,6,151.37,44,1,1,0,0.0,151.37,151.37,1,0.0,Detractor,0
17287,0,1,0,2.0,3,826.36,77,5,5,0,0.0,826.36,165.272,5,0.0,Detractor,0
17288,0,0,0,5.0,6,1284.07,115,6,6,0,0.0,1284.07,214.01166666666666,6,0.0,Detractor,0
17289,0,4,0,8.0,8,931.02,86,3,3,1,8.25,922.77,310.34,4,0.25,Passive,1
17290,1,4,1,9.0,6,513.01,92,2,2,0,0.0,513.01,256.505,2,0.0,Promoter,0
17291,1,2,1,7.0,8,550.8000000000001,1,1,1,0,0.0,550.8000000000001,550.8000000000001,1,0.0,Passive,0
17293,0,0,0,2.0,2,1507.92,87,8,7,0,0.0,1507.92,188.49,8,0.0,Detractor,0
17295,0,0,0,2.0,2,547.0,53,3,2,0,0.0,547.0,182.33333333333334,3,0.0,Detractor,0
17297,0,3,0,2.0,3,128.18,49,1,1,0,0.0,128.18,128.18,1,0.0,Detractor,0
17298,0,1,0,3.0,4,498.42,30,2,2,0,0.0,498.42,249.21,2,0.0,Detractor,0
17299,1,0,0,8.0,8,656.61,50,4,4,0,0.0,656.61,164.1525,4,0.0,Passive,0
17301,1,4,0,8.0,6,163.24,59,1,1,0,0.0,163.24,163.24,1,0.0,Passive,0
17302,1,4,1,9.0,5,1135.63,68,5,5,1,15.7,1119.93,227.12600000000003,6,0.16666666666666666,Promoter,1
17306,0,3,0,8.0,3,8307.31,13,18,14,2,30.580000000000002,8276.73,461.5172222222222,20,0.1,Passive,1
17309,0,4,0,2.0,6,82.75,11,1,1,0,0.0,82.75,82.75,1,0.0,Detractor,0
17311,0,0,1,6.0,7,1384.85,55,2,2,0,0.0,1384.85,692.425,2,0.0,Detractor,0
17312,0,0,0,7.0,8,644.3,11,3,3,0,0.0,644.3,214.76666666666665,3,0.0,Passive,0
17313,1,4,0,5.0,5,2328.84,24,1,1,1,40.71,2288.13,2328.84,2,0.5,Detractor,1
17314,0,3,0,5.0,5,2527.92,120,8,8,3,13.159999999999998,2514.76,315.99,11,0.2727272727272727,Detractor,1
17315,1,1,1,3.0,2,6172.31,239,37,34,4,37.9,6134.41,166.8191891891892,41,0.0975609756097561,Detractor,1
17317,0,3,1,5.0,5,2600.34,8,3,3,2,76.32000000000001,2524.02,866.7800000000001,5,0.4,Detractor,1
17320,0,3,0,4.0,8,749.7,48,2,2,0,0.0,749.7,374.85,2,0.0,Detractor,0
17321,1,2,0,9.0,5,657.16,94,2,2,0,0.0,657.16,328.58,2,0.0,Promoter,0
17323,0,3,1,1.0,4,906.52,125,7,7,2,12.08,894.44,129.50285714285715,9,0.2222222222222222,Detractor,1
17324,0,3,0,3.0,3,859.43,40,3,3,0,0.0,859.43,286.47666666666663,3,0.0,Detractor,0
17325,1,3,1,6.0,4,96.8,6,1,1,0,0.0,96.8,96.8,1,0.0,Detractor,0
17329,0,5,1,1.0,3,523.11,29,2,2,0,0.0,523.11,261.555,2,0.0,Detractor,0
17330,0,4,1,1.0,5,363.9,5,2,2,0,0.0,363.9,181.95,2,0.0,Detractor,0
17331,0,1,1,2.0,2,175.2,1,1,1,0,0.0,175.2,175.2,1,0.0,Detractor,0
17333,1,0,0,6.0,4,494.25,28,1,1,0,0.0,494.25,494.25,1,0.0,Detractor,0
17334,1,3,1,6.0,6,307.02,11,2,2,1,0.42,306.6,153.51,3,0.3333333333333333,Detractor,1
17337,0,4,1,8.0,8,1981.06,421,4,4,3,83.55000000000001,1897.51,495.265,7,0.42857142857142855,Passive,1
17338,1,3,0,8.0,8,5725.9400000000005,368,7,7,2,31.749999999999996,5694.1900000000005,817.9914285714286,9,0.2222222222222222,Passive,1
17339,0,2,1,2.0,6,183.36,5,1,1,0,0.0,183.36,183.36,1,0.0,Detractor,0
17340,0,3,1,8.0,7,7992.900000000001,159,9,6,4,194.99,7797.91,888.1,13,0.3076923076923077,Passive,1
17341,1,1,1,0.0,7,265.68,21,2,1,0,0.0,265.68,132.84,2,0.0,Detractor,0
17344,0,1,0,2.0,6,157.62,31,1,1,0,0.0,157.62,157.62,1,0.0,Detractor,0
17345,0,3,1,3.0,8,519.6899999999999,70,4,3,0,0.0,519.6899999999999,129.92249999999999,4,0.0,Detractor,0
17346,1,0,0,4.0,7,2387.54,278,13,12,1,64.98,2322.56,183.65692307692308,14,0.07142857142857142,Detractor,1
17347,0,1,1,5.0,8,228.96,1,1,1,0,0.0,228.96,228.96,1,0.0,Detractor,0
17348,0,5,0,5.0,5,1156.6,180,5,5,0,0.0,1156.6,231.32,5,0.0,Detractor,0
17349,0,3,0,0.0,3,98.25,8,1,1,0,0.0,98.25,98.25,1,0.0,Detractor,0
17350,0,4,1,6.0,3,1281.32,66,4,3,1,29.88,1251.44,320.33,5,0.2,Detractor,1
17351,0,1,0,2.0,3,587.15,22,3,3,0,0.0,587.15,195.71666666666667,3,0.0,Detractor,0
17353,0,3,1,0.0,8,1740.0,5,2,2,0,0.0,1740.0,870.0,2,0.0,Detractor,0
17354,0,4,1,6.0,4,1393.06,15,1,1,0,0.0,1393.06,1393.06,1,0.0,Detractor,0
17356,0,3,0,3.0,4,178.22,19,1,1,0,0.0,178.22,178.22,1,0.0,Detractor,0
17357,0,5,0,2.0,4,384.39,41,2,1,0,0.0,384.39,192.195,2,0.0,Detractor,0
17358,0,4,1,6.0,3,119.15,17,1,1,0,0.0,119.15,119.15,1,0.0,Detractor,0
17359,0,1,0,8.0,4,127.86,13,1,1,0,0.0,127.86,127.86,1,0.0,Passive,0
17360,0,4,1,7.0,5,568.24,113,3,2,0,0.0,568.24,189.41333333333333,3,0.0,Passive,0
17361,1,2,0,9.0,2,488.2,26,3,3,0,0.0,488.2,162.73333333333332,3,0.0,Promoter,0
17362,1,2,1,5.0,2,312.23,30,2,2,0,0.0,312.23,156.115,2,0.0,Detractor,0
17364,1,1,1,0.0,8,4462.68,288,11,10,1,25.45,4437.23,405.69818181818187,12,0.08333333333333333,Detractor,1
17365,0,3,1,5.0,5,4767.36,278,8,7,0,0.0,4767.36,595.92,8,0.0,Detractor,0
17367,1,3,1,5.0,5,167.55,33,1,1,0,0.0,167.55,167.55,1,0.0,Detractor,0
17368,1,2,0,8.0,4,1878.87,93,8,8,1,563.15,1315.72,234.85875,9,0.1111111111111111,Passive,1
17370,1,3,1,2.0,8,446.18,31,4,4,0,0.0,446.18,111.545,4,0.0,Detractor,0
17371,1,4,1,6.0,5,326.26,78,2,1,0,0.0,326.26,163.13,2,0.0,Detractor,0
17372,1,4,1,1.0,2,970.65,151,6,6,0,0.0,970.65,161.775,6,0.0,Detractor,0
17373,0,4,1,2.0,7,646.92,47,4,4,0,0.0,646.92,161.73,4,0.0,Detractor,0
17374,0,3,0,4.0,3,495.77,24,2,2,0,0.0,495.77,247.885,2,0.0,Detractor,0
17375,1,3,1,3.0,6,290.39,46,2,2,1,27.6,262.79,145.195,3,0.3333333333333333,Detractor,1
17376,1,4,0,9.0,3,203.2,23,2,2,0,0.0,203.2,101.6,2,0.0,Promoter,0
17377,0,1,0,4.0,3,3273.2400000000002,181,17,17,0,0.0,3273.2400000000002,192.54352941176472,17,0.0,Detractor,0
17379,1,4,1,9.0,8,389.71999999999997,71,1,1,0,0.0,389.71999999999997,389.71999999999997,1,0.0,Promoter,0
17381,0,3,0,4.0,5,16671.89,38,26,18,1,3.18,16668.71,641.2265384615384,27,0.037037037037037035,Detractor,1
17382,1,2,0,1.0,7,65.4,2,1,1,0,0.0,65.4,65.4,1,0.0,Detractor,0
17383,1,3,1,6.0,7,193.39000000000001,49,1,1,0,0.0,193.39000000000001,193.39000000000001,1,0.0,Detractor,0
17384,0,1,1,5.0,8,336.4,12,2,2,0,0.0,336.4,168.2,2,0.0,Detractor,0
17385,1,3,1,2.0,6,256.11,42,1,1,0,0.0,256.11,256.11,1,0.0,Detractor,0
17386,1,5,0,3.0,3,2686.42,23,6,4,0,0.0,2686.42,447.7366666666667,6,0.0,Detractor,0
17387,1,3,1,4.0,6,746.81,71,2,2,0,0.0,746.81,373.405,2,0.0,Detractor,0
17388,1,2,0,8.0,8,1259.56,13,4,4,0,0.0,1259.56,314.89,4,0.0,Passive,0
17389,0,3,0,6.0,5,31833.68,45,34,32,9,533.6,31300.079999999998,936.2847058823529,43,0.20930232558139536,Detractor,1
17391,1,4,1,8.0,4,508.8,2,2,2,0,0.0,508.8,254.4,2,0.0,Passive,0
17392,0,2,1,3.0,8,145.5,13,1,1,0,0.0,145.5,145.5,1,0.0,Detractor,0
17394,0,3,0,3.0,2,203.86999999999998,4,1,1,0,0.0,203.86999999999998,203.86999999999998,1,0.0,Detractor,0
17396,0,3,1,7.0,4,6933.3,24,7,3,0,0.0,6933.3,990.4714285714286,7,0.0,Passive,0
17397,1,1,1,10.0,9,681.41,88,2,1,0,0.0,681.41,340.705,2,0.0,Promoter,0
17398,1,2,0,8.0,5,653.38,30,3,3,0,0.0,653.38,217.79333333333332,3,0.0,Passive,0
17400,0,5,0,6.0,2,1673.67,147,4,4,0,0.0,1673.67,418.4175,4,0.0,Detractor,0
17402,0,3,1,7.0,6,2173.88,13,11,11,0,0.0,2173.88,197.62545454545455,11,0.0,Passive,0
17403,0,3,1,7.0,2,263.92,32,1,1,0,0.0,263.92,263.92,1,0.0,Passive,0
17405,0,4,1,4.0,4,1031.41,77,3,3,2,64.19,967.22,343.80333333333334,5,0.4,Detractor,1
17406,0,0,0,0.0,9,1482.32,86,2,1,2,271.7,1210.62,741.16,4,0.5,Detractor,1
17408,0,3,0,6.0,6,32.65,2,1,1,0,0.0,32.65,32.65,1,0.0,Detractor,0
17409,0,2,0,1.0,7,771.85,13,2,2,0,0.0,771.85,385.925,2,0.0,Detractor,0
17410,0,0,0,3.0,7,1214.72,57,5,5,0,0.0,1214.72,242.94400000000002,5,0.0,Detractor,0
17411,0,3,0,4.0,3,778.94,39,3,3,0,0.0,778.94,259.6466666666667,3,0.0,Detractor,0
17412,0,1,0,1.0,5,810.3,33,5,5,0,0.0,810.3,162.06,5,0.0,Detractor,0
17414,0,3,0,6.0,8,778.0,5,2,2,0,0.0,778.0,389.0,2,0.0,Detractor,0
17415,0,5,0,6.0,7,507.84,14,1,1,0,0.0,507.84,507.84,1,0.0,Detractor,0
17416,0,5,1,6.0,3,6893.42,186,7,7,2,55.08,6838.34,984.7742857142857,9,0.2222222222222222,Detractor,1
17418,0,2,0,8.0,8,463.46000000000004,29,2,2,0,0.0,463.46000000000004,231.73000000000002,2,0.0,Passive,0
17419,0,2,0,3.0,5,3852.3,143,10,10,2,25.6,3826.7,385.23,12,0.16666666666666666,Detractor,1
17420,0,2,0,5.0,3,467.98,23,2,2,0,0.0,467.98,233.99,2,0.0,Detractor,0
17422,0,2,0,6.0,4,1979.37,93,6,6,4,126.24000000000001,1853.1299999999999,329.895,10,0.4,Detractor,1
17423,0,4,0,5.0,8,698.41,26,2,2,2,34.78,663.63,349.205,4,0.5,Detractor,1
17425,0,2,1,3.0,5,759.17,42,2,2,0,0.0,759.17,379.585,2,0.0,Detractor,0
17426,0,3,1,3.0,8,5037.26,179,6,4,1,15.0,5022.26,839.5433333333334,7,0.14285714285714285,Detractor,1
17427,0,3,0,4.0,7,100.8,2,1,1,0,0.0,100.8,100.8,1,0.0,Detractor,0
17428,0,0,1,0.0,9,16362.9,243,26,19,5,178.4,16184.5,629.3423076923077,31,0.16129032258064516,Detractor,1
17429,0,4,1,4.0,6,524.9200000000001,36,3,3,1,12.8,512.12,174.97333333333336,4,0.25,Detractor,1
17430,0,4,0,5.0,9,153.16,9,1,1,0,0.0,153.16,153.16,1,0.0,Detractor,0
17431,0,1,0,8.0,6,403.3,41,1,1,0,0.0,403.3,403.3,1,0.0,Passive,0
17432,0,2,1,6.0,7,365.76,44,2,2,0,0.0,365.76,182.88,2,0.0,Detractor,0
17433,0,4,0,2.0,3,303.15999999999997,53,1,1,0,0.0,303.15999999999997,303.15999999999997,1,0.0,Detractor,0
17434,0,4,0,2.0,9,2373.82,100,7,7,2,40.4,2333.42,339.1171428571429,9,0.2222222222222222,Detractor,1
17436,0,5,1,8.0,3,216.29999999999998,7,2,2,0,0.0,216.29999999999998,108.14999999999999,2,0.0,Passive,0
17438,1,1,1,7.0,4,388.45000000000005,17,1,1,1,10.15,378.3,388.45000000000005,2,0.5,Passive,1
17440,0,3,1,2.0,4,186.42000000000002,3,3,2,2,9.32,177.1,62.14000000000001,5,0.4,Detractor,1
17442,0,3,0,3.0,3,2248.56,96,6,6,3,21.3,2227.2599999999998,374.76,9,0.3333333333333333,Detractor,1
17446,1,1,0,1.0,8,120.9,6,2,2,0,0.0,120.9,60.45,2,0.0,Detractor,0
17447,1,4,0,7.0,7,541.53,33,2,2,0,0.0,541.53,270.765,2,0.0,Passive,0
17448,1,0,1,7.0,8,0.0,0,0,0,1,4287.63,-4287.63,0.0,1,1.0,Passive,1
17449,0,1,1,0.0,7,1834.95,145,6,5,1,16.0,1818.95,305.825,7,0.14285714285714285,Detractor,1
17450,1,1,1,3.0,9,192361.95,124,44,26,9,7068.620000000001,185293.33,4371.8625,53,0.16981132075471697,Detractor,1
17451,0,5,1,6.0,4,1721.4,83,7,5,3,72.45,1648.95,245.91428571428574,10,0.3,Detractor,1
17453,1,2,1,9.0,4,486.71999999999997,19,2,2,0,0.0,486.71999999999997,243.35999999999999,2,0.0,Promoter,0
17454,0,5,1,8.0,6,351.68,49,3,3,0,0.0,351.68,117.22666666666667,3,0.0,Passive,0
17455,1,2,1,7.0,8,131.7,8,1,1,0,0.0,131.7,131.7,1,0.0,Passive,0
17457,0,1,1,3.0,3,1737.7,14,5,5,0,0.0,1737.7,347.54,5,0.0,Detractor,0
17458,1,0,1,9.0,6,316.5,52,1,1,0,0.0,316.5,316.5,1,0.0,Promoter,0
17459,0,4,1,2.0,5,657.3,88,2,2,0,0.0,657.3,328.65,2,0.0,Detractor,0
17460,0,4,1,2.0,2,552.13,18,4,4,2,169.8,382.33000000000004,138.0325,6,0.3333333333333333,Detractor,1
17461,1,2,1,5.0,7,735.82,104,3,2,0,0.0,735.82,245.27333333333334,3,0.0,Detractor,0
17462,1,1,1,6.0,6,675.69,25,2,2,1,12.75,662.94,337.845,3,0.3333333333333333,Detractor,1
17463,0,3,0,8.0,3,1875.86,162,5,5,1,15.05,1860.81,375.17199999999997,6,0.16666666666666666,Passive,1
17464,0,3,1,2.0,3,289.96000000000004,9,1,1,0,0.0,289.96000000000004,289.96000000000004,1,0.0,Detractor,0
17466,0,5,1,8.0,6,763.28,41,2,2,0,0.0,763.28,381.64,2,0.0,Passive,0
17468,0,4,1,0.0,8,137.0,5,2,2,0,0.0,137.0,68.5,2,0.0,Detractor,0
17469,1,4,1,4.0,2,1870.97,61,5,5,1,27.91,1843.06,374.194,6,0.16666666666666666,Detractor,1
17470,1,5,1,2.0,8,946.67,59,4,4,0,0.0,946.67,236.6675,4,0.0,Detractor,0
17472,0,3,1,7.0,3,697.54,142,3,3,0,0.0,697.54,232.51333333333332,3,0.0,Passive,0
17475,1,2,0,1.0,3,194.37,14,1,1,0,0.0,194.37,194.37,1,0.0,Detractor,0
17480,0,5,0,6.0,7,511.82,29,1,1,1,5.3100000000000005,506.51,511.82,2,0.5,Detractor,1
17481,1,2,0,3.0,9,1255.59,69,4,4,1,6.25,1249.34,313.8975,5,0.2,Detractor,1
17483,0,4,0,5.0,3,414.04,18,3,3,0,0.0,414.04,138.01333333333335,3,0.0,Detractor,0
17486,1,2,1,5.0,5,396.87,24,1,1,0,0.0,396.87,396.87,1,0.0,Detractor,0
17489,1,2,0,7.0,4,376.64,28,2,2,0,0.0,376.64,188.32,2,0.0,Passive,0
17490,0,4,0,4.0,6,2092.32,63,7,6,4,165.44,1926.8799999999999,298.90285714285716,11,0.36363636363636365,Detractor,1
17491,0,4,0,4.0,7,3231.4700000000003,72,9,9,1,16.95,3214.52,359.05222222222227,10,0.1,Detractor,1
17492,1,2,0,8.0,4,374.57,12,1,1,0,0.0,374.57,374.57,1,0.0,Passive,0
17495,0,2,1,2.0,2,497.56,21,2,2,0,0.0,497.56,248.78,2,0.0,Detractor,0
17498,1,3,1,4.0,7,272.22,17,1,1,0,0.0,272.22,272.22,1,0.0,Detractor,0
17499,1,2,0,7.0,8,622.88,40,1,1,0,0.0,622.88,622.88,1,0.0,Passive,0
17500,1,4,0,2.0,6,1138.0,3,3,3,0,0.0,1138.0,379.3333333333333,3,0.0,Detractor,0
17501,0,3,1,3.0,5,288.6,18,2,1,0,0.0,288.6,144.3,2,0.0,Detractor,0
17502,1,3,0,7.0,6,689.1,25,4,4,0,0.0,689.1,172.275,4,0.0,Passive,0
17503,1,3,1,1.0,6,558.96,36,2,2,0,0.0,558.96,279.48,2,0.0,Detractor,0
17504,1,1,1,4.0,2,2997.0299999999997,112,9,6,1,251.75,2745.2799999999997,333.00333333333333,10,0.1,Detractor,1
17505,0,2,1,5.0,8,1145.84,48,2,2,0,0.0,1145.84,572.92,2,0.0,Detractor,0
17506,1,3,1,10.0,4,302.2,14,1,1,1,7.91,294.29,302.2,2,0.5,Promoter,1
17507,0,2,0,5.0,3,605.58,79,2,2,0,0.0,605.58,302.79,2,0.0,Detractor,0
17509,0,0,0,3.0,4,6083.64,75,8,3,3,14.4,6069.24,760.455,11,0.2727272727272727,Detractor,1
17510,0,1,0,4.0,2,308.48,20,1,1,0,0.0,308.48,308.48,1,0.0,Detractor,0
17511,0,4,0,6.0,6,84351.3,419,28,25,14,2860.68,81490.62,3012.546428571429,42,0.3333333333333333,Detractor,1
17512,1,2,1,10.0,9,2924.9900000000002,61,10,10,1,4.95,2920.04,292.499,11,0.09090909090909091,Promoter,1
17513,1,0,0,3.0,4,513.2,6,1,1,0,0.0,513.2,513.2,1,0.0,Detractor,0
17514,1,3,0,10.0,4,208.65,40,1,1,0,0.0,208.65,208.65,1,0.0,Promoter,0
17515,1,0,1,2.0,6,639.02,49,4,4,0,0.0,639.02,159.755,4,0.0,Detractor,0
17516,0,4,0,0.0,3,764.88,113,5,4,0,0.0,764.88,152.976,5,0.0,Detractor,0
17517,1,4,1,3.0,6,153.94,11,1,1,0,0.0,153.94,153.94,1,0.0,Detractor,0
17519,0,4,0,2.0,5,1508.72,48,5,5,0,0.0,1508.72,301.744,5,0.0,Detractor,0
17520,0,0,1,7.0,5,546.81,30,1,1,0,0.0,546.81,546.81,1,0.0,Passive,0
17521,0,3,0,1.0,4,723.2099999999999,38,3,3,1,1.25,721.9599999999999,241.06999999999996,4,0.25,Detractor,1
17522,0,3,1,7.0,9,1070.71,59,5,5,0,0.0,1070.71,214.142,5,0.0,Passive,0
17523,0,5,0,1.0,2,652.74,25,4,3,0,0.0,652.74,163.185,4,0.0,Detractor,0
17526,0,5,1,6.0,6,957.3,12,2,2,3,474.19999999999993,483.1,478.65,5,0.6,Detractor,1
17527,1,0,1,7.0,5,939.37,45,4,4,2,50.510000000000005,888.86,234.8425,6,0.3333333333333333,Passive,1
17528,1,2,1,1.0,8,3628.5,183,8,7,3,88.4,3540.1,453.5625,11,0.2727272727272727,Detractor,1
17530,1,2,1,3.0,8,2066.48,268,9,8,0,0.0,2066.48,229.60888888888888,9,0.0,Detractor,0
17531,1,3,1,7.0,6,296.7,14,1,1,1,3.25,293.45,296.7,2,0.5,Passive,1
17534,1,4,1,2.0,7,223.36,9,1,1,0,0.0,223.36,223.36,1,0.0,Detractor,0
17535,1,2,1,2.0,8,164.4,13,1,1,0,0.0,164.4,164.4,1,0.0,Detractor,0
17536,1,0,0,2.0,5,76.5,3,1,1,0,0.0,76.5,76.5,1,0.0,Detractor,0
17537,1,1,1,3.0,9,887.67,74,2,2,0,0.0,887.67,443.835,2,0.0,Detractor,0
17538,0,4,1,1.0,6,98.42,9,1,1,0,0.0,98.42,98.42,1,0.0,Detractor,0
17540,0,1,1,5.0,4,578.9,20,2,2,1,8.5,570.4,289.45,3,0.3333333333333333,Detractor,1
17542,0,2,1,4.0,4,170.75,24,1,1,0,0.0,170.75,170.75,1,0.0,Detractor,0
17545,0,3,1,1.0,4,642.32,122,3,1,0,0.0,642.32,214.10666666666668,3,0.0,Detractor,0
17548,0,2,1,1.0,3,103.3,5,1,1,1,103.3,0.0,103.3,2,0.5,Detractor,1
17549,0,0,1,6.0,7,148.86,5,2,2,0,0.0,148.86,74.43,2,0.0,Detractor,0
17550,1,1,1,10.0,5,267.16,42,3,2,0,0.0,267.16,89.05333333333334,3,0.0,Promoter,0
17552,0,3,1,4.0,7,631.89,35,2,2,2,20.45,611.4399999999999,315.945,4,0.5,Detractor,1
17553,0,4,1,1.0,5,1487.6,2,1,1,0,0.0,1487.6,1487.6,1,0.0,Detractor,0
17554,0,2,0,3.0,2,1952.45,58,5,5,0,0.0,1952.45,390.49,5,0.0,Detractor,0
17555,1,5,0,6.0,3,480.31,101,2,2,0,0.0,480.31,240.155,2,0.0,Detractor,0
17556,1,2,1,8.0,3,157.9,6,1,1,0,0.0,157.9,157.9,1,0.0,Passive,0
17557,1,5,0,6.0,2,541.46,27,3,3,0,0.0,541.46,180.48666666666668,3,0.0,Detractor,0
17560,0,2,1,8.0,8,854.95,22,5,5,0,0.0,854.95,170.99,5,0.0,Passive,0
17561,0,1,0,4.0,5,165.12,44,1,1,0,0.0,165.12,165.12,1,0.0,Detractor,0
17562,1,1,1,6.0,5,1122.38,48,7,7,1,15.0,1107.38,160.34,8,0.125,Detractor,1
17564,0,5,1,8.0,6,454.01,38,3,3,0,0.0,454.01,151.33666666666667,3,0.0,Passive,0
17566,0,2,1,8.0,9,869.77,113,2,2,0,0.0,869.77,434.885,2,0.0,Passive,0
17567,1,1,1,8.0,8,3813.5299999999997,98,7,7,2,318.91999999999996,3494.61,544.79,9,0.2222222222222222,Passive,1
17569,1,0,1,7.0,7,344.14,29,1,1,0,0.0,344.14,344.14,1,0.0,Passive,0
17571,1,2,1,8.0,8,1425.67,247,4,4,0,0.0,1425.67,356.4175,4,0.0,Passive,0
17572,1,2,0,5.0,6,155.95000000000002,6,3,3,0,0.0,155.95000000000002,51.98333333333334,3,0.0,Detractor,0
17573,0,2,0,3.0,9,380.6,24,3,3,1,17.700000000000003,362.9,126.86666666666667,4,0.25,Detractor,1
17574,0,2,0,1.0,6,185.65,8,1,1,0,0.0,185.65,185.65,1,0.0,Detractor,0
17576,0,5,0,0.0,5,3267.83,234,17,16,3,164.9,3102.93,192.22529411764705,20,0.15,Detractor,1
17578,1,2,0,1.0,4,143.45999999999998,5,1,1,1,18.72,124.74,143.45999999999998,2,0.5,Detractor,1
17579,1,1,1,8.0,7,448.90000000000003,46,3,3,1,8.7,440.2,149.63333333333335,4,0.25,Passive,1
17580,0,3,1,6.0,3,168.87,41,2,2,0,0.0,168.87,84.435,2,0.0,Detractor,0
17581,1,4,1,3.0,8,10238.460000000001,214,23,9,5,291.22999999999996,9947.23,445.1504347826087,28,0.17857142857142858,Detractor,1
17582,1,2,1,3.0,6,175.27,28,1,1,0,0.0,175.27,175.27,1,0.0,Detractor,0
17584,1,4,1,10.0,7,1242.3,30,2,2,1,15.0,1227.3,621.15,3,0.3333333333333333,Promoter,1
17585,1,3,1,10.0,7,1116.68,176,4,4,0,0.0,1116.68,279.17,4,0.0,Promoter,0
17588,1,5,1,8.0,6,1240.2,19,3,3,0,0.0,1240.2,413.40000000000003,3,0.0,Passive,0
17589,1,5,0,8.0,8,2404.17,172,4,4,0,0.0,2404.17,601.0425,4,0.0,Passive,0
17590,0,5,1,3.0,2,1468.02,162,3,3,0,0.0,1468.02,489.34,3,0.0,Detractor,0
17591,1,3,0,0.0,3,1819.3700000000001,34,6,6,1,10.95,1808.42,303.22833333333335,7,0.14285714285714285,Detractor,1
17593,1,3,0,9.0,7,3260.96,170,4,4,1,15.78,3245.1800000000003,815.24,5,0.2,Promoter,1
17594,0,3,1,2.0,5,993.18,42,2,2,0,0.0,993.18,496.59,2,0.0,Detractor,0
17595,0,3,1,6.0,2,386.69,68,2,2,0,0.0,386.69,193.345,2,0.0,Detractor,0
17596,1,5,0,3.0,4,2415.72,130,6,6,0,0.0,2415.72,402.61999999999995,6,0.0,Detractor,0
17597,0,5,0,5.0,3,2044.3700000000001,55,1,1,0,0.0,2044.3700000000001,2044.3700000000001,1,0.0,Detractor,0
17600,0,0,1,1.0,8,161.67000000000002,13,1,1,0,0.0,161.67000000000002,161.67000000000002,1,0.0,Detractor,0
17601,0,2,0,6.0,7,116.00999999999999,9,1,1,0,0.0,116.00999999999999,116.00999999999999,1,0.0,Detractor,0
17602,0,1,1,8.0,6,5054.42,335,6,6,2,52.2,5002.22,842.4033333333333,8,0.25,Passive,1
17603,1,1,0,10.0,2,394.72,11,1,1,4,1560.02,-1165.3,394.72,5,0.8,Promoter,1
17604,0,4,1,3.0,8,309.36,57,2,2,0,0.0,309.36,154.68,2,0.0,Detractor,0
17608,0,0,1,6.0,3,191.99,54,2,1,0,0.0,191.99,95.995,2,0.0,Detractor,0
17609,0,5,1,6.0,7,1105.78,199,5,4,1,8.3,1097.48,221.156,6,0.16666666666666666,Detractor,1
17611,0,4,1,1.0,6,3716.93,404,14,13,4,36.35,3680.58,265.495,18,0.2222222222222222,Detractor,1
17612,0,4,0,8.0,6,2048.45,116,6,6,4,55.69,1992.76,341.4083333333333,10,0.4,Passive,1
17613,0,1,1,7.0,6,4544.55,211,14,11,3,49.78,4494.77,324.6107142857143,17,0.17647058823529413,Passive,1
17614,0,2,0,2.0,2,386.32,97,1,1,0,0.0,386.32,386.32,1,0.0,Detractor,0
17615,0,4,0,5.0,8,329.6,13,3,3,0,0.0,329.6,109.86666666666667,3,0.0,Detractor,0
17616,0,5,0,7.0,6,244.79999999999998,1,2,2,0,0.0,244.79999999999998,122.39999999999999,2,0.0,Passive,0
17618,1,4,1,8.0,5,651.3,22,2,2,0,0.0,651.3,325.65,2,0.0,Passive,0
17619,1,4,0,5.0,5,214.37,71,1,1,0,0.0,214.37,214.37,1,0.0,Detractor,0
17620,1,3,1,2.0,5,81.44,4,1,1,0,0.0,81.44,81.44,1,0.0,Detractor,0
17621,1,4,0,6.0,9,1140.5,22,2,2,1,43.8,1096.7,570.25,3,0.3333333333333333,Detractor,1
17623,0,0,1,3.0,8,527.0500000000001,33,1,1,0,0.0,527.0500000000001,527.0500000000001,1,0.0,Detractor,0
17624,0,1,0,3.0,4,843.48,49,2,2,0,0.0,843.48,421.74,2,0.0,Detractor,0
17625,1,5,1,5.0,7,2020.4,223,4,4,0,0.0,2020.4,505.1,4,0.0,Detractor,0
17628,0,3,0,5.0,3,75.75,5,1,1,0,0.0,75.75,75.75,1,0.0,Detractor,0
17629,1,1,1,9.0,4,1575.47,101,7,7,1,30.0,1545.47,225.06714285714287,8,0.125,Promoter,1
17630,0,4,0,5.0,3,503.59999999999997,24,2,2,0,0.0,503.59999999999997,251.79999999999998,2,0.0,Detractor,0
17631,0,3,1,3.0,4,528.33,39,3,3,0,0.0,528.33,176.11,3,0.0,Detractor,0
17633,0,4,1,0.0,7,1324.84,59,4,4,1,15.0,1309.84,331.21,5,0.2,Detractor,1
17634,1,3,1,3.0,5,2358.59,209,9,9,0,0.0,2358.59,262.0655555555556,9,0.0,Detractor,0
17636,0,4,1,7.0,3,285.56,20,1,1,1,19.630000000000003,265.93,285.56,2,0.5,Passive,1
17637,1,3,0,2.0,6,547.0600000000001,35,2,2,0,0.0,547.0600000000001,273.53000000000003,2,0.0,Detractor,0
17639,0,3,1,4.0,3,108.5,7,1,1,0,0.0,108.5,108.5,1,0.0,Detractor,0
17640,0,1,1,7.0,5,621.66,5,1,1,0,0.0,621.66,621.66,1,0.0,Passive,0
17642,1,4,0,4.0,4,712.29,34,2,2,0,0.0,712.29,356.145,2,0.0,Detractor,0
17644,0,1,1,2.0,4,2895.64,102,11,8,6,126.66,2768.98,263.24,17,0.35294117647058826,Detractor,1
17646,0,1,1,5.0,2,757.39,39,2,2,1,12.73,744.6600000000001,378.695,3,0.3333333333333333,Detractor,1
17647,0,3,1,8.0,5,133.06,7,1,1,0,0.0,133.06,133.06,1,0.0,Passive,0
17648,0,4,0,1.0,5,1797.5,81,4,3,1,7.95,1789.55,449.375,5,0.2,Detractor,1
17649,0,3,0,4.0,4,868.49,52,1,1,1,6.75,861.74,868.49,2,0.5,Detractor,1
17650,0,1,0,8.0,5,166.08,8,1,1,0,0.0,166.08,166.08,1,0.0,Passive,0
17651,0,5,1,5.0,2,3945.0,149,10,9,4,58.330000000000005,3886.67,394.5,14,0.2857142857142857,Detractor,1
17652,1,2,1,7.0,4,4867.72,118,12,12,6,130.59,4737.13,405.6433333333334,18,0.3333333333333333,Passive,1
17653,0,0,0,6.0,9,1207.56,44,4,4,1,31.679999999999996,1175.88,301.89,5,0.2,Detractor,1
17654,1,4,1,3.0,3,117.55,22,1,1,0,0.0,117.55,117.55,1,0.0,Detractor,0
17655,1,0,1,9.0,6,1962.8400000000001,58,6,6,0,0.0,1962.8400000000001,327.14000000000004,6,0.0,Promoter,0
17656,1,4,0,10.0,5,1674.69,67,5,5,0,0.0,1674.69,334.938,5,0.0,Promoter,0
17658,1,1,0,5.0,7,595.42,17,2,2,1,109.53999999999999,485.88,297.71,3,0.3333333333333333,Detractor,1
17659,0,2,0,5.0,5,2639.51,119,10,10,2,44.709999999999994,2594.8,263.951,12,0.16666666666666666,Detractor,1
17660,1,2,1,5.0,5,178.75,37,1,1,0,0.0,178.75,178.75,1,0.0,Detractor,0
17663,0,2,1,2.0,2,1802.91,63,7,7,2,14.64,1788.27,257.55857142857144,9,0.2222222222222222,Detractor,1
17664,0,5,0,5.0,9,604.64,41,2,2,0,0.0,604.64,302.32,2,0.0,Detractor,0
17666,1,2,1,6.0,6,728.16,14,2,2,0,0.0,728.16,364.08,2,0.0,Detractor,0
17667,0,1,0,2.0,3,2055.51,85,5,4,0,0.0,2055.51,411.10200000000003,5,0.0,Detractor,0
17668,0,0,0,5.0,6,347.75,14,2,2,0,0.0,347.75,173.875,2,0.0,Detractor,0
17669,0,4,0,8.0,8,3406.7200000000003,45,7,7,0,0.0,3406.7200000000003,486.67428571428576,7,0.0,Passive,0
17670,1,4,1,9.0,6,205.7,11,1,1,0,0.0,205.7,205.7,1,0.0,Promoter,0
17671,1,2,1,7.0,8,1178.53,33,3,3,2,288.63,889.9,392.8433333333333,5,0.4,Passive,1
17672,0,0,0,2.0,2,3178.17,105,2,2,2,71.55,3106.62,1589.085,4,0.5,Detractor,1
17673,0,0,0,2.0,2,1594.97,118,6,6,1,6.9,1588.07,265.8283333333333,7,0.14285714285714285,Detractor,1
17674,0,3,0,2.0,3,250.38,16,1,1,0,0.0,250.38,250.38,1,0.0,Detractor,0
17675,0,1,0,3.0,4,19355.16,239,29,27,9,200.58,19154.58,667.4193103448276,38,0.23684210526315788,Detractor,1
17676,1,0,0,8.0,8,1070.48,45,5,5,1,4.41,1066.07,214.096,6,0.16666666666666666,Passive,1
17677,1,4,0,8.0,6,14728.78,162,26,16,12,135.51,14593.27,566.4915384615385,38,0.3157894736842105,Passive,1
17678,1,4,1,9.0,5,298.11,16,1,1,0,0.0,298.11,298.11,1,0.0,Promoter,0
17679,0,3,0,8.0,3,1992.1100000000001,29,2,2,0,0.0,1992.1100000000001,996.0550000000001,2,0.0,Passive,0
17680,0,4,0,2.0,6,184.4,11,1,1,0,0.0,184.4,184.4,1,0.0,Detractor,0
17682,0,0,1,6.0,7,2082.83,44,5,5,1,15.0,2067.83,416.566,6,0.16666666666666666,Detractor,1
17684,0,0,0,7.0,8,239.41,15,1,1,0,0.0,239.41,239.41,1,0.0,Passive,0
17685,1,4,0,5.0,5,2692.81,83,5,5,0,0.0,2692.81,538.562,5,0.0,Detractor,0
17686,0,3,0,5.0,5,5739.46,205,7,5,0,0.0,5739.46,819.9228571428572,7,0.0,Detractor,0
17690,1,1,1,3.0,2,4038.9,174,11,11,1,9.5,4029.4,367.1727272727273,12,0.08333333333333333,Detractor,1
17692,0,3,1,5.0,5,397.68,13,3,3,1,7.5,390.18,132.56,4,0.25,Detractor,1
17693,0,3,0,4.0,8,200.47,16,1,1,2,13.45,187.02,200.47,3,0.6666666666666666,Detractor,1
17694,1,2,0,9.0,5,283.12,15,1,1,0,0.0,283.12,283.12,1,0.0,Promoter,0
17695,0,3,1,1.0,4,765.34,30,2,2,0,0.0,765.34,382.67,2,0.0,Detractor,0
17696,0,3,0,3.0,3,2110.11,74,6,6,6,84.66000000000001,2025.45,351.685,12,0.5,Detractor,1
17697,1,3,1,6.0,4,338.95,19,1,1,0,0.0,338.95,338.95,1,0.0,Detractor,0
17698,0,5,1,1.0,3,154.95,8,1,1,0,0.0,154.95,154.95,1,0.0,Detractor,0
17700,0,4,1,1.0,5,2534.64,116,4,4,1,15.9,2518.74,633.66,5,0.2,Detractor,1
17701,0,1,1,2.0,2,417.95,24,1,1,0,0.0,417.95,417.95,1,0.0,Detractor,0
17702,1,0,0,6.0,4,1824.37,58,4,4,1,16.5,1807.87,456.0925,5,0.2,Detractor,1
17703,1,3,1,6.0,6,798.74,47,3,3,0,0.0,798.74,266.24666666666667,3,0.0,Detractor,0
17704,0,4,1,8.0,8,885.19,27,2,2,0,0.0,885.19,442.595,2,0.0,Passive,0
17705,1,3,0,8.0,8,1823.52,63,9,9,1,42.400000000000006,1781.12,202.61333333333334,10,0.1,Passive,1
17706,0,2,1,2.0,6,10026.66,253,14,11,5,407.12,9619.54,716.1899999999999,19,0.2631578947368421,Detractor,1
17707,0,3,1,8.0,7,152.4,3,2,2,0,0.0,152.4,76.2,2,0.0,Passive,0
17708,1,1,1,0.0,7,263.33,28,2,2,0,0.0,263.33,131.665,2,0.0,Detractor,0
17709,0,1,0,2.0,6,137.45,7,1,1,0,0.0,137.45,137.45,1,0.0,Detractor,0
17711,0,3,1,3.0,8,385.1,22,2,2,0,0.0,385.1,192.55,2,0.0,Detractor,0
17712,1,0,0,4.0,7,522.91,29,1,1,0,0.0,522.91,522.91,1,0.0,Detractor,0
17714,0,1,1,5.0,8,153.0,10,1,1,0,0.0,153.0,153.0,1,0.0,Detractor,0
17715,0,5,0,5.0,5,326.4,1,1,1,0,0.0,326.4,326.4,1,0.0,Detractor,0
17716,0,3,0,0.0,3,5655.99,171,11,9,1,150.2,5505.79,514.180909090909,12,0.08333333333333333,Detractor,1
17718,0,4,1,6.0,3,139.35,6,1,1,0,0.0,139.35,139.35,1,0.0,Detractor,0
17719,0,1,0,2.0,3,5396.04,111,15,15,3,28.240000000000002,5367.8,359.736,18,0.16666666666666666,Detractor,1
17720,0,3,1,0.0,8,1093.94,39,3,3,0,0.0,1093.94,364.6466666666667,3,0.0,Detractor,0
17722,0,4,1,6.0,4,1513.9,68,3,3,1,13.399999999999999,1500.5,504.6333333333334,4,0.25,Detractor,1
17723,0,3,0,3.0,4,3276.4000000000005,4,6,6,0,0.0,3276.4000000000005,546.0666666666667,6,0.0,Detractor,0
17724,0,5,0,2.0,4,1033.0,38,3,3,1,37.35,995.6500000000001,344.3333333333333,4,0.25,Detractor,1
17725,0,4,1,6.0,3,3439.08,115,11,11,3,67.95,3371.13,312.64363636363635,14,0.21428571428571427,Detractor,1
17727,0,1,0,8.0,4,1060.25,66,1,1,1,17.700000000000003,1042.55,1060.25,2,0.5,Passive,1
17728,0,4,1,7.0,5,2876.01,153,3,3,2,360.3299999999999,2515.68,958.6700000000001,5,0.4,Passive,1
17730,1,2,0,9.0,2,5298.4800000000005,127,13,13,2,9.65,5288.83,407.5753846153847,15,0.13333333333333333,Promoter,1
17731,1,2,1,5.0,2,1240.11,54,4,3,1,361.90999999999997,878.2,310.0275,5,0.2,Detractor,1
17733,1,1,1,0.0,8,692.19,33,2,2,0,0.0,692.19,346.095,2,0.0,Detractor,0
17734,0,3,1,5.0,5,700.63,40,3,3,0,0.0,700.63,233.54333333333332,3,0.0,Detractor,0
17735,1,3,1,5.0,5,12655.42,313,18,17,0,0.0,12655.42,703.0788888888889,18,0.0,Detractor,0
17736,1,2,0,8.0,4,377.44,24,3,3,1,39.95,337.49,125.81333333333333,4,0.25,Passive,1
17737,1,3,1,2.0,8,168.24,8,2,2,0,0.0,168.24,84.12,2,0.0,Detractor,0
17738,1,4,1,6.0,5,1879.05,89,4,3,1,15.7,1863.35,469.7625,5,0.2,Detractor,1
17739,1,4,1,1.0,2,2431.29,26,6,6,1,5.300000000000001,2425.9900000000002,405.215,7,0.14285714285714285,Detractor,1
17742,0,4,1,2.0,7,355.11,13,2,2,0,0.0,355.11,177.555,2,0.0,Detractor,0
17744,0,3,0,4.0,3,1944.8799999999999,101,5,5,1,31.32,1913.56,388.976,6,0.16666666666666666,Detractor,1
17746,1,3,1,3.0,6,110.25,6,1,1,1,11.45,98.8,110.25,2,0.5,Detractor,1
17747,1,4,0,9.0,3,71.4,1,1,1,1,6.75,64.65,71.4,2,0.5,Promoter,1
17749,0,1,0,4.0,3,674.52,33,2,2,0,0.0,674.52,337.26,2,0.0,Detractor,0
17750,1,4,1,9.0,8,1710.45,101,9,9,0,0.0,1710.45,190.05,9,0.0,Promoter,0
17754,0,3,0,4.0,5,1664.65,82,5,5,1,32.34,1632.31,332.93,6,0.16666666666666666,Detractor,1
17757,1,2,0,1.0,7,5027.59,263,26,26,1,19.8,5007.79,193.36884615384616,27,0.037037037037037035,Detractor,1
17758,1,3,1,6.0,7,3408.2000000000003,310,8,6,0,0.0,3408.2000000000003,426.02500000000003,8,0.0,Detractor,0
17759,0,1,1,5.0,8,819.96,82,3,2,0,0.0,819.96,273.32,3,0.0,Detractor,0
17760,1,3,1,2.0,6,115.05,16,1,1,0,0.0,115.05,115.05,1,0.0,Detractor,0
17761,1,5,0,3.0,3,712.78,19,1,1,0,0.0,712.78,712.78,1,0.0,Detractor,0
17763,1,3,1,4.0,6,15.0,1,1,1,0,0.0,15.0,15.0,1,0.0,Detractor,0
17764,1,2,0,8.0,8,772.55,71,2,2,0,0.0,772.55,386.275,2,0.0,Passive,0
17765,0,3,0,6.0,5,367.63,51,3,3,0,0.0,367.63,122.54333333333334,3,0.0,Detractor,0
17767,1,4,1,8.0,4,271.2,21,1,1,0,0.0,271.2,271.2,1,0.0,Passive,0
17768,0,2,1,3.0,8,2081.9,77,3,3,0,0.0,2081.9,693.9666666666667,3,0.0,Detractor,0
17769,0,3,0,3.0,2,3957.43,200,10,10,2,37.35,3920.08,395.743,12,0.16666666666666666,Detractor,1
17770,0,3,1,7.0,4,1143.27,33,5,4,0,0.0,1143.27,228.654,5,0.0,Passive,0
17771,1,1,1,10.0,9,245.81,51,2,2,0,0.0,245.81,122.905,2,0.0,Promoter,0
17772,1,2,0,8.0,5,173.45,50,2,1,0,0.0,173.45,86.725,2,0.0,Passive,0
17774,0,5,0,6.0,2,1213.73,123,4,4,1,9.95,1203.78,303.4325,5,0.2,Detractor,1
17775,0,3,1,7.0,6,56.4,3,1,1,0,0.0,56.4,56.4,1,0.0,Passive,0
17777,0,3,1,7.0,2,647.56,141,3,3,0,0.0,647.56,215.85333333333332,3,0.0,Passive,0
17779,0,4,1,4.0,4,650.32,73,3,3,2,16.4,633.92,216.77333333333334,5,0.4,Detractor,1
17781,0,0,0,0.0,9,188.02,12,2,2,0,0.0,188.02,94.01,2,0.0,Detractor,0
17783,0,3,0,6.0,6,283.47,67,2,2,0,0.0,283.47,141.735,2,0.0,Detractor,0
17785,1,2,1,7.0,8,131.94,13,1,1,0,0.0,131.94,131.94,1,0.0,Passive,0
17786,0,1,1,3.0,3,266.85,57,2,2,0,0.0,266.85,133.425,2,0.0,Detractor,0
17787,1,0,1,9.0,6,1081.26,75,3,3,0,0.0,1081.26,360.42,3,0.0,Promoter,0
17788,0,4,1,2.0,5,1117.9,3,2,2,0,0.0,1117.9,558.95,2,0.0,Detractor,0
17789,0,4,1,2.0,2,225.9,14,1,1,0,0.0,225.9,225.9,1,0.0,Detractor,0
17790,1,2,1,5.0,7,1564.75,119,9,9,0,0.0,1564.75,173.86111111111111,9,0.0,Detractor,0
17791,1,1,1,6.0,6,106.1,10,1,1,0,0.0,106.1,106.1,1,0.0,Detractor,0
17793,0,3,0,8.0,3,300.34,49,1,1,0,0.0,300.34,300.34,1,0.0,Passive,0
17795,0,3,1,2.0,3,342.83,43,2,2,0,0.0,342.83,171.415,2,0.0,Detractor,0
17796,0,5,1,8.0,6,575.35,51,3,3,0,0.0,575.35,191.78333333333333,3,0.0,Passive,0
17797,0,4,1,0.0,8,780.43,102,3,2,0,0.0,780.43,260.1433333333333,3,0.0,Detractor,0
17799,1,4,1,4.0,2,2815.69,263,9,8,1,29.849999999999998,2785.84,312.8544444444444,10,0.1,Detractor,1
17800,1,5,1,2.0,8,1187.21,51,9,9,0,0.0,1187.21,131.91222222222223,9,0.0,Detractor,0
17802,0,3,1,7.0,3,1184.84,100,2,2,1,33.2,1151.64,592.42,3,0.3333333333333333,Passive,1
17805,1,2,0,1.0,3,512.31,10,1,1,0,0.0,512.31,512.31,1,0.0,Detractor,0
17806,0,5,0,6.0,7,546.04,43,1,1,0,0.0,546.04,546.04,1,0.0,Detractor,0
17809,1,2,0,3.0,9,4160.41,37,9,8,3,784.29,3376.12,462.2677777777778,12,0.25,Detractor,1
17811,0,4,0,5.0,3,7761.82,359,39,38,12,160.02,7601.8,199.02102564102563,51,0.23529411764705882,Detractor,1
17812,1,2,1,5.0,5,506.51,91,3,3,0,0.0,506.51,168.83666666666667,3,0.0,Detractor,0
17813,1,2,0,7.0,4,1698.07,297,5,5,2,56.279999999999994,1641.79,339.614,7,0.2857142857142857,Passive,1
17816,0,4,0,4.0,6,20.35,6,3,3,0,0.0,20.35,6.783333333333334,3,0.0,Detractor,0
17817,0,4,0,4.0,7,387.68,32,3,2,0,0.0,387.68,129.22666666666666,3,0.0,Detractor,0
17819,1,2,0,8.0,4,2724.75,26,5,5,1,43.8,2680.95,544.95,6,0.16666666666666666,Passive,1
17820,0,2,1,2.0,2,0.0,0,0,0,1,7.1000000000000005,-7.1000000000000005,0.0,1,1.0,Detractor,1
17824,1,3,1,4.0,7,298.4,13,1,1,0,0.0,298.4,298.4,1,0.0,Detractor,0
17827,1,2,0,7.0,8,716.37,97,2,2,0,0.0,716.37,358.185,2,0.0,Passive,0
17830,1,4,0,2.0,6,398.7,18,3,3,0,0.0,398.7,132.9,3,0.0,Detractor,0
17831,0,3,1,3.0,5,35.400000000000006,2,1,1,0,0.0,35.400000000000006,35.400000000000006,1,0.0,Detractor,0
17832,1,3,0,7.0,6,155.37,61,1,1,0,0.0,155.37,155.37,1,0.0,Passive,0
17835,1,3,1,1.0,6,342.24,45,3,3,0,0.0,342.24,114.08,3,0.0,Detractor,0
17836,1,1,1,4.0,2,110.21000000000001,23,1,1,0,0.0,110.21000000000001,110.21000000000001,1,0.0,Detractor,0
17837,0,2,1,5.0,8,1541.23,110,8,8,2,32.85,1508.38,192.65375,10,0.2,Detractor,1
17838,1,3,1,10.0,4,1817.94,67,3,3,1,453.4000000000001,1364.54,605.98,4,0.25,Promoter,1
17839,0,2,0,5.0,3,318.15,50,1,1,0,0.0,318.15,318.15,1,0.0,Detractor,0
17841,0,0,0,3.0,4,38051.72,1293,118,106,43,641.2900000000001,37410.43,322.4722033898305,161,0.2670807453416149,Detractor,1
17843,0,1,0,4.0,2,205.48,36,1,1,0,0.0,205.48,205.48,1,0.0,Detractor,0
17846,0,4,0,6.0,6,2033.1,1,1,1,0,0.0,2033.1,2033.1,1,0.0,Detractor,0
17848,1,2,1,10.0,9,803.9,37,8,8,0,0.0,803.9,100.4875,8,0.0,Promoter,0
17849,1,0,0,3.0,4,605.8000000000001,14,4,4,0,0.0,605.8000000000001,151.45000000000002,4,0.0,Detractor,0
17850,1,3,0,10.0,4,0.0,0,0,0,1,87.73000000000002,-87.73,0.0,1,1.0,Promoter,1
17852,1,0,1,2.0,6,114.34,21,2,1,0,0.0,114.34,57.17,2,0.0,Detractor,0
17854,0,4,0,0.0,3,311.26,15,2,2,0,0.0,311.26,155.63,2,0.0,Detractor,0
17856,1,4,1,3.0,6,1418.03,12,4,4,2,24.240000000000002,1393.79,354.5075,6,0.3333333333333333,Detractor,1
17857,0,4,0,2.0,5,25538.34,18,21,18,2,115.69999999999999,25422.64,1216.1114285714286,23,0.08695652173913043,Detractor,1
17858,0,0,1,7.0,5,3598.81,89,10,10,0,0.0,3598.81,359.881,10,0.0,Passive,0
17859,0,3,0,1.0,4,141.92000000000002,23,1,1,0,0.0,141.92000000000002,141.92000000000002,1,0.0,Detractor,0
17861,0,3,1,7.0,9,2097.88,172,8,7,1,41.6,2056.28,262.235,9,0.1111111111111111,Passive,1
17862,0,5,0,1.0,2,330.9,11,1,1,0,0.0,330.9,330.9,1,0.0,Detractor,0
17863,0,5,1,6.0,6,2775.28,101,5,5,0,0.0,2775.28,555.056,5,0.0,Detractor,0
17864,1,0,1,7.0,5,554.85,70,3,3,0,0.0,554.85,184.95000000000002,3,0.0,Passive,0
17865,1,2,1,1.0,8,9446.49,176,18,14,7,367.78,9078.710000000001,524.805,25,0.28,Detractor,1
17866,1,2,1,3.0,8,329.65,9,1,1,1,3.95,325.7,329.65,2,0.5,Detractor,1
17867,1,3,1,7.0,6,1157.8700000000001,62,6,4,2,574.35,583.52,192.97833333333335,8,0.25,Passive,1
17869,1,4,1,2.0,7,213.86,22,4,3,0,0.0,213.86,53.465,4,0.0,Detractor,0
17870,1,2,1,2.0,8,1539.49,213,11,8,1,4.95,1534.54,139.95363636363638,12,0.08333333333333333,Detractor,1
17871,1,0,0,2.0,5,155.9,10,1,1,0,0.0,155.9,155.9,1,0.0,Detractor,0
17873,1,1,1,3.0,9,1644.0100000000002,17,4,4,1,94.80000000000001,1549.21,411.00250000000005,5,0.2,Detractor,1
17874,0,4,1,1.0,6,683.46,37,6,3,1,25.200000000000003,658.26,113.91000000000001,7,0.14285714285714285,Detractor,1
17877,0,1,1,5.0,4,237.61,12,1,1,0,0.0,237.61,237.61,1,0.0,Detractor,0
17878,0,2,1,4.0,4,379.45,26,1,1,0,0.0,379.45,379.45,1,0.0,Detractor,0
17879,0,3,1,1.0,4,178.51999999999998,6,1,1,0,0.0,178.51999999999998,178.51999999999998,1,0.0,Detractor,0
17881,0,2,1,1.0,3,133.35000000000002,8,1,1,0,0.0,133.35000000000002,133.35000000000002,1,0.0,Detractor,0
17883,0,0,1,6.0,7,664.34,133,4,4,0,0.0,664.34,166.085,4,0.0,Detractor,0
17884,1,1,1,10.0,5,372.55,50,2,2,0,0.0,372.55,186.275,2,0.0,Promoter,0
17885,0,3,1,4.0,7,156.34,50,1,1,0,0.0,156.34,156.34,1,0.0,Detractor,0
17886,0,4,1,1.0,5,869.28,93,3,3,0,0.0,869.28,289.76,3,0.0,Detractor,0
17887,0,2,0,3.0,2,111.35,10,1,1,0,0.0,111.35,111.35,1,0.0,Detractor,0
17888,1,5,0,6.0,3,686.57,57,7,7,2,200.27,486.3,98.08142857142857,9,0.2222222222222222,Detractor,1
17889,1,2,1,8.0,3,201.37,20,2,2,0,0.0,201.37,100.685,2,0.0,Passive,0
17890,1,5,0,6.0,2,123.88,29,1,1,0,0.0,123.88,123.88,1,0.0,Detractor,0
17891,0,2,1,8.0,8,203.85999999999999,34,1,1,0,0.0,203.85999999999999,203.85999999999999,1,0.0,Passive,0
17892,0,1,0,4.0,5,244.1,27,3,3,0,0.0,244.1,81.36666666666666,3,0.0,Detractor,0
17893,1,1,1,6.0,5,107.21,15,1,1,0,0.0,107.21,107.21,1,0.0,Detractor,0
17894,0,5,1,8.0,6,603.96,82,4,4,0,0.0,603.96,150.99,4,0.0,Passive,0
17895,0,2,1,8.0,9,95.45,15,1,1,0,0.0,95.45,95.45,1,0.0,Passive,0
17896,1,1,1,8.0,8,256.32,2,1,1,0,0.0,256.32,256.32,1,0.0,Passive,0
17897,1,0,1,7.0,7,131.14,38,1,1,0,0.0,131.14,131.14,1,0.0,Passive,0
17898,1,2,1,8.0,8,152.06,27,2,2,0,0.0,152.06,76.03,2,0.0,Passive,0
17899,1,2,0,5.0,6,154.55,29,1,1,0,0.0,154.55,154.55,1,0.0,Detractor,0
17900,0,2,0,3.0,9,112.19999999999999,4,2,1,2,97.19999999999999,15.0,56.099999999999994,4,0.5,Detractor,1
17901,0,2,0,1.0,6,110.38,19,1,1,0,0.0,110.38,110.38,1,0.0,Detractor,0
17904,0,5,0,0.0,5,181.07,33,1,1,1,12.75,168.32,181.07,2,0.5,Detractor,1
17905,1,2,0,1.0,4,406.09000000000003,6,2,2,0,0.0,406.09000000000003,203.04500000000002,2,0.0,Detractor,0
17906,1,1,1,8.0,7,72.9,12,1,1,0,0.0,72.9,72.9,1,0.0,Passive,0
17911,0,3,1,6.0,3,366.23,39,1,1,0,0.0,366.23,366.23,1,0.0,Detractor,0
17912,1,4,1,3.0,8,21.6,2,1,1,0,0.0,21.6,21.6,1,0.0,Detractor,0
17913,1,2,1,3.0,6,190.6,25,1,1,0,0.0,190.6,190.6,1,0.0,Detractor,0
17914,1,4,1,10.0,7,329.36,72,1,1,0,0.0,329.36,329.36,1,0.0,Promoter,0
17917,1,3,1,10.0,7,227.87,56,2,2,0,0.0,227.87,113.935,2,0.0,Promoter,0
17919,1,5,1,8.0,6,1304.04,23,1,1,0,0.0,1304.04,1304.04,1,0.0,Passive,0
17920,1,5,0,8.0,8,3444.54,362,15,15,0,0.0,3444.54,229.636,15,0.0,Passive,0
17921,0,5,1,3.0,2,820.23,114,4,4,0,0.0,820.23,205.0575,4,0.0,Detractor,0
17923,1,3,0,0.0,3,207.50000000000003,1,1,1,0,0.0,207.50000000000003,207.50000000000003,1,0.0,Detractor,0
17924,1,3,0,9.0,7,2683.5,25,6,4,4,36.42,2647.08,447.25,10,0.4,Promoter,1
17926,0,3,1,2.0,5,397.29,17,2,2,0,0.0,397.29,198.645,2,0.0,Detractor,0
17928,0,3,1,6.0,2,212.54,23,2,2,0,0.0,212.54,106.27,2,0.0,Detractor,0
17929,1,5,0,3.0,4,843.0,4,4,4,1,8.5,834.5,210.75,5,0.2,Detractor,1
17930,0,5,0,5.0,3,1740.48,26,5,5,0,0.0,1740.48,348.096,5,0.0,Detractor,0
17931,0,0,1,1.0,8,408.36,63,2,2,0,0.0,408.36,204.18,2,0.0,Detractor,0
17932,0,2,0,6.0,7,1331.57,84,3,3,0,0.0,1331.57,443.8566666666666,3,0.0,Detractor,0
17934,0,1,1,8.0,6,704.25,21,2,2,0,0.0,704.25,352.125,2,0.0,Passive,0
17935,1,1,0,10.0,2,145.79,28,2,2,0,0.0,145.79,72.895,2,0.0,Promoter,0
17936,0,4,1,3.0,8,380.13,68,1,1,0,0.0,380.13,380.13,1,0.0,Detractor,0
17937,0,0,1,6.0,3,2147.34,14,5,5,0,0.0,2147.34,429.468,5,0.0,Detractor,0
17939,0,5,1,6.0,7,99.14,12,1,1,0,0.0,99.14,99.14,1,0.0,Detractor,0
17940,0,4,1,1.0,6,4020.04,6,10,9,4,2122.8599999999997,1897.18,402.004,14,0.2857142857142857,Detractor,1
17941,0,4,0,8.0,6,304.56,2,1,1,0,0.0,304.56,304.56,1,0.0,Passive,0
17942,0,1,1,7.0,6,77.50000000000001,2,1,1,0,0.0,77.50000000000001,77.50000000000001,1,0.0,Passive,0
17946,0,2,0,2.0,2,149.57999999999998,18,2,2,0,0.0,149.57999999999998,74.78999999999999,2,0.0,Detractor,0
17947,0,4,0,5.0,8,176.68,9,1,1,0,0.0,176.68,176.68,1,0.0,Detractor,0
17948,0,5,0,7.0,6,358.56000000000006,1,1,1,0,0.0,358.56000000000006,358.56000000000006,1,0.0,Passive,0
17949,1,4,1,8.0,5,57196.48,29,44,28,7,5759.64,51436.84,1299.92,51,0.13725490196078433,Passive,1
17950,1,4,0,5.0,5,219.03,30,1,1,0,0.0,219.03,219.03,1,0.0,Detractor,0
17951,1,3,1,2.0,5,599.0400000000001,11,1,1,0,0.0,599.0400000000001,599.0400000000001,1,0.0,Detractor,0
17954,1,4,0,6.0,9,2185.45,316,10,10,2,7.5,2177.95,218.545,12,0.16666666666666666,Detractor,1
17955,0,0,1,3.0,8,557.3,14,4,3,0,0.0,557.3,139.325,4,0.0,Detractor,0
17956,0,1,0,3.0,4,12.75,1,1,1,0,0.0,12.75,12.75,1,0.0,Detractor,0
17957,1,5,1,5.0,7,111.68,31,1,1,0,0.0,111.68,111.68,1,0.0,Detractor,0
17958,0,3,0,5.0,3,508.4599999999999,7,1,1,0,0.0,508.4599999999999,508.4599999999999,1,0.0,Detractor,0
17960,1,1,1,9.0,4,73.78,26,1,1,0,0.0,73.78,73.78,1,0.0,Promoter,0
17961,0,4,0,5.0,3,726.6899999999999,146,36,33,0,0.0,726.6899999999999,20.18583333333333,36,0.0,Detractor,0
17962,0,3,1,3.0,4,102.41,33,1,1,0,0.0,102.41,102.41,1,0.0,Detractor,0
17964,0,4,1,0.0,7,201.45,53,1,1,0,0.0,201.45,201.45,1,0.0,Detractor,0
17965,1,3,1,3.0,5,2448.64,260,12,11,0,0.0,2448.64,204.0533333333333,12,0.0,Detractor,0
17966,0,4,1,7.0,3,1098.43,53,5,4,0,0.0,1098.43,219.686,5,0.0,Passive,0
17969,1,3,0,2.0,6,103.0,7,1,1,0,0.0,103.0,103.0,1,0.0,Detractor,0
17970,0,3,1,4.0,3,562.79,27,1,1,0,0.0,562.79,562.79,1,0.0,Detractor,0
17972,0,1,1,7.0,5,135.19,30,1,1,0,0.0,135.19,135.19,1,0.0,Passive,0
17973,1,4,0,4.0,4,337.04,15,1,1,0,0.0,337.04,337.04,1,0.0,Detractor,0
17974,0,1,1,2.0,4,703.99,143,3,3,0,0.0,703.99,234.66333333333333,3,0.0,Detractor,0
17975,0,1,1,5.0,2,3861.77,179,11,11,1,95.2,3766.57,351.07,12,0.08333333333333333,Detractor,1
17977,0,3,1,8.0,5,288.14,19,1,1,0,0.0,288.14,288.14,1,0.0,Passive,0
17979,0,4,0,1.0,5,732.41,116,4,3,1,19.9,712.51,183.1025,5,0.2,Detractor,1
17980,0,3,0,4.0,4,516.25,12,2,2,0,0.0,516.25,258.125,2,0.0,Detractor,0
17984,0,1,0,8.0,5,152.68,48,1,1,0,0.0,152.68,152.68,1,0.0,Passive,0
17985,0,5,1,5.0,2,631.35,20,1,1,0,0.0,631.35,631.35,1,0.0,Detractor,0
17986,1,2,1,7.0,4,20.8,1,1,1,0,0.0,20.8,20.8,1,0.0,Passive,0
17987,0,0,0,6.0,9,198.57,13,1,1,0,0.0,198.57,198.57,1,0.0,Detractor,0
17988,1,4,1,3.0,3,201.12,37,7,5,1,9.95,191.17000000000002,28.731428571428573,8,0.125,Detractor,1
17990,1,0,1,9.0,6,314.84000000000003,17,1,1,0,0.0,314.84000000000003,314.84000000000003,1,0.0,Promoter,0
17991,1,4,0,10.0,5,93.35,4,2,2,0,0.0,93.35,46.675,2,0.0,Promoter,0
17994,1,1,0,5.0,7,674.89,63,4,4,2,48.8,626.09,168.7225,6,0.3333333333333333,Detractor,1
17995,0,2,0,5.0,5,76.1,2,1,1,0,0.0,76.1,76.1,1,0.0,Detractor,0
17997,1,2,1,5.0,5,1962.46,133,8,8,4,459.37000000000006,1503.09,245.3075,12,0.3333333333333333,Detractor,1
17999,0,2,1,2.0,2,190.05,51,1,1,0,0.0,190.05,190.05,1,0.0,Detractor,0
18001,0,5,0,5.0,9,415.13,56,2,2,0,0.0,415.13,207.565,2,0.0,Detractor,0
18005,1,2,1,6.0,6,226.47,52,2,2,0,0.0,226.47,113.235,2,0.0,Detractor,0
18006,0,1,0,2.0,3,444.68,21,1,1,0,0.0,444.68,444.68,1,0.0,Detractor,0
18008,0,0,0,5.0,6,2116.19,24,9,8,0,0.0,2116.19,235.13222222222223,9,0.0,Detractor,0
18009,0,4,0,8.0,8,247.39,31,1,1,1,5.1,242.29,247.39,2,0.5,Passive,1
18010,1,4,1,9.0,6,174.8,14,1,1,0,0.0,174.8,174.8,1,0.0,Promoter,0
18013,1,2,1,7.0,8,187.29,31,2,1,0,0.0,187.29,93.645,2,0.0,Passive,0
18014,0,0,0,2.0,2,162.22,29,1,1,0,0.0,162.22,162.22,1,0.0,Detractor,0
18015,0,0,0,2.0,2,120.03,46,1,1,0,0.0,120.03,120.03,1,0.0,Detractor,0
18016,0,3,0,2.0,3,1321.01,78,4,4,0,0.0,1321.01,330.2525,4,0.0,Detractor,0
18017,0,1,0,3.0,4,523.0,1,3,3,0,0.0,523.0,174.33333333333334,3,0.0,Detractor,0
18018,1,0,0,8.0,8,122.14,29,2,2,0,0.0,122.14,61.07,2,0.0,Passive,0
18019,1,4,0,8.0,6,38.45,5,1,1,0,0.0,38.45,38.45,1,0.0,Passive,0
18022,1,4,1,9.0,5,612.72,141,1,1,0,0.0,612.72,612.72,1,0.0,Promoter,0
18024,0,3,0,8.0,3,389.78,21,2,1,1,153.0,236.77999999999997,194.89,3,0.3333333333333333,Passive,1
18027,0,4,0,2.0,6,115.31,21,1,1,0,0.0,115.31,115.31,1,0.0,Detractor,0
18030,0,0,1,6.0,7,230.64999999999998,8,2,2,1,9.95,220.7,115.32499999999999,3,0.3333333333333333,Detractor,1
18032,0,0,0,7.0,8,73.5,5,1,1,0,0.0,73.5,73.5,1,0.0,Passive,0
18033,1,4,0,5.0,5,93.82000000000001,32,1,1,0,0.0,93.82000000000001,93.82000000000001,1,0.0,Detractor,0
18034,0,3,0,5.0,5,418.68,99,2,1,0,0.0,418.68,209.34,2,0.0,Detractor,0
18035,1,1,1,3.0,2,713.89,44,3,2,0,0.0,713.89,237.96333333333334,3,0.0,Detractor,0
18036,0,3,1,5.0,5,403.12,77,3,3,0,0.0,403.12,134.37333333333333,3,0.0,Detractor,0
18037,0,3,0,4.0,8,38.72,13,5,5,0,0.0,38.72,7.744,5,0.0,Detractor,0
18040,1,2,0,9.0,5,357.20000000000005,18,2,2,0,0.0,357.20000000000005,178.60000000000002,2,0.0,Promoter,0
18041,0,3,1,1.0,4,3482.48,236,18,18,1,22.25,3460.23,193.4711111111111,19,0.05263157894736842,Detractor,1
18042,0,3,0,3.0,3,165.04999999999998,7,1,1,0,0.0,165.04999999999998,165.04999999999998,1,0.0,Detractor,0
18043,1,3,1,6.0,4,241.38,49,2,2,0,0.0,241.38,120.69,2,0.0,Detractor,0
18044,0,5,1,1.0,3,2014.3500000000001,84,9,9,1,2.95,2011.4,223.8166666666667,10,0.1,Detractor,1
18045,0,4,1,1.0,5,178.34,43,1,1,0,0.0,178.34,178.34,1,0.0,Detractor,0
18048,0,1,1,2.0,2,172.29000000000002,6,2,1,0,0.0,172.29000000000002,86.14500000000001,2,0.0,Detractor,0
18053,1,0,0,6.0,4,300.02,20,1,1,1,2.95,297.07,300.02,2,0.5,Detractor,1
18055,1,3,1,6.0,6,5010.22,181,7,7,1,32.050000000000004,4978.17,715.7457142857144,8,0.125,Detractor,1
18056,0,4,1,8.0,8,363.65,19,1,1,0,0.0,363.65,363.65,1,0.0,Passive,0
18058,1,3,0,8.0,8,170.16,3,1,1,0,0.0,170.16,170.16,1,0.0,Passive,0
18059,0,2,1,2.0,6,306.46,17,3,3,1,9.75,296.71,102.15333333333332,4,0.25,Detractor,1
18061,0,3,1,8.0,7,1714.25,17,9,9,0,0.0,1714.25,190.47222222222223,9,0.0,Passive,0
18062,1,1,1,0.0,7,720.52,23,3,3,0,0.0,720.52,240.17333333333332,3,0.0,Detractor,0
18064,0,1,0,2.0,6,814.0,7,2,2,0,0.0,814.0,407.0,2,0.0,Detractor,0
18065,0,3,1,3.0,8,2047.81,93,12,5,0,0.0,2047.81,170.65083333333334,12,0.0,Detractor,0
18066,1,0,0,4.0,7,318.0,10,1,1,0,0.0,318.0,318.0,1,0.0,Detractor,0
18067,0,1,1,5.0,8,396.33,36,1,1,0,0.0,396.33,396.33,1,0.0,Detractor,0
18068,0,5,0,5.0,5,101.69999999999999,1,1,1,0,0.0,101.69999999999999,101.69999999999999,1,0.0,Detractor,0
18069,0,3,0,0.0,3,2009.24,334,5,5,2,14.850000000000001,1994.39,401.848,7,0.2857142857142857,Detractor,1
18071,0,4,1,6.0,3,194.05,11,1,1,0,0.0,194.05,194.05,1,0.0,Detractor,0
18072,0,1,0,2.0,3,247.44,18,1,1,1,247.44,-5.329070518200751e-15,247.44,2,0.5,Detractor,1
18073,0,3,1,0.0,8,3859.82,23,12,10,1,13.08,3846.7400000000002,321.6516666666667,13,0.07692307692307693,Detractor,1
18075,0,4,1,6.0,4,2412.8,93,9,9,3,62.480000000000004,2350.32,268.0888888888889,12,0.25,Detractor,1
18077,0,3,0,3.0,4,2188.08,88,9,9,0,0.0,2188.08,243.12,9,0.0,Detractor,0
18078,0,5,0,2.0,4,336.13,27,2,2,0,0.0,336.13,168.065,2,0.0,Detractor,0
18079,0,4,1,6.0,3,3613.15,99,4,3,0,0.0,3613.15,903.2875,4,0.0,Detractor,0
18080,0,1,0,8.0,4,1231.5,2,2,2,0,0.0,1231.5,615.75,2,0.0,Passive,0
18081,0,4,1,7.0,5,343.45,14,3,3,0,0.0,343.45,114.48333333333333,3,0.0,Passive,0
18082,1,2,0,9.0,2,680.84,62,1,1,0,0.0,680.84,680.84,1,0.0,Promoter,0
18084,1,2,1,5.0,2,90.47999999999999,1,1,1,1,2.95,87.52999999999999,90.47999999999999,2,0.5,Detractor,1
18085,1,1,1,0.0,8,386.05,20,1,1,0,0.0,386.05,386.05,1,0.0,Detractor,0
18086,0,3,1,5.0,5,101.34,7,1,1,0,0.0,101.34,101.34,1,0.0,Detractor,0
18087,1,3,1,5.0,5,4055.7199999999993,2,2,2,2,285.6,3770.1199999999994,2027.8599999999997,4,0.5,Detractor,1
18088,1,2,0,8.0,4,166.03,35,1,1,0,0.0,166.03,166.03,1,0.0,Passive,0
18092,1,3,1,2.0,8,6215.62,27,8,7,1,2.5,6213.12,776.9525,9,0.1111111111111111,Detractor,1
18093,1,4,1,6.0,5,2106.52,31,4,4,1,23.1,2083.42,526.63,5,0.2,Detractor,1
18094,1,4,1,1.0,2,3017.3,39,7,5,0,0.0,3017.3,431.04285714285714,7,0.0,Detractor,0
18095,0,4,1,2.0,7,580.0500000000001,20,2,2,0,0.0,580.0500000000001,290.02500000000003,2,0.0,Detractor,0
18096,0,3,0,4.0,3,849.06,157,3,3,0,0.0,849.06,283.02,3,0.0,Detractor,0
18097,1,3,1,3.0,6,2479.88,64,5,4,1,4.95,2474.93,495.976,6,0.16666666666666666,Detractor,1
18099,1,4,0,9.0,3,168.31,19,1,1,0,0.0,168.31,168.31,1,0.0,Promoter,0
18101,0,1,0,4.0,3,222.4,37,2,2,0,0.0,222.4,111.2,2,0.0,Detractor,0
18102,1,4,1,9.0,8,231822.69,145,56,24,2,3218.81,228603.88,4139.690892857143,58,0.034482758620689655,Promoter,1
18104,0,3,0,4.0,5,754.64,38,1,1,0,0.0,754.64,754.64,1,0.0,Detractor,0
18105,1,2,0,1.0,7,113.48000000000002,18,1,1,0,0.0,113.48000000000002,113.48000000000002,1,0.0,Detractor,0
18106,1,3,1,6.0,7,421.9,33,1,1,0,0.0,421.9,421.9,1,0.0,Detractor,0
18108,0,1,1,5.0,8,271.0,17,1,1,1,6.35,264.65,271.0,2,0.5,Detractor,1
18109,1,3,1,2.0,6,7452.17,115,24,23,5,127.64999999999999,7324.52,310.50708333333336,29,0.1724137931034483,Detractor,1
18110,1,5,0,3.0,3,198.8,33,1,1,1,30.25,168.55,198.8,2,0.5,Detractor,1
18112,1,3,1,4.0,6,352.69,26,2,2,0,0.0,352.69,176.345,2,0.0,Detractor,0
18114,1,2,0,8.0,8,220.1,28,1,1,0,0.0,220.1,220.1,1,0.0,Passive,0
18116,0,3,0,6.0,5,741.74,162,5,5,0,0.0,741.74,148.348,5,0.0,Detractor,0
18117,1,4,1,8.0,4,315.65,68,1,1,0,0.0,315.65,315.65,1,0.0,Passive,0
18118,0,2,1,3.0,8,5020.32,369,24,24,5,58.05,4962.27,209.17999999999998,29,0.1724137931034483,Detractor,1
18120,0,3,0,3.0,2,111.15,17,1,1,0,0.0,111.15,111.15,1,0.0,Detractor,0
18121,0,3,1,7.0,4,653.3,28,2,2,0,0.0,653.3,326.65,2,0.0,Passive,0
18122,1,1,1,10.0,9,1793.06,239,6,6,0,0.0,1793.06,298.8433333333333,6,0.0,Promoter,0
18123,1,2,0,8.0,5,574.4399999999999,31,2,2,0,0.0,574.4399999999999,287.21999999999997,2,0.0,Passive,0
18125,0,5,0,6.0,2,1131.75,164,4,4,1,1.65,1130.1,282.9375,5,0.2,Detractor,1
18126,0,3,1,7.0,6,200.92000000000002,52,1,1,0,0.0,200.92000000000002,200.92000000000002,1,0.0,Passive,0
18127,0,3,1,7.0,2,347.08,41,3,2,0,0.0,347.08,115.69333333333333,3,0.0,Passive,0
18129,0,4,1,4.0,4,112.55000000000001,13,1,1,0,0.0,112.55000000000001,112.55000000000001,1,0.0,Detractor,0
18130,0,0,0,0.0,9,1059.39,58,3,3,1,13.65,1045.74,353.13000000000005,4,0.25,Detractor,1
18133,0,3,0,6.0,6,931.4999999999999,1,1,1,1,216.0,715.4999999999999,931.4999999999999,2,0.5,Detractor,1
18135,0,2,0,1.0,7,681.9100000000001,11,5,5,0,0.0,681.9100000000001,136.382,5,0.0,Detractor,0
18136,0,0,0,3.0,7,784.33,34,3,3,1,22.5,761.83,261.4433333333333,4,0.25,Detractor,1
18138,0,3,0,4.0,3,152.65,8,1,1,0,0.0,152.65,152.65,1,0.0,Detractor,0
18139,0,1,0,1.0,5,8438.34,35,6,2,2,45.120000000000005,8393.22,1406.39,8,0.25,Detractor,1
18142,0,3,0,6.0,8,1019.52,9,2,2,2,4.62,1014.9,509.76,4,0.5,Detractor,1
18143,0,5,0,6.0,7,1000.16,59,2,2,0,0.0,1000.16,500.08,2,0.0,Detractor,0
18144,0,5,1,6.0,3,2386.1,22,10,9,0,0.0,2386.1,238.60999999999999,10,0.0,Detractor,0
18145,0,2,0,8.0,8,2861.55,174,4,4,0,0.0,2861.55,715.3875,4,0.0,Passive,0
18146,0,2,0,3.0,5,160.35000000000002,10,2,2,0,0.0,160.35000000000002,80.17500000000001,2,0.0,Detractor,0
18147,0,2,0,5.0,3,179.33999999999997,7,2,2,0,0.0,179.33999999999997,89.66999999999999,2,0.0,Detractor,0
18149,0,2,0,6.0,4,612.0799999999999,11,3,3,0,0.0,612.0799999999999,204.02666666666664,3,0.0,Detractor,0
18150,0,4,0,5.0,8,566.58,29,3,3,0,0.0,566.58,188.86,3,0.0,Detractor,0
18151,0,2,1,3.0,5,653.35,38,2,2,0,0.0,653.35,326.675,2,0.0,Detractor,0
18154,0,3,1,3.0,8,399.19,15,2,2,0,0.0,399.19,199.595,2,0.0,Detractor,0
18155,0,3,0,4.0,7,371.62,19,3,3,1,23.799999999999997,347.82,123.87333333333333,4,0.25,Detractor,1
18156,0,0,1,0.0,9,488.76,68,1,1,0,0.0,488.76,488.76,1,0.0,Detractor,0
18158,0,4,1,4.0,6,453.4,24,2,2,1,1.65,451.75,226.7,3,0.3333333333333333,Detractor,1
18159,0,4,0,5.0,9,530.15,23,1,1,0,0.0,530.15,530.15,1,0.0,Detractor,0
18160,0,1,0,8.0,6,638.0600000000001,37,2,2,0,0.0,638.0600000000001,319.03000000000003,2,0.0,Passive,0
18161,0,2,1,6.0,7,1618.69,49,5,5,1,5.9,1612.79,323.738,6,0.16666666666666666,Detractor,1
18164,0,4,0,2.0,3,399.65000000000003,24,1,1,1,4.95,394.7,399.65000000000003,2,0.5,Detractor,1
18165,0,4,0,2.0,9,302.46000000000004,10,1,1,0,0.0,302.46000000000004,302.46000000000004,1,0.0,Detractor,0
18167,0,5,1,8.0,3,1384.8600000000001,24,3,3,3,29.349999999999998,1355.51,461.62000000000006,6,0.5,Passive,1
18168,1,1,1,7.0,4,710.1,77,4,4,1,11.4,698.7,177.525,5,0.2,Passive,1
18169,0,3,1,2.0,4,202.65,9,1,1,0,0.0,202.65,202.65,1,0.0,Detractor,0
18170,0,3,0,3.0,3,980.31,29,3,3,0,0.0,980.31,326.77,3,0.0,Detractor,0
18171,1,1,0,1.0,8,1231.31,43,5,5,2,22.8,1208.51,246.262,7,0.2857142857142857,Detractor,1
18172,1,4,0,7.0,7,7561.68,100,20,14,5,71.50999999999999,7490.17,378.084,25,0.2,Passive,1
18173,1,0,1,7.0,8,2106.84,23,4,4,0,0.0,2106.84,526.71,4,0.0,Passive,0
18174,0,1,1,0.0,7,104.0,1,1,1,0,0.0,104.0,104.0,1,0.0,Detractor,0
18177,1,1,1,3.0,9,1340.8700000000001,53,6,6,1,27.25,1313.6200000000001,223.47833333333335,7,0.14285714285714285,Detractor,1
18178,0,5,1,6.0,4,1290.16,70,3,3,2,17.4,1272.76,430.05333333333334,5,0.4,Detractor,1
18179,1,2,1,9.0,4,1793.17,86,6,6,0,0.0,1793.17,298.8616666666667,6,0.0,Promoter,0
18180,0,5,1,8.0,6,1843.75,108,6,6,0,0.0,1843.75,307.2916666666667,6,0.0,Passive,0
18181,1,0,1,9.0,6,366.85,40,1,1,0,0.0,366.85,366.85,1,0.0,Promoter,0
18183,0,5,0,8.0,6,632.07,36,2,2,4,31.549999999999997,600.52,316.035,6,0.6666666666666666,Passive,1
18184,1,2,1,9.0,7,49.8,1,1,1,0,0.0,49.8,49.8,1,0.0,Promoter,0
18185,1,3,1,4.0,9,304.25,17,1,1,0,0.0,304.25,304.25,1,0.0,Detractor,0
18188,0,3,0,5.0,2,2001.04,63,3,3,1,2.55,1998.49,667.0133333333333,4,0.25,Detractor,1
18189,0,3,1,8.0,8,1090.24,65,2,2,1,5.9,1084.34,545.12,3,0.3333333333333333,Passive,1
18190,1,3,1,7.0,5,284.46000000000004,14,2,2,1,9.95,274.51,142.23000000000002,3,0.3333333333333333,Passive,1
18191,1,0,1,6.0,8,207.79999999999998,7,1,1,0,0.0,207.79999999999998,207.79999999999998,1,0.0,Detractor,0
18192,0,3,1,5.0,3,957.97,45,1,1,0,0.0,957.97,957.97,1,0.0,Detractor,0
18193,1,3,1,1.0,5,243.76,16,1,1,1,9.95,233.81,243.76,2,0.5,Detractor,1
18194,1,0,1,2.0,2,973.8399999999999,7,1,1,1,77.84,896.0,973.8399999999999,2,0.5,Detractor,1
18196,0,0,1,7.0,4,686.63,131,2,2,0,0.0,686.63,343.315,2,0.0,Passive,0
18198,0,3,1,7.0,7,5425.56,81,17,17,4,342.5,5083.06,319.15058823529415,21,0.19047619047619047,Passive,1
18200,1,4,0,10.0,7,150.35,29,1,1,0,0.0,150.35,150.35,1,0.0,Promoter,0
18202,0,1,1,0.0,9,1396.99,55,3,2,0,0.0,1396.99,465.66333333333336,3,0.0,Detractor,0
18203,0,1,1,8.0,3,160.42000000000002,19,1,1,0,0.0,160.42000000000002,160.42000000000002,1,0.0,Passive,0
18204,1,0,1,9.0,6,1975.35,159,3,3,1,14.4,1960.95,658.4499999999999,4,0.25,Promoter,1
18205,1,2,1,0.0,4,517.36,30,2,2,0,0.0,517.36,258.68,2,0.0,Detractor,0
18209,0,2,1,7.0,7,139.10000000000002,8,1,1,0,0.0,139.10000000000002,139.10000000000002,1,0.0,Passive,0
18210,1,3,0,9.0,4,2621.38,109,6,6,0,0.0,2621.38,436.8966666666667,6,0.0,Promoter,0
18211,0,4,0,5.0,3,600.07,37,5,5,0,0.0,600.07,120.01400000000001,5,0.0,Detractor,0
18212,0,2,1,2.0,3,216.07,30,1,1,0,0.0,216.07,216.07,1,0.0,Detractor,0
18213,0,1,1,6.0,5,232.48000000000002,15,1,1,0,0.0,232.48000000000002,232.48000000000002,1,0.0,Detractor,0
18215,0,3,1,5.0,3,299.34000000000003,13,1,1,0,0.0,299.34000000000003,299.34000000000003,1,0.0,Detractor,0
18216,0,3,0,0.0,8,481.75,26,1,1,0,0.0,481.75,481.75,1,0.0,Detractor,0
18217,1,5,1,6.0,8,621.75,27,2,2,0,0.0,621.75,310.875,2,0.0,Detractor,0
18218,1,1,1,6.0,9,641.92,17,2,2,2,35.7,606.22,320.96,4,0.5,Detractor,1
18219,1,1,1,10.0,8,1679.71,48,8,7,1,50.0,1629.71,209.96375,9,0.1111111111111111,Promoter,1
18220,1,0,1,4.0,7,305.28000000000003,2,1,1,1,7.5,297.78000000000003,305.28000000000003,2,0.5,Detractor,1
18221,0,2,1,3.0,5,1041.61,59,5,5,1,8.3,1033.31,208.32199999999997,6,0.16666666666666666,Detractor,1
18222,1,4,1,10.0,9,443.0,19,1,1,0,0.0,443.0,443.0,1,0.0,Promoter,0
18223,0,3,0,2.0,5,5982.85,115,13,12,12,149.41,5833.4400000000005,460.2192307692308,25,0.48,Detractor,1
18224,1,4,1,1.0,6,158.95000000000002,10,1,1,0,0.0,158.95000000000002,158.95000000000002,1,0.0,Detractor,0
18225,1,4,0,3.0,3,5474.96,149,11,11,4,116.30000000000001,5358.66,497.7236363636364,15,0.26666666666666666,Detractor,1
18226,1,3,0,8.0,3,5228.05,141,11,11,3,35.95,5192.1,475.27727272727276,14,0.21428571428571427,Passive,1
18227,1,3,1,2.0,5,93.75,5,1,1,0,0.0,93.75,93.75,1,0.0,Detractor,0
18228,1,4,1,8.0,4,779.9,23,2,2,1,10.7,769.2,389.95,3,0.3333333333333333,Passive,1
18229,1,4,1,8.0,5,6623.7,65,18,18,0,0.0,6623.7,367.98333333333335,18,0.0,Passive,0
18230,0,3,0,3.0,3,2810.2000000000003,32,7,7,1,12.600000000000001,2797.6000000000004,401.4571428571429,8,0.125,Detractor,1
18231,0,1,0,5.0,2,2071.77,106,5,5,1,17.1,2054.67,414.354,6,0.16666666666666666,Detractor,1
18232,0,5,1,5.0,4,592.97,31,4,4,1,10.5,582.47,148.2425,5,0.2,Detractor,1
18233,0,0,0,8.0,7,440.0,1,1,1,0,0.0,440.0,440.0,1,0.0,Passive,0
18235,1,4,0,3.0,2,1796.48,100,3,3,0,0.0,1796.48,598.8266666666667,3,0.0,Detractor,0
18236,0,4,0,8.0,3,882.24,42,6,6,0,0.0,882.24,147.04,6,0.0,Passive,0
18237,0,0,1,0.0,3,987.1,40,5,5,0,0.0,987.1,197.42000000000002,5,0.0,Detractor,0
18239,1,4,0,5.0,2,1123.51,54,4,4,0,0.0,1123.51,280.8775,4,0.0,Detractor,0
18240,1,1,1,2.0,5,422.58,6,1,1,0,0.0,422.58,422.58,1,0.0,Detractor,0
18241,1,0,1,6.0,5,2073.09,60,17,17,1,15.0,2058.09,121.9464705882353,18,0.05555555555555555,Detractor,1
18242,1,1,1,6.0,2,2232.4900000000002,72,4,3,0,0.0,2232.4900000000002,558.1225000000001,4,0.0,Detractor,0
18245,1,1,1,4.0,8,2201.33,131,6,4,1,59.5,2141.83,366.8883333333333,7,0.14285714285714285,Detractor,1
18246,1,2,1,6.0,6,596.1,3,2,2,0,0.0,596.1,298.05,2,0.0,Detractor,0
18248,0,4,1,6.0,2,804.02,39,2,2,2,21.0,783.02,402.01,4,0.5,Detractor,1
18249,0,3,1,0.0,3,95.34,8,1,1,0,0.0,95.34,95.34,1,0.0,Detractor,0
18250,0,5,0,5.0,8,349.27,21,1,1,1,6.35,342.92,349.27,2,0.5,Detractor,1
18251,1,2,0,5.0,4,4314.72,16,1,1,0,0.0,4314.72,4314.72,1,0.0,Detractor,0
18252,0,3,0,2.0,4,518.27,90,2,2,0,0.0,518.27,259.135,2,0.0,Detractor,0
18255,0,3,0,1.0,5,103.3,6,1,1,0,0.0,103.3,103.3,1,0.0,Detractor,0
18257,0,4,0,7.0,8,2337.63,97,8,7,4,72.25000000000001,2265.38,292.20375,12,0.3333333333333333,Passive,1
18259,0,2,1,6.0,6,1962.3000000000002,24,2,2,0,0.0,1962.3000000000002,981.1500000000001,2,0.0,Detractor,0
18260,1,4,1,0.0,3,2397.65,81,5,5,2,48.2,2349.45,479.53000000000003,7,0.2857142857142857,Detractor,1
18261,1,5,1,2.0,2,324.24,19,2,2,0,0.0,324.24,162.12,2,0.0,Detractor,0
18262,1,2,0,0.0,8,149.48,13,1,1,0,0.0,149.48,149.48,1,0.0,Detractor,0
18263,1,0,1,7.0,6,1213.1599999999999,59,3,3,1,2.08,1211.08,404.3866666666666,4,0.25,Passive,1
18265,0,2,0,5.0,9,801.51,44,2,2,0,0.0,801.51,400.755,2,0.0,Detractor,0
18268,0,4,1,1.0,8,25.5,1,1,1,1,25.5,0.0,25.5,2,0.5,Detractor,1
18270,0,2,0,7.0,2,283.15,11,2,2,1,44.2,238.95000000000002,141.575,3,0.3333333333333333,Passive,1
18272,1,2,0,3.0,3,3078.58,99,6,6,1,13.8,3064.78,513.0966666666667,7,0.14285714285714285,Detractor,1
18273,0,1,0,2.0,4,204.0,1,3,3,0,0.0,204.0,68.0,3,0.0,Detractor,0
18274,0,5,1,2.0,9,175.92,11,1,1,1,175.92000000000002,1.7763568394002505e-15,175.92,2,0.5,Detractor,1
18276,0,3,1,2.0,5,335.86,14,1,1,2,12.5,323.36,335.86,3,0.6666666666666666,Detractor,1
18277,1,2,1,3.0,4,110.38,8,1,1,1,12.75,97.63,110.38,2,0.5,Detractor,1
18278,0,1,1,8.0,9,173.9,9,1,1,0,0.0,173.9,173.9,1,0.0,Passive,0
18280,1,3,0,7.0,7,180.60000000000002,10,1,1,0,0.0,180.60000000000002,180.60000000000002,1,0.0,Passive,0
18281,0,4,0,0.0,9,80.82,7,1,1,0,0.0,80.82,80.82,1,0.0,Detractor,0
18282,0,4,1,3.0,3,178.05,12,2,2,1,1.45,176.6,89.025,3,0.3333333333333333,Detractor,1
18283,0,5,1,6.0,3,2045.53,263,16,14,0,0.0,2045.53,127.845625,16,0.0,Detractor,0
18287,0,3,0,6.0,6,1837.28,59,3,3,0,0.0,1837.28,612.4266666666666,3,0.0,Detractor,0
